"Date","Open","High","Low","Close","Result ‌Weighted Close‌ (50,y)","RSI ‌rsi‌ (21,C)","RSI ‌rsi‌ (56)","RSI ‌rsi‌ (36)","Result ‌Typical Price‌ (28,n)","Volume","Result ‌Weighted Close‌ (21)"
"Wed Apr 15 2020 09:15:00 GMT+0530 (India Standard Time)","38.95","40.00","36.65","39.75","43.57","46.28","38.32","39.38","36.01","258180.00","35.30"
"Wed Apr 15 2020 13:15:00 GMT+0530 (India Standard Time)","39.75","39.85","37.40","37.90","43.04","43.03","37.33","37.80","35.87","145846.00","35.27"
"Thu Apr 16 2020 09:15:00 GMT+0530 (India Standard Time)","38.00","43.50","38.00","42.25","42.57","51.44","40.97","43.30","35.98","481097.00","35.41"
"Thu Apr 16 2020 13:15:00 GMT+0530 (India Standard Time)","42.25","45.45","41.20","45.45","42.17","56.41","43.43","46.86","36.29","263314.00","35.71"
"Fri Apr 17 2020 09:15:00 GMT+0530 (India Standard Time)","49.40","49.80","45.00","47.00","41.87","58.57","44.57","48.47","36.67","478570.00","36.18"
"Fri Apr 17 2020 13:15:00 GMT+0530 (India Standard Time)","47.00","47.20","45.00","45.80","41.51","56.30","43.87","47.32","36.97","165883.00","36.67"
"Mon Apr 20 2020 09:15:00 GMT+0530 (India Standard Time)","46.25","52.50","46.00","50.40","41.30","62.19","47.10","51.80","37.37","977730.00","37.40"
"Mon Apr 20 2020 13:15:00 GMT+0530 (India Standard Time)","50.40","51.50","50.20","50.30","41.13","62.00","47.04","51.70","37.83","132582.00","38.17"
"Tue Apr 21 2020 09:15:00 GMT+0530 (India Standard Time)","48.05","49.35","46.00","46.30","40.87","54.93","44.73","47.96","38.13","155209.00","38.77"
"Tue Apr 21 2020 13:15:00 GMT+0530 (India Standard Time)","46.30","47.50","45.90","47.50","40.62","56.49","45.54","49.10","38.43","91416.00","39.40"
"Wed Apr 22 2020 09:15:00 GMT+0530 (India Standard Time)","47.50","48.00","43.00","45.50","40.46","53.26","44.43","47.32","38.69","121548.00","40.00"
"Wed Apr 22 2020 13:15:00 GMT+0530 (India Standard Time)","45.50","46.80","45.10","46.80","40.36","55.02","45.31","48.57","39.00","23057.00","40.64"
"Thu Apr 23 2020 09:15:00 GMT+0530 (India Standard Time)","47.00","48.00","43.25","46.30","40.29","54.19","45.03","48.12","39.36","77547.00","41.31"
"Thu Apr 23 2020 13:15:00 GMT+0530 (India Standard Time)","46.30","46.75","46.00","46.40","40.20","54.34","45.10","48.22","39.78","27426.00","41.92"
"Fri Apr 24 2020 09:15:00 GMT+0530 (India Standard Time)","45.50","45.90","44.45","45.05","40.15","52.03","44.33","46.98","40.16","32430.00","42.50"
"Fri Apr 24 2020 13:15:00 GMT+0530 (India Standard Time)","45.05","47.35","44.60","45.50","40.11","52.73","44.65","47.44","40.57","49418.00","43.06"
"Mon Apr 27 2020 09:15:00 GMT+0530 (India Standard Time)","46.05","47.00","45.00","46.10","40.08","53.68","45.08","48.06","41.00","51028.00","43.65"
"Mon Apr 27 2020 13:15:00 GMT+0530 (India Standard Time)","46.10","46.20","45.05","45.15","40.05","51.95","44.53","47.15","41.44","23935.00","44.09"
"Tue Apr 28 2020 09:15:00 GMT+0530 (India Standard Time)","46.90","46.90","45.10","46.05","40.05","53.44","45.18","48.11","41.91","50490.00","44.56"
"Tue Apr 28 2020 13:15:00 GMT+0530 (India Standard Time)","46.00","46.20","45.45","46.10","40.06","53.53","45.22","48.16","42.40","44156.00","45.03"
"Wed Apr 29 2020 09:15:00 GMT+0530 (India Standard Time)","46.50","48.25","45.50","47.40","40.15","55.72","46.16","49.55","42.89","198358.00","45.55"
"Wed Apr 29 2020 13:15:00 GMT+0530 (India Standard Time)","47.40","47.40","46.50","46.55","40.27","53.97","45.64","48.68","43.38","56144.00","45.91"
"Thu Apr 30 2020 09:15:00 GMT+0530 (India Standard Time)","47.00","49.50","47.00","47.70","40.39","55.94","46.48","49.91","43.88","290031.00","46.38"
"Thu Apr 30 2020 13:15:00 GMT+0530 (India Standard Time)","47.50","48.50","46.45","47.10","40.50","54.66","46.10","49.28","44.38","188349.00","46.65"
"Mon May 04 2020 09:15:00 GMT+0530 (India Standard Time)","46.00","46.70","44.10","45.25","40.64","50.89","44.95","47.36","44.70","146717.00","46.70"
"Mon May 04 2020 13:15:00 GMT+0530 (India Standard Time)","45.25","45.25","44.50","44.70","40.83","49.82","44.61","46.80","45.01","44472.00","46.58"
"Tue May 05 2020 09:15:00 GMT+0530 (India Standard Time)","45.70","46.50","44.35","44.65","41.00","49.72","44.58","46.75","45.34","110223.00","46.54"
"Tue May 05 2020 13:15:00 GMT+0530 (India Standard Time)","44.65","44.85","43.50","43.70","41.12","47.81","43.99","45.77","45.61","39469.00","46.26"
"Wed May 06 2020 09:15:00 GMT+0530 (India Standard Time)","43.35","44.55","41.70","41.85","41.20","44.32","42.87","43.92","45.75","181153.00","45.87"
"Wed May 06 2020 13:15:00 GMT+0530 (India Standard Time)","41.85","42.40","41.65","41.95","41.28","44.55","42.95","44.05","45.88","52336.00","45.63"
"Thu May 07 2020 09:15:00 GMT+0530 (India Standard Time)","41.40","43.00","41.15","41.90","41.35","44.46","42.92","43.99","45.91","66654.00","45.39"
"Thu May 07 2020 13:15:00 GMT+0530 (India Standard Time)","41.90","42.10","41.20","41.20","41.41","43.09","42.49","43.28","45.82","35853.00","45.20"
"Fri May 08 2020 09:15:00 GMT+0530 (India Standard Time)","42.20","47.25","42.20","44.10","41.53","49.81","44.83","46.96","45.72","362130.00","45.10"
"Fri May 08 2020 13:15:00 GMT+0530 (India Standard Time)","44.10","44.15","42.35","43.05","41.65","47.67","44.17","45.85","45.62","83571.00","44.97"
"Mon May 11 2020 09:15:00 GMT+0530 (India Standard Time)","43.35","44.80","43.20","43.65","41.81","48.98","44.65","46.59","45.42","119552.00","44.85"
"Mon May 11 2020 13:15:00 GMT+0530 (India Standard Time)","43.65","43.65","43.00","43.25","41.99","48.14","44.39","46.16","45.15","30662.00","44.76"
"Tue May 12 2020 09:15:00 GMT+0530 (India Standard Time)","43.45","43.45","41.60","42.10","42.15","45.75","43.65","44.93","44.98","107533.00","44.60"
"Tue May 12 2020 13:15:00 GMT+0530 (India Standard Time)","42.10","42.85","41.80","42.65","42.31","47.07","44.10","45.64","44.82","24771.00","44.43"
"Wed May 13 2020 09:15:00 GMT+0530 (India Standard Time)","44.90","45.50","43.45","44.45","42.52","51.14","45.56","47.92","44.78","176185.00","44.38"
"Wed May 13 2020 13:15:00 GMT+0530 (India Standard Time)","44.40","45.70","44.20","44.80","42.76","51.90","45.84","48.35","44.73","107561.00","44.33"
"Thu May 14 2020 09:15:00 GMT+0530 (India Standard Time)","43.50","44.60","43.50","43.90","42.98","49.82","45.23","47.31","44.67","46751.00","44.23"
"Thu May 14 2020 13:15:00 GMT+0530 (India Standard Time)","43.90","43.90","43.40","43.75","43.21","49.47","45.13","47.14","44.57","36289.00","44.07"
"Fri May 15 2020 09:15:00 GMT+0530 (India Standard Time)","44.35","44.50","43.70","44.05","43.43","50.20","45.38","47.53","44.53","80840.00","43.94"
"Fri May 15 2020 13:15:00 GMT+0530 (India Standard Time)","44.05","44.70","43.80","44.20","43.65","50.58","45.50","47.74","44.48","56623.00","43.76"
"Mon May 18 2020 09:15:00 GMT+0530 (India Standard Time)","45.50","45.50","41.50","41.80","43.82","44.90","43.85","44.90","44.37","105360.00","43.54"
"Mon May 18 2020 13:15:00 GMT+0530 (India Standard Time)","41.75","42.20","41.50","42.00","43.99","45.44","44.03","45.18","44.24","24692.00","43.38"
"Tue May 19 2020 09:15:00 GMT+0530 (India Standard Time)","41.75","43.05","41.65","42.25","44.11","46.12","44.24","45.53","44.11","78811.00","43.26"
"Tue May 19 2020 13:15:00 GMT+0530 (India Standard Time)","42.25","42.50","41.80","42.20","44.24","46.00","44.21","45.47","43.97","18734.00","43.13"
"Wed May 20 2020 09:15:00 GMT+0530 (India Standard Time)","42.50","43.25","41.20","42.00","44.35","45.50","44.07","45.22","43.80","60989.00","43.04"
"Wed May 20 2020 13:15:00 GMT+0530 (India Standard Time)","42.00","42.20","41.70","41.95","44.47","45.37","44.03","45.16","43.62","36706.00","43.01"
"Thu May 21 2020 09:15:00 GMT+0530 (India Standard Time)","41.95","43.95","41.95","43.30","44.55","49.48","45.26","47.21","43.45","132580.00","43.07"
"Thu May 21 2020 13:15:00 GMT+0530 (India Standard Time)","43.30","43.30","41.95","42.00","44.63","45.98","44.31","45.52","43.27","44424.00","43.08"
"Fri May 22 2020 09:15:00 GMT+0530 (India Standard Time)","42.00","42.90","41.60","42.05","44.64","46.13","44.35","45.60","43.16","47285.00","43.12"
"Fri May 22 2020 13:15:00 GMT+0530 (India Standard Time)","42.05","42.45","42.00","42.10","44.60","46.29","44.40","45.68","43.06","32196.00","43.01"
"Tue May 26 2020 09:15:00 GMT+0530 (India Standard Time)","42.15","42.70","42.10","42.35","44.50","47.12","44.64","46.08","42.96","47907.00","42.97"
"Tue May 26 2020 13:15:00 GMT+0530 (India Standard Time)","42.35","42.60","42.25","42.40","44.43","47.29","44.68","46.16","42.91","20300.00","42.91"
"Wed May 27 2020 09:15:00 GMT+0530 (India Standard Time)","42.80","50.00","42.10","48.00","44.37","61.78","49.65","54.18","43.05","790654.00","43.09"
"Wed May 27 2020 13:15:00 GMT+0530 (India Standard Time)","48.00","49.10","46.10","47.30","44.31","59.63","49.09","53.17","43.24","257380.00","43.33"
"Thu May 28 2020 09:15:00 GMT+0530 (India Standard Time)","47.25","47.80","46.10","46.30","44.31","56.67","48.30","51.74","43.41","128985.00","43.53"
"Thu May 28 2020 13:15:00 GMT+0530 (India Standard Time)","46.30","46.35","46.00","46.15","44.29","56.23","48.18","51.52","43.58","62490.00","43.61"
"Fri May 29 2020 09:15:00 GMT+0530 (India Standard Time)","45.50","47.70","45.15","46.65","44.31","57.39","48.61","52.20","43.65","224017.00","43.69"
"Fri May 29 2020 13:15:00 GMT+0530 (India Standard Time)","46.65","46.95","45.00","45.55","44.29","54.08","47.72","50.60","43.75","116278.00","43.77"
"Mon Jun 01 2020 09:15:00 GMT+0530 (India Standard Time)","45.85","49.45","45.60","47.60","44.33","58.73","49.47","53.34","43.88","296849.00","43.96"
"Mon Jun 01 2020 13:15:00 GMT+0530 (India Standard Time)","47.60","48.95","46.70","48.50","44.36","60.57","50.21","54.48","44.05","153382.00","44.15"
"Tue Jun 02 2020 09:15:00 GMT+0530 (India Standard Time)","48.95","50.00","48.05","49.00","44.44","61.57","50.63","55.11","44.28","121862.00","44.38"
"Tue Jun 02 2020 13:15:00 GMT+0530 (India Standard Time)","49.00","49.00","47.35","47.70","44.48","57.59","49.54","53.15","44.48","108339.00","44.63"
"Wed Jun 03 2020 09:15:00 GMT+0530 (India Standard Time)","48.00","49.15","48.00","48.35","44.53","58.98","50.09","53.99","44.63","137931.00","44.94"
"Wed Jun 03 2020 13:15:00 GMT+0530 (India Standard Time)","48.35","48.60","45.50","46.70","44.56","54.23","48.73","51.58","44.70","78083.00","45.16"
"Thu Jun 04 2020 09:15:00 GMT+0530 (India Standard Time)","47.50","47.90","46.00","46.35","44.57","53.27","48.44","51.08","44.80","106588.00","45.37"
"Thu Jun 04 2020 13:15:00 GMT+0530 (India Standard Time)","46.35","47.35","46.25","47.00","44.59","54.83","49.01","51.96","44.91","32479.00","45.60"
"Fri Jun 05 2020 09:15:00 GMT+0530 (India Standard Time)","46.50","50.85","46.50","49.50","44.63","60.17","51.09","55.18","45.08","352848.00","45.94"
"Fri Jun 05 2020 13:15:00 GMT+0530 (India Standard Time)","49.50","49.90","49.25","49.25","44.69","59.43","50.88","54.80","45.27","85798.00","46.24"
"Mon Jun 08 2020 09:15:00 GMT+0530 (India Standard Time)","51.00","51.95","50.10","50.80","44.74","62.43","52.13","56.69","45.56","301665.00","46.65"
"Mon Jun 08 2020 13:15:00 GMT+0530 (India Standard Time)","50.80","50.80","49.20","49.80","44.80","59.45","51.27","55.16","45.84","134462.00","47.02"
"Tue Jun 09 2020 09:15:00 GMT+0530 (India Standard Time)","51.50","51.50","49.70","50.20","44.90","60.25","51.60","55.65","46.14","153360.00","47.41"
"Tue Jun 09 2020 13:15:00 GMT+0530 (India Standard Time)","50.20","50.40","48.50","48.90","44.99","56.47","50.48","53.68","46.39","71181.00","47.73"
"Wed Jun 10 2020 09:15:00 GMT+0530 (India Standard Time)","49.00","49.90","48.50","49.00","45.07","56.68","50.57","53.81","46.64","78777.00","48.05"
"Wed Jun 10 2020 13:15:00 GMT+0530 (India Standard Time)","49.00","52.90","48.55","52.05","45.22","62.71","53.03","57.53","46.97","482907.00","48.26"
"Thu Jun 11 2020 09:15:00 GMT+0530 (India Standard Time)","52.25","59.00","52.25","55.60","45.48","68.13","55.65","61.27","47.42","959755.00","48.65"
"Thu Jun 11 2020 13:15:00 GMT+0530 (India Standard Time)","55.60","55.70","53.45","54.00","45.72","63.75","54.26","58.87","47.84","213360.00","49.01"
"Fri Jun 12 2020 09:15:00 GMT+0530 (India Standard Time)","51.05","52.85","49.70","52.25","45.92","59.36","52.79","56.38","48.18","317866.00","49.28"
"Fri Jun 12 2020 13:15:00 GMT+0530 (India Standard Time)","52.25","55.00","52.05","54.25","46.17","62.46","54.23","58.44","48.59","296972.00","49.63"
"Mon Jun 15 2020 09:15:00 GMT+0530 (India Standard Time)","54.00","55.20","51.80","52.60","46.34","58.59","52.88","56.19","48.98","194059.00","49.98"
"Mon Jun 15 2020 13:15:00 GMT+0530 (India Standard Time)","52.60","58.30","52.50","54.20","46.58","61.05","54.01","57.81","49.43","1275311.00","50.32"
"Tue Jun 16 2020 09:15:00 GMT+0530 (India Standard Time)","56.45","57.60","52.00","52.85","46.78","58.00","52.92","56.01","49.70","365644.00","50.59"
"Tue Jun 16 2020 13:15:00 GMT+0530 (India Standard Time)","52.85","53.00","51.10","51.90","46.95","55.93","52.16","54.78","49.86","202691.00","50.73"
"Wed Jun 17 2020 09:15:00 GMT+0530 (India Standard Time)","52.00","54.60","52.00","53.65","47.17","58.77","53.41","56.59","50.09","146925.00","51.00"
"Wed Jun 17 2020 13:15:00 GMT+0530 (India Standard Time)","53.75","53.75","52.00","52.70","47.38","56.69","52.65","55.35","50.33","69434.00","51.20"
"Thu Jun 18 2020 09:15:00 GMT+0530 (India Standard Time)","52.00","57.00","52.00","56.40","47.60","62.17","55.18","58.95","50.64","402489.00","51.61"
"Thu Jun 18 2020 13:15:00 GMT+0530 (India Standard Time)","56.40","58.00","56.00","57.70","47.85","63.86","56.02","60.11","51.05","489157.00","52.12"
"Fri Jun 19 2020 09:15:00 GMT+0530 (India Standard Time)","58.00","59.95","57.55","58.00","48.14","64.24","56.21","60.38","51.44","537630.00","52.67"
"Fri Jun 19 2020 13:15:00 GMT+0530 (India Standard Time)","58.00","58.90","57.30","58.00","48.42","64.24","56.21","60.38","51.80","149119.00","53.09"
"Mon Jun 22 2020 09:15:00 GMT+0530 (India Standard Time)","58.40","60.35","57.70","58.60","48.72","65.07","56.61","60.93","52.15","357643.00","53.54"
"Mon Jun 22 2020 13:15:00 GMT+0530 (India Standard Time)","58.60","58.95","56.50","57.00","48.98","61.13","55.26","58.69","52.49","170758.00","53.85"
"Tue Jun 23 2020 09:15:00 GMT+0530 (India Standard Time)","57.00","58.70","57.00","57.80","49.28","62.32","55.79","59.46","52.82","208631.00","54.23"
"Tue Jun 23 2020 13:15:00 GMT+0530 (India Standard Time)","57.80","58.20","57.00","57.65","49.60","61.95","55.67","59.25","53.20","147217.00","54.57"
"Wed Jun 24 2020 09:15:00 GMT+0530 (India Standard Time)","58.20","58.60","56.00","56.20","49.89","58.37","54.44","57.21","53.57","198778.00","54.93"
"Wed Jun 24 2020 13:15:00 GMT+0530 (India Standard Time)","56.20","56.30","54.55","54.60","50.14","54.72","53.13","55.07","53.86","125742.00","55.21"
"Thu Jun 25 2020 09:15:00 GMT+0530 (India Standard Time)","55.10","58.50","54.00","57.70","50.44","59.84","55.26","58.19","54.14","407206.00","55.48"
"Thu Jun 25 2020 13:15:00 GMT+0530 (India Standard Time)","57.50","57.70","56.70","57.40","50.75","59.16","55.01","57.79","54.42","95587.00","55.56"
"Fri Jun 26 2020 09:15:00 GMT+0530 (India Standard Time)","57.80","58.30","56.05","56.75","51.02","57.67","54.47","56.92","54.64","242353.00","55.69"
"Fri Jun 26 2020 13:15:00 GMT+0530 (India Standard Time)","56.75","57.00","55.90","56.10","51.30","56.18","53.94","56.05","54.86","64555.00","55.90"
"Mon Jun 29 2020 09:15:00 GMT+0530 (India Standard Time)","56.50","56.90","54.20","54.25","51.56","52.16","52.45","53.66","55.03","212371.00","55.95"
"Mon Jun 29 2020 13:15:00 GMT+0530 (India Standard Time)","54.25","55.00","54.20","54.95","51.81","53.48","52.95","54.41","55.22","44728.00","56.03"
"Tue Jun 30 2020 09:15:00 GMT+0530 (India Standard Time)","55.20","56.55","54.70","54.85","52.07","53.26","52.87","54.28","55.45","275356.00","56.05"
"Tue Jun 30 2020 13:15:00 GMT+0530 (India Standard Time)","54.85","55.40","54.25","54.45","52.31","52.36","52.54","53.75","55.57","52471.00","56.09"
"Wed Jul 01 2020 09:15:00 GMT+0530 (India Standard Time)","54.65","55.10","54.30","54.60","52.47","52.67","52.65","53.93","55.54","65433.00","56.22"
"Wed Jul 01 2020 13:15:00 GMT+0530 (India Standard Time)","54.60","54.90","54.00","54.55","52.61","52.55","52.61","53.86","55.54","84980.00","56.27"
"Thu Jul 02 2020 09:15:00 GMT+0530 (India Standard Time)","54.70","61.50","54.55","59.20","52.85","61.34","55.95","58.91","55.79","1276510.00","56.54"
"Thu Jul 02 2020 13:15:00 GMT+0530 (India Standard Time)","59.20","59.65","57.80","59.00","53.10","60.83","55.78","58.63","55.97","325697.00","56.71"
"Fri Jul 03 2020 09:15:00 GMT+0530 (India Standard Time)","59.15","61.50","58.00","60.30","53.37","62.92","56.66","59.92","56.21","608427.00","56.83"
"Fri Jul 03 2020 13:15:00 GMT+0530 (India Standard Time)","60.30","63.35","60.30","63.20","53.70","67.06","58.54","62.60","56.47","787434.00","57.03"
"Mon Jul 06 2020 09:15:00 GMT+0530 (India Standard Time)","63.50","70.00","63.00","66.80","54.09","71.24","60.70","65.55","56.91","2173451.00","57.44"
"Mon Jul 06 2020 13:15:00 GMT+0530 (India Standard Time)","66.80","67.25","65.80","66.75","54.46","71.10","60.65","65.47","57.43","336074.00","57.81"
"Tue Jul 07 2020 09:15:00 GMT+0530 (India Standard Time)","66.25","66.25","63.50","63.55","54.76","63.26","57.88","60.97","57.83","502994.00","58.14"
"Tue Jul 07 2020 13:15:00 GMT+0530 (India Standard Time)","63.55","64.00","62.50","63.70","55.07","63.45","57.97","61.10","58.20","418726.00","58.41"
"Wed Jul 08 2020 09:15:00 GMT+0530 (India Standard Time)","64.15","66.20","63.05","64.65","55.39","64.72","58.56","61.92","58.54","483288.00","58.74"
"Wed Jul 08 2020 13:15:00 GMT+0530 (India Standard Time)","64.65","65.35","62.50","62.60","55.72","60.01","56.83","59.15","58.77","232351.00","59.05"
"Thu Jul 09 2020 09:15:00 GMT+0530 (India Standard Time)","62.95","65.30","62.95","63.35","56.06","61.09","57.30","59.82","58.96","477898.00","59.47"
"Thu Jul 09 2020 13:15:00 GMT+0530 (India Standard Time)","63.35","63.90","62.55","63.55","56.39","61.39","57.42","60.00","59.15","120329.00","59.77"
"Fri Jul 10 2020 09:15:00 GMT+0530 (India Standard Time)","63.50","63.85","61.60","62.50","56.66","58.93","56.53","58.57","59.28","224019.00","60.03"
"Fri Jul 10 2020 13:15:00 GMT+0530 (India Standard Time)","62.50","62.65","61.80","62.20","56.92","58.23","56.28","58.17","59.45","79469.00","60.28"
"Mon Jul 13 2020 09:15:00 GMT+0530 (India Standard Time)","62.55","64.00","60.95","61.30","57.14","56.13","55.52","56.95","59.60","243678.00","60.54"
"Mon Jul 13 2020 13:15:00 GMT+0530 (India Standard Time)","61.30","61.75","60.45","61.75","57.37","56.95","55.82","57.41","59.73","84147.00","60.85"
"Tue Jul 14 2020 09:15:00 GMT+0530 (India Standard Time)","61.00","61.60","58.55","58.90","57.55","50.69","53.47","53.67","59.83","185059.00","61.08"
"Tue Jul 14 2020 13:15:00 GMT+0530 (India Standard Time)","58.90","59.80","58.75","59.40","57.75","51.67","53.81","54.21","59.98","62857.00","61.27"
"Wed Jul 15 2020 09:15:00 GMT+0530 (India Standard Time)","59.90","61.00","59.20","59.95","57.97","52.75","54.20","54.80","60.10","120364.00","61.53"
"Wed Jul 15 2020 13:15:00 GMT+0530 (India Standard Time)","59.80","60.00","58.00","58.25","58.12","49.17","52.82","52.63","60.15","62595.00","61.72"
"Thu Jul 16 2020 09:15:00 GMT+0530 (India Standard Time)","58.45","60.40","56.15","58.90","58.18","50.52","53.28","53.36","60.20","341199.00","61.91"
"Thu Jul 16 2020 13:15:00 GMT+0530 (India Standard Time)","58.60","60.25","58.10","59.20","58.28","51.15","53.50","53.69","60.31","155760.00","61.94"
"Fri Jul 17 2020 09:15:00 GMT+0530 (India Standard Time)","59.20","63.10","59.20","61.45","58.47","55.58","55.07","56.14","60.53","464451.00","62.06"
"Fri Jul 17 2020 13:15:00 GMT+0530 (India Standard Time)","61.25","62.15","60.80","61.75","58.62","56.14","55.28","56.45","60.77","102957.00","62.13"
"Mon Jul 20 2020 09:15:00 GMT+0530 (India Standard Time)","61.90","62.30","60.50","60.85","58.78","54.00","54.52","55.23","60.98","118491.00","62.07"
"Mon Jul 20 2020 13:15:00 GMT+0530 (India Standard Time)","60.85","60.85","59.50","60.15","58.89","52.38","53.93","54.29","61.17","84276.00","61.76"
"Tue Jul 21 2020 09:15:00 GMT+0530 (India Standard Time)","60.60","61.60","59.40","60.20","59.02","52.49","53.96","54.34","61.38","245864.00","61.46"
"Tue Jul 21 2020 13:15:00 GMT+0530 (India Standard Time)","60.20","61.25","59.40","59.60","59.18","51.04","53.45","53.52","61.58","117057.00","61.26"
"Wed Jul 22 2020 09:15:00 GMT+0530 (India Standard Time)","59.65","59.85","58.55","58.85","59.29","49.25","52.81","52.49","61.60","105470.00","61.05"
"Wed Jul 22 2020 13:15:00 GMT+0530 (India Standard Time)","58.85","58.90","57.85","58.75","59.41","49.01","52.72","52.35","61.59","76279.00","60.76"
"Thu Jul 23 2020 09:15:00 GMT+0530 (India Standard Time)","58.80","60.40","58.70","59.55","59.49","51.02","53.34","53.36","61.58","116423.00","60.58"
"Thu Jul 23 2020 13:15:00 GMT+0530 (India Standard Time)","59.55","60.40","59.30","59.70","59.54","51.39","53.46","53.55","61.49","79706.00","60.39"
"Fri Jul 24 2020 09:15:00 GMT+0530 (India Standard Time)","59.40","59.50","58.10","58.75","59.54","48.89","52.61","52.17","61.21","52050.00","60.17"
"Fri Jul 24 2020 13:15:00 GMT+0530 (India Standard Time)","58.75","60.20","58.10","58.40","59.56","47.99","52.30","51.67","60.94","153770.00","59.99"
"Mon Jul 27 2020 09:15:00 GMT+0530 (India Standard Time)","59.05","59.05","57.40","57.80","59.54","46.45","51.77","50.80","60.71","123429.00","59.79"
"Mon Jul 27 2020 13:15:00 GMT+0530 (India Standard Time)","57.80","57.80","55.70","55.95","59.52","42.07","50.18","48.23","60.46","77288.00","59.52"
"Tue Jul 28 2020 09:15:00 GMT+0530 (India Standard Time)","56.75","57.20","55.20","56.05","59.49","42.38","50.26","48.38","60.16","150813.00","59.27"
"Tue Jul 28 2020 13:15:00 GMT+0530 (India Standard Time)","56.05","56.05","55.10","55.60","59.45","41.34","49.87","47.76","59.88","82414.00","59.09"
"Wed Jul 29 2020 09:15:00 GMT+0530 (India Standard Time)","55.85","60.30","55.75","59.15","59.49","51.25","52.80","52.67","59.68","367786.00","59.05"
"Wed Jul 29 2020 13:15:00 GMT+0530 (India Standard Time)","59.15","59.50","57.20","58.20","59.55","48.92","51.97","51.34","59.50","146708.00","58.97"
"Thu Jul 30 2020 09:15:00 GMT+0530 (India Standard Time)","58.50","60.65","57.55","58.30","59.58","49.18","52.05","51.48","59.36","283033.00","58.97"
"Thu Jul 30 2020 13:15:00 GMT+0530 (India Standard Time)","58.30","58.50","56.80","57.00","59.59","46.05","50.92","49.67","59.19","80963.00","58.91"
"Fri Jul 31 2020 09:15:00 GMT+0530 (India Standard Time)","57.15","57.60","56.00","56.60","59.58","45.12","50.58","49.12","59.00","148303.00","58.79"
"Fri Jul 31 2020 13:15:00 GMT+0530 (India Standard Time)","56.60","56.70","56.10","56.55","59.58","45.00","50.54","49.05","58.83","57680.00","58.56"
"Mon Aug 03 2020 09:15:00 GMT+0530 (India Standard Time)","55.75","57.05","55.20","55.85","59.61","43.32","49.93","48.07","58.70","75028.00","58.29"
"Mon Aug 03 2020 13:15:00 GMT+0530 (India Standard Time)","55.85","56.20","55.60","56.15","59.63","44.26","50.19","48.53","58.58","26702.00","58.05"
"Tue Aug 04 2020 09:15:00 GMT+0530 (India Standard Time)","55.90","58.50","55.90","57.30","59.67","47.73","51.19","50.23","58.48","99942.00","57.91"
"Tue Aug 04 2020 13:15:00 GMT+0530 (India Standard Time)","57.30","57.70","56.85","57.55","59.73","48.47","51.40","50.60","58.43","40942.00","57.77"
"Wed Aug 05 2020 09:15:00 GMT+0530 (India Standard Time)","57.80","59.35","57.35","58.60","59.80","51.47","52.30","52.13","58.43","173789.00","57.70"
"Wed Aug 05 2020 13:15:00 GMT+0530 (India Standard Time)","58.60","59.20","57.60","58.10","59.88","50.01","51.84","51.35","58.40","103236.00","57.67"
"Thu Aug 06 2020 09:15:00 GMT+0530 (India Standard Time)","58.55","59.30","58.05","58.50","59.88","51.17","52.19","51.94","58.30","57449.00","57.67"
"Thu Aug 06 2020 13:15:00 GMT+0530 (India Standard Time)","58.50","58.55","57.30","57.60","59.86","48.51","51.34","50.52","58.17","51064.00","57.58"
"Fri Aug 07 2020 09:15:00 GMT+0530 (India Standard Time)","58.00","58.95","57.00","58.30","59.82","50.61","51.96","51.58","58.06","131325.00","57.50"
"Fri Aug 07 2020 13:15:00 GMT+0530 (India Standard Time)","58.30","58.45","56.55","56.80","59.71","46.36","50.55","49.26","57.95","172626.00","57.43"
"Mon Aug 10 2020 09:15:00 GMT+0530 (India Standard Time)","57.30","60.00","56.80","58.40","59.55","50.97","51.96","51.64","57.88","533420.00","57.41"
"Mon Aug 10 2020 13:15:00 GMT+0530 (India Standard Time)","58.40","58.40","56.75","57.85","59.37","49.44","51.45","50.80","57.80","256912.00","57.39"
"Tue Aug 11 2020 09:15:00 GMT+0530 (India Standard Time)","57.00","58.65","57.00","57.80","59.24","49.30","51.40","50.72","57.75","137733.00","57.46"
"Tue Aug 11 2020 13:15:00 GMT+0530 (India Standard Time)","57.80","57.85","57.00","57.00","59.11","47.03","50.65","49.48","57.71","52474.00","57.52"
"Wed Aug 12 2020 09:15:00 GMT+0530 (India Standard Time)","57.00","59.85","56.50","59.15","58.99","53.11","52.55","52.68","57.67","277863.00","57.66"
"Wed Aug 12 2020 13:15:00 GMT+0530 (India Standard Time)","59.15","61.80","58.80","60.80","58.94","57.08","53.94","54.94","57.69","501311.00","57.76"
"Thu Aug 13 2020 09:15:00 GMT+0530 (India Standard Time)","61.15","62.50","60.00","60.70","58.88","56.77","53.84","54.78","57.77","214379.00","57.88"
"Thu Aug 13 2020 13:15:00 GMT+0530 (India Standard Time)","60.70","61.85","60.55","61.50","58.84","58.63","54.51","55.85","57.86","150186.00","58.01"
"Fri Aug 14 2020 09:15:00 GMT+0530 (India Standard Time)","61.95","65.50","61.50","64.20","58.87","64.11","56.66","59.22","58.06","658340.00","58.32"
"Fri Aug 14 2020 13:15:00 GMT+0530 (India Standard Time)","64.20","64.80","60.50","61.25","58.86","55.66","53.83","54.54","58.27","434003.00","58.57"
"Mon Aug 17 2020 09:15:00 GMT+0530 (India Standard Time)","62.20","64.70","61.30","63.05","58.89","59.11","55.22","56.69","58.51","416852.00","58.88"
"Mon Aug 17 2020 13:15:00 GMT+0530 (India Standard Time)","63.15","63.95","62.60","63.55","58.93","60.02","55.59","57.27","58.79","167255.00","59.24"
"Tue Aug 18 2020 09:15:00 GMT+0530 (India Standard Time)","64.05","66.55","63.60","64.70","59.03","62.06","56.46","58.57","59.02","450247.00","59.66"
"Tue Aug 18 2020 13:15:00 GMT+0530 (India Standard Time)","64.75","65.70","64.50","65.10","59.15","62.75","56.75","59.02","59.27","134495.00","60.03"
"Wed Aug 19 2020 09:15:00 GMT+0530 (India Standard Time)","67.00","74.20","66.20","72.55","59.38","72.55","61.71","66.04","59.70","2530486.00","60.70"
"Wed Aug 19 2020 13:15:00 GMT+0530 (India Standard Time)","72.55","72.90","69.70","70.15","59.62","66.62","59.47","62.49","60.18","521714.00","61.28"
"Thu Aug 20 2020 09:15:00 GMT+0530 (India Standard Time)","68.80","72.60","67.95","71.80","59.87","68.48","60.47","63.87","60.68","651726.00","61.89"
"Thu Aug 20 2020 13:15:00 GMT+0530 (India Standard Time)","71.80","73.55","71.30","73.45","60.14","70.22","61.44","65.18","61.27","373029.00","62.57"
"Fri Aug 21 2020 09:15:00 GMT+0530 (India Standard Time)","73.85","74.55","71.60","72.25","60.37","67.38","60.35","63.46","61.86","380907.00","63.28"
"Fri Aug 21 2020 13:15:00 GMT+0530 (India Standard Time)","72.10","72.55","70.50","71.00","60.56","64.52","59.23","61.71","62.41","108493.00","63.91"
"Mon Aug 24 2020 09:15:00 GMT+0530 (India Standard Time)","71.45","72.60","69.35","69.80","60.75","61.88","58.17","60.07","62.89","199767.00","64.54"
"Mon Aug 24 2020 13:15:00 GMT+0530 (India Standard Time)","69.80","69.95","69.10","69.65","60.94","61.54","58.04","59.87","63.33","94860.00","65.07"
"Tue Aug 25 2020 09:15:00 GMT+0530 (India Standard Time)","69.95","70.90","66.00","67.90","61.09","57.76","56.52","57.53","63.68","248219.00","65.57"
"Tue Aug 25 2020 13:15:00 GMT+0530 (India Standard Time)","67.90","70.25","67.30","69.75","61.28","60.46","57.71","59.26","64.06","145529.00","66.11"
"Wed Aug 26 2020 09:15:00 GMT+0530 (India Standard Time)","69.10","71.00","67.70","68.60","61.48","58.04","56.72","57.75","64.44","233006.00","66.67"
"Wed Aug 26 2020 13:15:00 GMT+0530 (India Standard Time)","68.60","69.30","68.00","68.40","61.68","57.62","56.55","57.49","64.82","89306.00","67.14"
"Thu Aug 27 2020 09:15:00 GMT+0530 (India Standard Time)","68.75","69.60","68.20","68.70","61.86","58.09","56.75","57.79","65.20","169268.00","67.54"
"Thu Aug 27 2020 13:15:00 GMT+0530 (India Standard Time)","68.70","68.85","68.05","68.20","62.03","56.97","56.31","57.11","65.60","63455.00","67.89"
"Fri Aug 28 2020 09:15:00 GMT+0530 (India Standard Time)","69.25","69.30","67.00","67.50","62.21","55.39","55.70","56.16","65.94","162206.00","68.19"
"Fri Aug 28 2020 13:15:00 GMT+0530 (India Standard Time)","67.30","68.40","66.25","66.75","62.38","53.71","55.05","55.15","66.28","169267.00","68.35"
"Mon Aug 31 2020 09:15:00 GMT+0530 (India Standard Time)","67.65","68.40","62.00","63.25","62.50","46.78","52.14","50.76","66.52","439112.00","68.45"
"Mon Aug 31 2020 13:15:00 GMT+0530 (India Standard Time)","63.25","63.25","61.00","61.60","62.61","43.97","50.85","48.87","66.69","191255.00","68.40"
"Tue Sep 01 2020 09:15:00 GMT+0530 (India Standard Time)","60.60","64.95","60.60","63.55","62.75","47.85","52.27","51.08","66.85","340128.00","68.39"
"Tue Sep 01 2020 13:15:00 GMT+0530 (India Standard Time)","63.55","63.70","60.65","62.30","62.89","45.72","51.31","49.67","66.91","103624.00","68.26"
"Wed Sep 02 2020 09:15:00 GMT+0530 (India Standard Time)","62.50","63.95","61.60","62.60","62.97","46.32","51.53","50.01","66.97","86478.00","68.15"
"Wed Sep 02 2020 13:15:00 GMT+0530 (India Standard Time)","62.60","63.40","62.00","63.35","63.06","47.84","52.07","50.87","67.03","64272.00","67.75"
"Thu Sep 03 2020 09:15:00 GMT+0530 (India Standard Time)","63.30","63.90","62.75","63.10","63.15","47.37","51.88","50.57","67.01","63325.00","67.39"
"Thu Sep 03 2020 13:15:00 GMT+0530 (India Standard Time)","63.10","63.45","62.20","62.45","63.26","46.14","51.36","49.79","67.03","46509.00","66.99"
"Fri Sep 04 2020 09:15:00 GMT+0530 (India Standard Time)","60.00","64.00","60.00","63.00","63.38","47.36","51.77","50.45","67.00","110416.00","66.49"
"Fri Sep 04 2020 13:15:00 GMT+0530 (India Standard Time)","63.15","63.80","61.70","63.10","63.51","47.59","51.85","50.58","66.99","57919.00","66.03"
"Mon Sep 07 2020 09:15:00 GMT+0530 (India Standard Time)","63.75","63.75","61.30","62.45","63.64","46.23","51.31","49.76","66.90","226606.00","65.61"
"Mon Sep 07 2020 13:15:00 GMT+0530 (India Standard Time)","62.45","62.80","61.50","61.65","63.75","44.58","50.65","48.75","66.79","41140.00","65.21"
"Tue Sep 08 2020 09:15:00 GMT+0530 (India Standard Time)","61.70","62.75","61.55","62.00","63.85","45.47","50.93","49.21","66.47","63241.00","64.85"
"Tue Sep 08 2020 13:15:00 GMT+0530 (India Standard Time)","62.00","62.00","60.50","60.50","63.92","42.40","49.70","47.34","66.12","34033.00","64.50"
"Wed Sep 09 2020 09:15:00 GMT+0530 (India Standard Time)","60.00","60.10","58.25","58.85","63.93","39.33","48.39","45.39","65.70","90359.00","64.01"
"Wed Sep 09 2020 13:15:00 GMT+0530 (India Standard Time)","58.85","61.50","58.40","61.45","63.98","45.82","50.48","48.81","65.26","120316.00","63.62"
"Thu Sep 10 2020 09:15:00 GMT+0530 (India Standard Time)","61.45","63.95","61.45","63.15","64.07","49.53","51.79","50.88","64.90","134590.00","63.35"
"Thu Sep 10 2020 13:15:00 GMT+0530 (India Standard Time)","63.15","64.50","62.70","64.00","64.19","51.28","52.43","51.89","64.63","172979.00","63.12"
"Fri Sep 11 2020 09:15:00 GMT+0530 (India Standard Time)","63.50","66.20","63.30","64.30","64.31","51.89","52.65","52.24","64.42","476325.00","62.94"
"Fri Sep 11 2020 13:15:00 GMT+0530 (India Standard Time)","64.30","64.70","63.65","64.00","64.45","51.21","52.40","51.85","64.22","58829.00","62.76"
"Mon Sep 14 2020 09:15:00 GMT+0530 (India Standard Time)","64.70","70.00","64.20","69.30","64.65","60.78","56.18","57.63","64.21","536255.00","62.81"
"Mon Sep 14 2020 13:15:00 GMT+0530 (India Standard Time)","69.30","69.90","67.80","68.85","64.87","59.73","55.80","57.03","64.20","193757.00","63.03"
"Tue Sep 15 2020 09:15:00 GMT+0530 (India Standard Time)","69.35","69.95","68.35","69.00","65.10","59.97","55.90","57.18","64.20","144743.00","63.38"
"Tue Sep 15 2020 13:15:00 GMT+0530 (India Standard Time)","69.00","70.35","67.75","67.85","65.32","57.22","54.91","55.63","64.20","250897.00","63.63"
"Wed Sep 16 2020 09:15:00 GMT+0530 (India Standard Time)","68.50","69.00","67.25","68.05","65.51","57.58","55.05","55.84","64.17","105666.00","63.91"
"Wed Sep 16 2020 13:15:00 GMT+0530 (India Standard Time)","68.05","69.50","67.80","68.85","65.67","59.01","55.61","56.70","64.19","146777.00","64.20"
"Thu Sep 17 2020 09:15:00 GMT+0530 (India Standard Time)","69.10","71.35","69.10","69.80","65.86","60.66","56.28","57.71","64.26","194938.00","64.53"
"Thu Sep 17 2020 13:15:00 GMT+0530 (India Standard Time)","69.80","69.95","68.65","69.35","66.01","59.47","55.87","57.06","64.34","67787.00","64.82"
"Fri Sep 18 2020 09:15:00 GMT+0530 (India Standard Time)","69.90","70.20","68.00","68.40","66.11","56.98","55.03","55.71","64.50","114881.00","65.11"
"Fri Sep 18 2020 13:15:00 GMT+0530 (India Standard Time)","68.50","68.95","68.00","68.60","66.24","57.38","55.17","55.93","64.73","69659.00","65.40"
"Mon Sep 21 2020 09:15:00 GMT+0530 (India Standard Time)","68.85","68.85","67.50","67.65","66.34","54.87","54.32","54.57","64.91","69529.00","65.64"
"Mon Sep 21 2020 13:15:00 GMT+0530 (India Standard Time)","67.65","67.80","65.25","67.40","66.41","54.22","54.10","54.21","65.07","117302.00","65.85"
"Tue Sep 22 2020 09:15:00 GMT+0530 (India Standard Time)","68.00","68.10","63.10","65.75","66.43","50.08","52.64","51.90","65.18","205097.00","66.03"
"Tue Sep 22 2020 13:15:00 GMT+0530 (India Standard Time)","65.75","66.30","64.90","65.70","66.44","49.96","52.60","51.83","65.27","65883.00","66.20"
"Wed Sep 23 2020 09:15:00 GMT+0530 (India Standard Time)","65.95","68.50","65.95","66.20","66.35","51.20","52.99","52.48","65.40","173744.00","66.48"
"Wed Sep 23 2020 13:15:00 GMT+0530 (India Standard Time)","66.30","67.65","66.00","67.05","66.27","53.27","53.67","53.57","65.55","60045.00","66.85"
"Thu Sep 24 2020 09:15:00 GMT+0530 (India Standard Time)","66.00","67.45","65.10","67.20","66.18","53.63","53.79","53.76","65.71","109943.00","67.14"
"Thu Sep 24 2020 13:15:00 GMT+0530 (India Standard Time)","67.20","68.00","66.80","67.95","66.08","55.45","54.38","54.73","65.87","83814.00","67.37"
"Fri Sep 25 2020 09:15:00 GMT+0530 (India Standard Time)","67.95","69.80","67.45","68.10","65.99","55.82","54.50","54.93","66.09","165092.00","67.58"
"Fri Sep 25 2020 13:15:00 GMT+0530 (India Standard Time)","68.05","68.70","67.75","68.35","65.93","56.44","54.70","55.26","66.31","59069.00","67.76"
"Mon Sep 28 2020 09:15:00 GMT+0530 (India Standard Time)","68.80","69.25","68.00","68.15","65.89","55.78","54.50","54.93","66.54","81901.00","67.97"
"Mon Sep 28 2020 13:15:00 GMT+0530 (India Standard Time)","68.15","68.75","68.00","68.25","65.87","56.05","54.59","55.06","66.80","42510.00","67.97"
"Tue Sep 29 2020 09:15:00 GMT+0530 (India Standard Time)","68.90","68.90","67.50","67.80","65.87","54.48","54.14","54.29","67.12","72478.00","67.93"
"Tue Sep 29 2020 13:15:00 GMT+0530 (India Standard Time)","67.80","68.45","67.50","68.35","65.84","56.06","54.60","55.08","67.40","40136.00","67.89"
"Wed Sep 30 2020 09:15:00 GMT+0530 (India Standard Time)","68.30","68.30","66.60","67.20","65.81","52.08","53.44","53.11","67.56","71032.00","67.84"
"Wed Sep 30 2020 13:15:00 GMT+0530 (India Standard Time)","67.20","67.45","66.80","67.40","65.78","52.69","53.62","53.41","67.68","30827.00","67.80"
"Thu Oct 01 2020 09:15:00 GMT+0530 (India Standard Time)","67.65","72.30","67.15","71.85","65.82","63.58","57.25","59.33","67.89","353858.00","67.89"
"Thu Oct 01 2020 13:15:00 GMT+0530 (India Standard Time)","71.85","73.50","71.35","72.25","65.90","64.36","57.55","59.81","68.18","389473.00","68.00"
"Mon Oct 05 2020 09:15:00 GMT+0530 (India Standard Time)","73.00","77.35","73.00","75.25","66.05","69.47","59.74","63.11","68.45","701246.00","68.29"
"Mon Oct 05 2020 13:15:00 GMT+0530 (India Standard Time)","75.25","75.65","73.65","74.65","66.20","67.44","59.12","62.06","68.65","202793.00","68.57"
"Tue Oct 06 2020 09:15:00 GMT+0530 (India Standard Time)","75.00","76.45","74.05","74.15","66.41","65.76","58.60","61.19","68.86","218052.00","68.86"
"Tue Oct 06 2020 13:15:00 GMT+0530 (India Standard Time)","74.15","75.00","73.65","74.50","66.67","66.37","58.86","61.58","69.07","64279.00","69.17"
"Wed Oct 07 2020 09:15:00 GMT+0530 (India Standard Time)","74.90","78.00","74.50","75.95","66.92","68.82","59.91","63.15","69.35","399238.00","69.60"
"Wed Oct 07 2020 13:15:00 GMT+0530 (India Standard Time)","75.95","75.95","74.25","74.65","67.18","64.41","58.55","60.85","69.58","98883.00","70.04"
"Thu Oct 08 2020 09:15:00 GMT+0530 (India Standard Time)","74.90","75.35","72.30","73.35","67.39","60.36","57.22","58.66","69.70","151648.00","70.42"
"Thu Oct 08 2020 13:15:00 GMT+0530 (India Standard Time)","73.35","73.70","70.65","71.25","67.57","54.53","55.18","55.34","69.79","93049.00","70.66"
"Fri Oct 09 2020 09:15:00 GMT+0530 (India Standard Time)","71.60","73.55","71.05","71.85","67.75","55.81","55.64","56.07","69.91","83492.00","70.90"
"Fri Oct 09 2020 13:15:00 GMT+0530 (India Standard Time)","71.85","73.00","71.30","72.10","67.94","56.35","55.83","56.38","70.04","50464.00","71.16"
"Mon Oct 12 2020 09:15:00 GMT+0530 (India Standard Time)","72.90","73.45","70.10","70.65","68.11","52.46","54.43","54.13","70.16","176981.00","71.33"
"Mon Oct 12 2020 13:15:00 GMT+0530 (India Standard Time)","70.65","71.55","70.00","71.10","68.27","53.51","54.79","54.70","70.31","78578.00","71.45"
"Tue Oct 13 2020 09:15:00 GMT+0530 (India Standard Time)","71.00","71.65","69.30","69.35","68.42","49.10","53.14","52.09","70.47","79943.00","71.53"
"Tue Oct 13 2020 13:15:00 GMT+0530 (India Standard Time)","69.35","70.35","69.10","70.30","68.58","51.38","53.90","53.33","70.62","25097.00","71.61"
"Wed Oct 14 2020 09:15:00 GMT+0530 (India Standard Time)","71.45","72.30","69.90","70.25","68.75","51.26","53.86","53.26","70.76","151196.00","71.72"
"Wed Oct 14 2020 13:15:00 GMT+0530 (India Standard Time)","70.45","71.40","69.60","70.20","68.94","51.12","53.81","53.18","70.89","70508.00","71.83"
"Thu Oct 15 2020 09:15:00 GMT+0530 (India Standard Time)","70.05","71.60","70.05","70.80","69.18","52.67","54.31","54.00","71.04","65023.00","71.96"
"Thu Oct 15 2020 13:15:00 GMT+0530 (India Standard Time)","70.80","70.95","68.00","68.00","69.34","45.61","51.66","49.81","71.09","158878.00","72.02"
"Fri Oct 16 2020 09:15:00 GMT+0530 (India Standard Time)","68.10","69.95","68.00","68.75","69.46","47.59","52.29","50.86","71.10","85259.00","72.10"
"Fri Oct 16 2020 13:15:00 GMT+0530 (India Standard Time)","68.75","69.10","68.20","68.50","69.55","46.99","52.06","50.50","71.11","30967.00","71.99"
"Mon Oct 19 2020 09:15:00 GMT+0530 (India Standard Time)","69.20","69.95","69.10","69.30","69.65","49.13","52.74","51.63","71.15","35491.00","71.85"
"Mon Oct 19 2020 13:15:00 GMT+0530 (India Standard Time)","69.30","71.90","69.20","71.30","69.79","54.02","54.40","54.33","71.24","55392.00","71.65"
"Tue Oct 20 2020 09:15:00 GMT+0530 (India Standard Time)","70.05","71.80","68.00","69.40","69.82","49.30","52.62","51.52","71.30","142860.00","71.41"
"Tue Oct 20 2020 13:15:00 GMT+0530 (India Standard Time)","69.40","70.50","69.25","70.25","69.84","51.30","53.31","52.65","71.36","40267.00","71.19"
"Wed Oct 21 2020 09:15:00 GMT+0530 (India Standard Time)","69.70","72.40","69.70","71.90","69.89","54.92","54.63","54.74","71.51","126708.00","71.05"
"Wed Oct 21 2020 13:15:00 GMT+0530 (India Standard Time)","71.90","72.40","70.50","72.00","69.95","55.13","54.71","54.87","71.66","68461.00","70.84"
"Thu Oct 22 2020 09:15:00 GMT+0530 (India Standard Time)","71.00","72.50","71.00","71.55","70.03","53.93","54.28","54.18","71.71","36297.00","70.69"
"Thu Oct 22 2020 13:15:00 GMT+0530 (India Standard Time)","71.55","72.40","71.45","71.70","70.09","54.28","54.40","54.37","71.69","34764.00","70.61"
"Fri Oct 23 2020 09:15:00 GMT+0530 (India Standard Time)","72.00","72.60","71.05","72.25","70.13","55.57","54.85","55.10","71.57","57572.00","70.62"
"Fri Oct 23 2020 13:15:00 GMT+0530 (India Standard Time)","72.25","73.05","71.55","71.95","70.18","54.69","54.55","54.61","71.49","167004.00","70.62"
"Mon Oct 26 2020 09:15:00 GMT+0530 (India Standard Time)","72.05","72.25","68.80","69.50","70.21","48.11","52.18","50.83","71.32","87364.00","70.52"
"Mon Oct 26 2020 13:15:00 GMT+0530 (India Standard Time)","69.50","70.10","69.00","69.50","70.23","48.11","52.18","50.83","71.15","46808.00","70.44"
"Tue Oct 27 2020 09:15:00 GMT+0530 (India Standard Time)","69.60","70.55","68.30","69.95","70.26","49.34","52.57","51.48","70.91","46280.00","70.38"
"Tue Oct 27 2020 13:15:00 GMT+0530 (India Standard Time)","69.95","70.45","69.60","70.40","70.33","50.58","52.97","52.14","70.74","29070.00","70.40"
"Wed Oct 28 2020 09:15:00 GMT+0530 (India Standard Time)","69.90","73.60","69.90","72.00","70.45","54.70","54.34","54.38","70.67","171153.00","70.49"
"Wed Oct 28 2020 13:15:00 GMT+0530 (India Standard Time)","72.00","72.40","71.00","71.15","70.57","52.27","53.49","53.02","70.66","60800.00","70.52"
"Thu Oct 29 2020 09:15:00 GMT+0530 (India Standard Time)","70.85","71.10","69.60","69.90","70.64","48.91","52.28","51.09","70.59","52127.00","70.51"
"Thu Oct 29 2020 13:15:00 GMT+0530 (India Standard Time)","69.90","70.05","68.55","69.95","70.69","49.05","52.32","51.16","70.50","37270.00","70.45"
"Fri Oct 30 2020 09:15:00 GMT+0530 (India Standard Time)","69.80","71.80","69.80","70.95","70.77","51.77","53.20","52.62","70.48","87723.00","70.56"
"Fri Oct 30 2020 13:15:00 GMT+0530 (India Standard Time)","70.95","71.50","70.60","71.50","70.85","53.22","53.68","53.41","70.49","39783.00","70.67"
"Mon Nov 02 2020 09:15:00 GMT+0530 (India Standard Time)","71.70","71.80","69.95","71.55","70.90","53.35","53.73","53.48","70.53","79515.00","70.80"
"Mon Nov 02 2020 13:15:00 GMT+0530 (India Standard Time)","71.55","73.15","71.40","72.25","70.98","55.23","54.34","54.50","70.61","74364.00","70.93"
"Tue Nov 03 2020 09:15:00 GMT+0530 (India Standard Time)","72.55","73.50","72.40","72.85","71.07","56.79","54.87","55.36","70.69","63724.00","71.03"
"Tue Nov 03 2020 13:15:00 GMT+0530 (India Standard Time)","72.85","72.90","71.20","71.25","71.14","51.73","53.21","52.63","70.74","363124.00","71.12"
"Wed Nov 04 2020 09:15:00 GMT+0530 (India Standard Time)","72.55","72.85","70.90","71.25","71.21","51.73","53.21","52.63","70.77","133824.00","71.19"
"Wed Nov 04 2020 13:15:00 GMT+0530 (India Standard Time)","71.25","72.20","70.55","71.80","71.28","53.31","53.71","53.47","70.86","23428.00","71.20"
"Thu Nov 05 2020 09:15:00 GMT+0530 (India Standard Time)","73.00","73.00","71.30","71.70","71.37","52.98","53.60","53.29","70.97","54347.00","71.21"
"Thu Nov 05 2020 13:15:00 GMT+0530 (India Standard Time)","71.70","71.70","70.65","71.00","71.45","50.67","52.86","52.06","71.06","55879.00","71.18"
"Fri Nov 06 2020 09:15:00 GMT+0530 (India Standard Time)","71.35","73.50","71.00","73.00","71.48","56.37","54.68","55.11","71.17","166826.00","71.22"
"Fri Nov 06 2020 13:15:00 GMT+0530 (India Standard Time)","73.00","74.20","72.25","72.30","71.49","54.07","53.94","53.87","71.24","164947.00","71.25"
"Mon Nov 09 2020 09:15:00 GMT+0530 (India Standard Time)","72.95","76.70","70.70","76.00","71.49","62.55","57.08","58.88","71.41","303188.00","71.38"
"Mon Nov 09 2020 13:15:00 GMT+0530 (India Standard Time)","75.75","78.50","75.55","75.80","71.52","61.90","56.87","58.52","71.65","398070.00","71.69"
"Tue Nov 10 2020 09:15:00 GMT+0530 (India Standard Time)","77.00","79.70","76.60","78.50","71.59","66.78","58.98","61.71","71.89","362304.00","72.11"
"Tue Nov 10 2020 13:15:00 GMT+0530 (India Standard Time)","78.50","78.50","77.05","77.80","71.66","64.53","58.23","60.47","72.11","70515.00","72.49"
"Wed Nov 11 2020 09:15:00 GMT+0530 (India Standard Time)","77.90","77.95","74.65","75.00","71.65","56.53","55.35","55.86","72.26","93331.00","72.75"
"Wed Nov 11 2020 13:15:00 GMT+0530 (India Standard Time)","75.00","75.35","74.70","75.00","71.65","56.53","55.35","55.86","72.38","71280.00","72.90"
"Thu Nov 12 2020 09:15:00 GMT+0530 (India Standard Time)","75.00","77.30","74.50","74.90","71.69","56.25","55.25","55.70","72.50","131770.00","73.09"
"Thu Nov 12 2020 13:15:00 GMT+0530 (India Standard Time)","74.90","75.00","74.55","74.60","71.75","55.41","54.95","55.21","72.60","28193.00","73.31"
"Fri Nov 13 2020 09:15:00 GMT+0530 (India Standard Time)","73.60","78.00","73.60","77.15","71.84","60.69","57.01","58.40","72.81","274126.00","73.63"
"Fri Nov 13 2020 13:15:00 GMT+0530 (India Standard Time)","77.15","78.00","76.15","77.15","71.94","60.69","57.01","58.40","73.08","123070.00","73.93"
"Sat Nov 14 2020 17:15:00 GMT+0530 (India Standard Time)","80.00","89.90","79.70","87.25","72.23","74.10","63.81","67.98","73.65","1302932.00","74.63"
"Tue Nov 17 2020 09:15:00 GMT+0530 (India Standard Time)","87.30","90.90","87.15","88.10","72.59","74.86","64.29","68.61","74.32","548121.00","75.46"
"Tue Nov 17 2020 13:15:00 GMT+0530 (India Standard Time)","88.10","88.65","86.40","87.15","72.93","72.37","63.33","67.10","74.87","170377.00","76.18"
"Wed Nov 18 2020 09:15:00 GMT+0530 (India Standard Time)","87.55","97.60","87.30","93.80","73.40","77.79","66.87","71.59","75.64","1084676.00","77.14"
"Wed Nov 18 2020 13:15:00 GMT+0530 (India Standard Time)","93.80","94.20","92.50","93.50","73.85","77.08","66.57","71.14","76.47","193221.00","78.18"
"Thu Nov 19 2020 09:15:00 GMT+0530 (India Standard Time)","93.20","96.25","91.10","92.50","74.31","74.67","65.59","69.64","77.31","577728.00","79.20"
"Thu Nov 19 2020 13:15:00 GMT+0530 (India Standard Time)","92.30","92.50","89.35","90.20","74.70","69.44","63.40","66.32","78.02","216324.00","80.11"
"Fri Nov 20 2020 09:15:00 GMT+0530 (India Standard Time)","90.60","92.35","87.80","89.80","75.13","68.56","63.03","65.76","78.69","256235.00","80.96"
"Fri Nov 20 2020 13:15:00 GMT+0530 (India Standard Time)","89.80","90.00","88.50","89.45","75.54","67.77","62.70","65.27","79.34","124586.00","81.83"
"Mon Nov 23 2020 09:15:00 GMT+0530 (India Standard Time)","89.45","95.35","89.45","93.60","76.02","71.80","64.91","68.19","80.08","508350.00","82.80"
"Mon Nov 23 2020 13:15:00 GMT+0530 (India Standard Time)","93.60","95.40","92.60","94.70","76.52","72.75","65.46","68.91","80.84","189419.00","83.83"
"Tue Nov 24 2020 09:15:00 GMT+0530 (India Standard Time)","95.00","95.90","93.55","94.20","76.99","71.60","64.98","68.19","81.65","204149.00","84.77"
"Tue Nov 24 2020 13:15:00 GMT+0530 (India Standard Time)","94.20","94.50","93.10","93.50","77.47","69.98","64.32","67.19","82.44","70616.00","85.59"
"Wed Nov 25 2020 09:15:00 GMT+0530 (India Standard Time)","93.95","96.00","91.80","94.30","77.95","70.77","64.74","67.74","83.24","429529.00","86.34"
"Wed Nov 25 2020 13:15:00 GMT+0530 (India Standard Time)","94.30","94.35","92.00","93.00","78.39","67.71","63.51","65.87","84.00","131641.00","87.07"
"Thu Nov 26 2020 09:15:00 GMT+0530 (India Standard Time)","92.95","102.70","92.05","101.70","78.94","75.24","67.70","71.33","84.99","1059514.00","88.20"
"Thu Nov 26 2020 13:15:00 GMT+0530 (India Standard Time)","101.70","106.40","98.60","101.40","79.55","74.61","67.43","70.93","86.04","1556465.00","89.49"
"Fri Nov 27 2020 09:15:00 GMT+0530 (India Standard Time)","102.00","115.50","102.00","112.30","80.32","80.76","71.64","75.99","87.37","2238436.00","91.16"
"Fri Nov 27 2020 13:15:00 GMT+0530 (India Standard Time)","112.30","114.55","110.50","112.70","81.13","80.93","71.77","76.15","88.73","626990.00","92.97"
"Tue Dec 01 2020 09:15:00 GMT+0530 (India Standard Time)","115.00","127.40","115.00","124.15","82.15","85.08","75.24","80.00","90.36","2060401.00","95.17"
"Tue Dec 01 2020 13:15:00 GMT+0530 (India Standard Time)","124.15","128.30","123.20","127.50","83.28","86.01","76.12","80.92","92.07","861472.00","97.52"
"Wed Dec 02 2020 09:15:00 GMT+0530 (India Standard Time)","128.00","133.00","117.40","121.45","84.35","76.89","71.47","74.51","93.72","1373030.00","99.30"
"Wed Dec 02 2020 13:15:00 GMT+0530 (India Standard Time)","121.45","123.90","120.20","123.70","85.42","77.80","72.12","75.26","95.39","307145.00","100.93"
"Thu Dec 03 2020 09:15:00 GMT+0530 (India Standard Time)","124.25","126.00","122.00","122.30","86.48","75.83","71.10","73.87","97.12","286340.00","102.64"
"Thu Dec 03 2020 13:15:00 GMT+0530 (India Standard Time)","122.30","125.55","122.20","124.80","87.53","76.93","71.82","74.73","98.86","226686.00","104.13"
"Fri Dec 04 2020 09:15:00 GMT+0530 (India Standard Time)","122.00","129.00","122.00","124.25","88.59","76.13","71.42","74.18","100.65","549300.00","105.62"
"Fri Dec 04 2020 13:15:00 GMT+0530 (India Standard Time)","124.25","125.05","122.80","124.85","89.68","76.41","71.60","74.39","102.37","171850.00","107.11"
"Mon Dec 07 2020 09:15:00 GMT+0530 (India Standard Time)","126.00","127.00","123.10","124.00","90.78","75.10","70.97","73.51","104.07","222856.00","108.73"
"Mon Dec 07 2020 13:15:00 GMT+0530 (India Standard Time)","124.00","124.20","122.80","123.95","91.83","75.02","70.93","73.46","105.43","155706.00","110.34"
"Tue Dec 08 2020 09:15:00 GMT+0530 (India Standard Time)","124.40","125.40","120.10","123.45","92.87","74.20","70.56","72.93","106.65","226113.00","111.95"
"Tue Dec 08 2020 13:15:00 GMT+0530 (India Standard Time)","123.35","124.10","122.00","122.50","93.90","72.60","69.84","71.90","107.92","81270.00","113.36"
"Wed Dec 09 2020 09:15:00 GMT+0530 (India Standard Time)","123.95","125.00","121.75","122.35","94.91","72.35","69.72","71.74","108.99","110138.00","114.72"
"Wed Dec 09 2020 13:15:00 GMT+0530 (India Standard Time)","122.35","122.50","120.00","121.00","95.88","70.00","68.69","70.26","109.98","85003.00","115.99"
"Thu Dec 10 2020 09:15:00 GMT+0530 (India Standard Time)","119.10","125.00","112.00","122.60","96.86","71.16","69.24","70.99","110.93","497750.00","117.27"
"Thu Dec 10 2020 13:15:00 GMT+0530 (India Standard Time)","122.60","123.30","120.15","122.20","97.87","70.45","68.93","70.54","112.05","106152.00","118.60"
"Fri Dec 11 2020 09:15:00 GMT+0530 (India Standard Time)","122.85","124.90","122.00","124.35","98.91","72.04","69.67","71.53","113.25","197117.00","120.07"
"Fri Dec 11 2020 13:15:00 GMT+0530 (India Standard Time)","124.35","124.35","121.00","121.75","99.92","67.43","67.69","68.67","114.43","90430.00","121.15"
"Mon Dec 14 2020 09:15:00 GMT+0530 (India Standard Time)","121.70","128.85","118.75","127.05","101.00","71.35","69.49","71.09","115.58","792890.00","122.26"
"Mon Dec 14 2020 13:15:00 GMT+0530 (India Standard Time)","127.10","132.00","127.10","130.45","102.15","73.50","70.56","72.50","116.85","744641.00","123.19"
"Tue Dec 15 2020 09:15:00 GMT+0530 (India Standard Time)","131.40","136.00","130.15","131.80","103.34","74.31","70.97","73.03","118.21","722103.00","124.14"
"Tue Dec 15 2020 13:15:00 GMT+0530 (India Standard Time)","131.80","133.80","131.35","132.60","104.50","74.78","71.21","73.35","119.60","230659.00","124.61"
"Wed Dec 16 2020 09:15:00 GMT+0530 (India Standard Time)","133.00","133.25","130.00","131.05","105.60","72.07","70.06","71.67","120.94","257017.00","124.83"
"Wed Dec 16 2020 13:15:00 GMT+0530 (India Standard Time)","131.05","131.90","131.00","131.20","106.66","72.17","70.11","71.74","122.30","133349.00","125.21"
"Thu Dec 17 2020 09:15:00 GMT+0530 (India Standard Time)","132.10","132.80","129.20","129.70","107.71","69.49","68.98","70.10","123.44","235317.00","125.57"
"Thu Dec 17 2020 13:15:00 GMT+0530 (India Standard Time)","129.70","129.95","123.50","124.00","108.70","60.51","64.96","64.37","124.28","267232.00","125.67"
"Fri Dec 18 2020 09:15:00 GMT+0530 (India Standard Time)","125.30","128.50","121.50","127.90","109.73","63.87","66.33","66.31","124.86","318100.00","125.78"
"Fri Dec 18 2020 13:15:00 GMT+0530 (India Standard Time)","127.90","135.00","126.60","134.00","110.87","68.29","68.30","69.02","125.54","706099.00","126.13"
"Mon Dec 21 2020 09:15:00 GMT+0530 (India Standard Time)","140.00","141.40","136.00","136.95","112.14","70.14","69.19","70.21","126.11","1211135.00","126.77"
"Mon Dec 21 2020 13:15:00 GMT+0530 (India Standard Time)","136.95","138.00","121.00","127.00","113.17","58.10","63.12","61.94","126.20","766263.00","126.95"
"Tue Dec 22 2020 09:15:00 GMT+0530 (India Standard Time)","127.00","131.95","122.75","126.50","114.17","57.58","62.84","61.57","126.31","482671.00","127.10"
"Tue Dec 22 2020 13:15:00 GMT+0530 (India Standard Time)","126.50","131.80","126.50","131.55","115.05","61.27","64.47","63.84","126.57","287853.00","127.45"
"Wed Dec 23 2020 09:15:00 GMT+0530 (India Standard Time)","131.95","135.80","130.70","134.25","115.96","63.07","65.30","64.98","126.93","330565.00","127.97"
"Wed Dec 23 2020 13:15:00 GMT+0530 (India Standard Time)","134.25","139.40","133.50","138.65","116.96","65.79","66.59","66.74","127.40","425470.00","128.67"
"Thu Dec 24 2020 09:15:00 GMT+0530 (India Standard Time)","139.00","139.85","132.10","136.95","117.83","63.88","65.63","65.43","127.80","405006.00","129.40"
"Thu Dec 24 2020 13:15:00 GMT+0530 (India Standard Time)","136.95","137.25","134.50","135.90","118.68","62.70","65.04","64.63","128.21","111453.00","130.13"
"Mon Dec 28 2020 09:15:00 GMT+0530 (India Standard Time)","136.80","141.15","136.60","139.25","119.60","64.88","66.03","66.00","128.72","441535.00","130.95"
"Mon Dec 28 2020 13:15:00 GMT+0530 (India Standard Time)","139.25","139.85","138.30","138.95","120.57","64.52","65.86","65.76","129.27","111465.00","131.66"
"Tue Dec 29 2020 09:15:00 GMT+0530 (India Standard Time)","139.90","140.15","134.75","137.85","121.52","63.20","65.23","64.89","129.80","271653.00","132.40"
"Tue Dec 29 2020 13:15:00 GMT+0530 (India Standard Time)","137.85","138.45","137.00","137.00","122.48","62.16","64.74","64.22","130.32","74782.00","132.97"
"Wed Dec 30 2020 09:15:00 GMT+0530 (India Standard Time)","137.70","138.70","134.65","136.45","123.35","61.47","64.43","63.78","130.80","142919.00","133.28"
"Wed Dec 30 2020 13:15:00 GMT+0530 (India Standard Time)","136.45","136.70","135.60","136.00","124.19","60.90","64.17","63.41","131.34","64686.00","133.45"
"Thu Dec 31 2020 09:15:00 GMT+0530 (India Standard Time)","136.75","139.95","135.80","137.45","125.05","62.10","64.64","64.10","131.97","192346.00","133.70"
"Thu Dec 31 2020 13:15:00 GMT+0530 (India Standard Time)","137.45","137.45","135.35","136.00","125.90","60.16","63.78","62.89","132.49","74122.00","133.93"
"Fri Jan 01 2021 09:15:00 GMT+0530 (India Standard Time)","136.85","144.90","136.20","143.00","126.85","65.61","65.99","66.07","133.12","669042.00","134.42"
"Fri Jan 01 2021 13:15:00 GMT+0530 (India Standard Time)","143.00","144.00","142.00","143.20","127.85","65.75","66.05","66.15","133.86","235315.00","135.03"
"Mon Jan 04 2021 09:15:00 GMT+0530 (India Standard Time)","143.90","144.20","138.60","142.25","128.70","64.44","65.49","65.35","134.46","341738.00","135.82"
"Mon Jan 04 2021 13:15:00 GMT+0530 (India Standard Time)","142.25","145.65","141.30","142.80","129.52","64.87","65.66","65.60","134.93","352644.00","136.61"
"Tue Jan 05 2021 09:15:00 GMT+0530 (India Standard Time)","141.75","149.50","140.50","146.85","130.23","67.85","66.90","67.37","135.40","1097912.00","137.25"
"Tue Jan 05 2021 13:15:00 GMT+0530 (India Standard Time)","146.85","148.50","145.50","146.50","130.92","67.33","66.69","67.06","135.91","261747.00","137.68"
"Wed Jan 06 2021 09:15:00 GMT+0530 (India Standard Time)","146.65","147.80","144.20","145.20","131.37","65.38","65.90","65.92","136.42","232329.00","138.51"
"Wed Jan 06 2021 13:15:00 GMT+0530 (India Standard Time)","145.45","145.70","140.00","143.40","131.70","62.74","64.82","64.35","136.83","254063.00","139.28"
"Thu Jan 07 2021 09:15:00 GMT+0530 (India Standard Time)","144.00","146.50","143.10","144.90","132.13","64.01","65.30","65.06","137.34","229358.00","139.97"
"Thu Jan 07 2021 13:15:00 GMT+0530 (India Standard Time)","144.90","145.00","143.10","144.00","132.56","62.66","64.76","64.27","137.99","94033.00","140.46"
"Fri Jan 08 2021 09:15:00 GMT+0530 (India Standard Time)","144.90","146.35","142.15","142.50","132.96","60.43","63.86","62.95","138.63","139268.00","140.73"
"Fri Jan 08 2021 13:15:00 GMT+0530 (India Standard Time)","142.50","142.75","140.85","142.00","133.31","59.69","63.56","62.51","138.98","126750.00","140.99"
"Mon Jan 11 2021 09:15:00 GMT+0530 (India Standard Time)","143.05","143.05","137.25","140.50","133.62","57.47","62.67","61.20","139.06","207283.00","141.20"
"Mon Jan 11 2021 13:15:00 GMT+0530 (India Standard Time)","140.50","140.90","138.00","140.40","133.93","57.32","62.61","61.11","139.46","86263.00","141.25"
"Tue Jan 12 2021 09:15:00 GMT+0530 (India Standard Time)","138.70","141.75","137.95","139.15","134.23","55.42","61.85","60.00","139.90","111828.00","141.27"
"Tue Jan 12 2021 13:15:00 GMT+0530 (India Standard Time)","139.15","140.00","138.45","139.35","134.54","55.67","61.93","60.12","140.24","56850.00","141.35"
"Wed Jan 13 2021 09:15:00 GMT+0530 (India Standard Time)","140.35","142.55","138.60","138.75","134.87","54.72","61.56","59.57","140.47","145989.00","141.46"
"Wed Jan 13 2021 13:15:00 GMT+0530 (India Standard Time)","138.75","139.45","138.00","138.70","135.19","54.64","61.53","59.52","140.52","130260.00","141.56"
"Thu Jan 14 2021 09:15:00 GMT+0530 (India Standard Time)","137.10","139.90","135.00","137.25","135.48","52.26","60.62","58.17","140.56","135690.00","141.62"
"Thu Jan 14 2021 13:15:00 GMT+0530 (India Standard Time)","137.25","138.05","133.25","135.40","135.77","49.38","59.49","56.48","140.55","113161.00","141.52"
"Fri Jan 15 2021 09:15:00 GMT+0530 (India Standard Time)","136.00","137.10","134.30","136.10","136.08","50.47","59.78","56.97","140.43","107762.00","141.50"
"Fri Jan 15 2021 13:15:00 GMT+0530 (India Standard Time)","136.10","137.75","130.00","133.00","136.31","45.90","57.91","54.21","140.24","160171.00","141.11"
"Mon Jan 18 2021 09:15:00 GMT+0530 (India Standard Time)","132.80","133.10","126.00","129.40","136.42","41.34","55.85","51.25","139.95","259023.00","140.46"
"Mon Jan 18 2021 13:15:00 GMT+0530 (India Standard Time)","129.40","130.00","127.50","128.00","136.54","39.73","55.07","50.15","139.63","128952.00","139.82"
"Tue Jan 19 2021 09:15:00 GMT+0530 (India Standard Time)","130.00","132.45","129.40","130.20","136.65","43.37","56.05","51.82","139.42","142158.00","139.22"
"Tue Jan 19 2021 13:15:00 GMT+0530 (India Standard Time)","130.30","130.85","129.05","130.85","136.65","44.41","56.33","52.30","139.21","58832.00","138.48"
"Wed Jan 20 2021 09:15:00 GMT+0530 (India Standard Time)","130.80","137.00","130.25","135.25","136.69","50.84","58.21","55.42","139.08","337532.00","137.89"
"Wed Jan 20 2021 13:15:00 GMT+0530 (India Standard Time)","135.25","139.35","134.20","137.30","136.78","53.48","59.04","56.78","139.11","404498.00","137.49"
"Thu Jan 21 2021 09:15:00 GMT+0530 (India Standard Time)","138.95","138.95","134.15","134.15","136.86","49.22","57.26","54.17","138.91","158647.00","137.11"
"Thu Jan 21 2021 13:15:00 GMT+0530 (India Standard Time)","134.15","134.75","132.00","132.75","136.90","47.46","56.48","53.06","138.55","113910.00","136.55"
"Fri Jan 22 2021 09:15:00 GMT+0530 (India Standard Time)","132.70","133.65","128.75","130.00","136.90","44.20","54.99","50.95","138.16","214533.00","135.91"
"Fri Jan 22 2021 13:15:00 GMT+0530 (India Standard Time)","130.00","132.00","130.00","130.65","137.01","45.13","55.28","51.42","137.72","82407.00","135.32"
"Mon Jan 25 2021 09:15:00 GMT+0530 (India Standard Time)","131.55","134.00","128.00","129.75","137.09","44.06","54.79","50.73","137.19","171596.00","134.77"
"Mon Jan 25 2021 13:15:00 GMT+0530 (India Standard Time)","129.75","131.15","126.20","128.80","137.02","42.93","54.28","50.00","136.54","116076.00","134.22"
"Wed Jan 27 2021 09:15:00 GMT+0530 (India Standard Time)","128.80","132.40","126.70","131.05","136.87","46.36","55.29","51.69","135.98","146975.00","133.76"
"Wed Jan 27 2021 13:15:00 GMT+0530 (India Standard Time)","131.05","133.50","128.85","132.50","136.94","48.45","55.93","52.75","135.57","147165.00","133.39"
"Thu Jan 28 2021 09:15:00 GMT+0530 (India Standard Time)","130.10","134.95","130.10","131.05","137.04","46.54","55.12","51.59","135.11","174118.00","133.04"
"Thu Jan 28 2021 13:15:00 GMT+0530 (India Standard Time)","131.05","132.70","130.50","131.00","137.05","46.48","55.10","51.55","134.66","63050.00","132.64"
"Fri Jan 29 2021 09:15:00 GMT+0530 (India Standard Time)","136.00","136.00","129.20","129.95","137.00","45.06","54.51","50.69","134.24","245636.00","132.28"
"Fri Jan 29 2021 13:15:00 GMT+0530 (India Standard Time)","129.95","130.45","127.30","129.00","136.83","43.79","53.98","49.91","133.77","123303.00","131.88"
"Mon Feb 01 2021 09:15:00 GMT+0530 (India Standard Time)","128.50","140.00","125.15","135.80","136.79","53.60","57.02","54.97","133.54","890389.00","131.82"
"Mon Feb 01 2021 13:15:00 GMT+0530 (India Standard Time)","135.80","141.25","135.50","141.25","136.87","59.54","59.22","58.44","133.52","621446.00","132.01"
"Tue Feb 02 2021 09:15:00 GMT+0530 (India Standard Time)","146.65","154.00","142.70","150.95","137.08","67.36","62.68","63.56","133.86","1215272.00","132.78"
"Tue Feb 02 2021 13:15:00 GMT+0530 (India Standard Time)","150.95","155.35","150.85","155.35","137.38","70.11","64.09","65.55","134.39","302744.00","133.96"
"Wed Feb 03 2021 09:15:00 GMT+0530 (India Standard Time)","158.40","167.65","153.00","162.90","137.86","74.04","66.31","68.57","135.14","1282338.00","135.54"
"Wed Feb 03 2021 13:15:00 GMT+0530 (India Standard Time)","163.35","164.00","156.45","158.00","138.30","67.94","63.71","64.78","135.88","354633.00","136.90"
"Thu Feb 04 2021 09:15:00 GMT+0530 (India Standard Time)","157.95","158.85","153.00","154.75","138.67","64.26","62.06","62.42","136.53","321820.00","138.09"
"Thu Feb 04 2021 13:15:00 GMT+0530 (India Standard Time)","154.90","154.90","151.85","153.70","139.02","63.10","61.54","61.68","137.17","188595.00","139.00"
"Fri Feb 05 2021 09:15:00 GMT+0530 (India Standard Time)","155.70","163.00","151.25","153.60","139.37","62.98","61.49","61.61","137.89","275858.00","139.87"
"Fri Feb 05 2021 13:15:00 GMT+0530 (India Standard Time)","153.60","154.00","148.25","151.85","139.68","60.96","60.61","60.34","138.53","392915.00","140.64"
"Mon Feb 08 2021 09:15:00 GMT+0530 (India Standard Time)","159.90","165.00","153.10","161.50","140.05","67.08","63.54","64.48","139.61","736223.00","141.93"
"Mon Feb 08 2021 13:15:00 GMT+0530 (India Standard Time)","161.50","165.25","156.50","159.00","140.39","64.34","62.32","62.74","140.74","789424.00","143.33"
"Tue Feb 09 2021 09:15:00 GMT+0530 (India Standard Time)","161.45","163.90","157.35","161.75","140.77","65.94","63.11","63.84","141.83","513029.00","144.77"
"Tue Feb 09 2021 13:15:00 GMT+0530 (India Standard Time)","161.75","165.00","160.00","162.00","141.16","66.09","63.19","63.94","142.97","400518.00","146.29"
"Wed Feb 10 2021 09:15:00 GMT+0530 (India Standard Time)","161.50","171.30","161.50","165.00","141.55","67.83","64.04","65.14","144.11","777079.00","148.05"
"Wed Feb 10 2021 13:15:00 GMT+0530 (India Standard Time)","165.00","168.20","164.50","165.90","141.94","68.34","64.30","65.49","145.15","219730.00","149.76"
"Thu Feb 11 2021 09:15:00 GMT+0530 (India Standard Time)","165.00","167.50","163.55","166.15","142.34","68.48","64.37","65.59","146.22","259867.00","151.38"
"Thu Feb 11 2021 13:15:00 GMT+0530 (India Standard Time)","166.15","166.15","160.85","163.85","142.76","65.56","63.19","63.85","147.31","156914.00","152.90"
"Fri Feb 12 2021 09:15:00 GMT+0530 (India Standard Time)","163.00","164.85","162.25","164.00","143.13","65.66","63.23","63.91","148.49","115717.00","154.44"
"Fri Feb 12 2021 13:15:00 GMT+0530 (India Standard Time)","164.00","164.80","161.80","164.00","143.53","65.66","63.23","63.91","149.65","215853.00","155.98"
"Mon Feb 15 2021 09:15:00 GMT+0530 (India Standard Time)","165.30","166.30","161.30","161.60","143.91","62.46","61.98","62.05","150.81","176402.00","157.59"
"Mon Feb 15 2021 13:15:00 GMT+0530 (India Standard Time)","161.60","162.30","161.10","161.50","144.31","62.32","61.93","61.97","151.99","54246.00","158.90"
"Tue Feb 16 2021 09:15:00 GMT+0530 (India Standard Time)","162.25","162.45","156.50","156.95","144.66","56.56","59.62","58.55","153.01","166357.00","159.77"
"Tue Feb 16 2021 13:15:00 GMT+0530 (India Standard Time)","156.95","158.40","155.10","155.95","144.99","55.38","59.12","57.82","153.90","120202.00","160.09"
"Wed Feb 17 2021 09:15:00 GMT+0530 (India Standard Time)","155.90","161.00","155.55","159.00","145.38","58.18","60.15","59.39","154.84","149769.00","160.30"
"Wed Feb 17 2021 13:15:00 GMT+0530 (India Standard Time)","159.00","159.35","156.25","158.20","145.75","57.19","59.75","58.80","155.79","96310.00","160.13"
"Thu Feb 18 2021 09:15:00 GMT+0530 (India Standard Time)","159.00","161.00","156.30","158.20","146.13","57.19","59.75","58.80","156.75","146108.00","160.10"
"Thu Feb 18 2021 13:15:00 GMT+0530 (India Standard Time)","158.20","158.60","157.10","158.30","146.51","57.29","59.78","58.86","157.79","61474.00","160.23"
"Fri Feb 19 2021 09:15:00 GMT+0530 (India Standard Time)","157.80","165.50","151.65","160.30","146.95","59.29","60.48","59.94","158.70","534113.00","160.51"
"Fri Feb 19 2021 13:15:00 GMT+0530 (India Standard Time)","160.30","161.00","152.55","160.00","147.41","58.85","60.32","59.70","159.36","284957.00","160.65"
"Mon Feb 22 2021 09:15:00 GMT+0530 (India Standard Time)","160.40","160.70","153.05","154.90","147.81","52.06","57.69","55.75","159.61","253035.00","160.86"
"Mon Feb 22 2021 13:15:00 GMT+0530 (India Standard Time)","154.90","154.95","151.55","152.40","148.20","49.14","56.47","53.96","159.58","114630.00","160.51"
"Tue Feb 23 2021 09:15:00 GMT+0530 (India Standard Time)","153.85","156.50","153.00","154.95","148.71","52.02","57.41","55.46","159.35","102074.00","160.27"
"Tue Feb 23 2021 13:15:00 GMT+0530 (India Standard Time)","154.95","155.65","153.50","154.50","149.23","51.48","57.18","55.14","159.17","46511.00","159.95"
"Wed Feb 24 2021 09:15:00 GMT+0530 (India Standard Time)","155.50","157.30","154.75","155.00","149.73","52.06","57.37","55.44","159.18","56060.00","159.63"
"Wed Feb 24 2021 13:15:00 GMT+0530 (India Standard Time)","157.95","157.95","154.00","154.85","150.23","51.87","57.29","55.32","159.25","13964.00","159.14"
"Thu Feb 25 2021 09:15:00 GMT+0530 (India Standard Time)","155.40","157.50","155.00","157.10","150.67","54.56","58.14","56.70","159.27","110130.00","158.69"
"Thu Feb 25 2021 13:15:00 GMT+0530 (India Standard Time)","157.10","157.10","155.00","155.00","151.04","51.73","57.07","55.07","159.43","39670.00","158.20"
"Fri Feb 26 2021 09:15:00 GMT+0530 (India Standard Time)","150.60","160.00","150.60","156.10","151.45","53.07","57.49","55.76","159.27","227452.00","157.82"
"Fri Feb 26 2021 13:15:00 GMT+0530 (India Standard Time)","156.10","159.00","155.20","155.30","151.91","51.96","57.07","55.13","159.14","69392.00","157.46"
"Mon Mar 01 2021 09:15:00 GMT+0530 (India Standard Time)","161.95","161.95","155.35","156.05","152.45","52.93","57.37","55.61","159.03","181046.00","157.16"
"Mon Mar 01 2021 13:15:00 GMT+0530 (India Standard Time)","156.05","157.45","155.00","155.85","152.95","52.63","57.26","55.45","158.80","127432.00","156.84"
"Tue Mar 02 2021 09:15:00 GMT+0530 (India Standard Time)","156.95","158.90","155.10","156.20","153.48","53.11","57.40","55.68","158.47","115874.00","156.60"
"Tue Mar 02 2021 13:15:00 GMT+0530 (India Standard Time)","156.20","157.40","155.00","155.50","154.02","52.00","57.02","55.08","158.11","48412.00","156.49"
"Wed Mar 03 2021 09:15:00 GMT+0530 (India Standard Time)","156.30","158.40","155.60","156.90","154.55","54.02","57.59","56.05","157.80","82244.00","156.52"
"Wed Mar 03 2021 13:15:00 GMT+0530 (India Standard Time)","156.90","157.00","154.50","155.00","155.02","50.97","56.55","54.41","157.51","62948.00","156.36"
"Thu Mar 04 2021 09:15:00 GMT+0530 (India Standard Time)","154.50","157.85","154.50","156.40","155.51","53.02","57.13","55.40","157.24","93820.00","156.28"
"Thu Mar 04 2021 13:15:00 GMT+0530 (India Standard Time)","156.40","156.45","155.10","155.70","156.00","51.88","56.74","54.79","156.96","56190.00","156.15"
"Fri Mar 05 2021 09:15:00 GMT+0530 (India Standard Time)","156.40","166.30","155.00","162.30","156.61","60.32","59.39","59.16","156.90","532809.00","156.31"
"Fri Mar 05 2021 13:15:00 GMT+0530 (India Standard Time)","162.00","162.50","157.50","158.90","157.22","55.09","57.54","56.28","156.82","185909.00","156.32"
"Mon Mar 08 2021 09:15:00 GMT+0530 (India Standard Time)","159.00","168.30","158.50","166.00","157.83","62.26","60.17","60.42","157.03","474876.00","156.62"
"Mon Mar 08 2021 13:15:00 GMT+0530 (India Standard Time)","166.00","171.00","164.55","170.50","158.41","65.89","61.70","62.72","157.46","488615.00","157.25"
"Tue Mar 09 2021 09:15:00 GMT+0530 (India Standard Time)","172.00","175.90","165.60","167.20","158.80","61.35","59.98","60.09","157.86","434359.00","158.02"
"Tue Mar 09 2021 13:15:00 GMT+0530 (India Standard Time)","167.20","168.00","163.30","165.00","159.02","58.53","58.87","58.40","158.12","122231.00","158.51"
"Wed Mar 10 2021 09:15:00 GMT+0530 (India Standard Time)","165.90","170.70","165.00","165.20","159.12","58.71","58.94","58.51","158.43","105532.00","159.09"
"Wed Mar 10 2021 13:15:00 GMT+0530 (India Standard Time)","165.20","167.20","162.85","165.50","159.24","58.99","59.05","58.68","158.68","85923.00","159.55"
"Fri Mar 12 2021 09:15:00 GMT+0530 (India Standard Time)","165.70","174.00","165.70","172.95","159.56","65.20","61.59","62.52","159.10","326185.00","160.31"
"Fri Mar 12 2021 13:15:00 GMT+0530 (India Standard Time)","172.95","175.00","159.10","167.00","159.83","57.86","58.63","58.08","159.43","2937364.00","160.80"
"Mon Mar 15 2021 09:15:00 GMT+0530 (India Standard Time)","168.15","170.00","162.65","164.00","160.03","54.60","57.22","56.02","159.76","573386.00","161.26"
"Mon Mar 15 2021 13:15:00 GMT+0530 (India Standard Time)","164.00","174.35","163.25","171.50","160.40","60.44","59.69","59.70","160.36","336482.00","161.95"
"Tue Mar 16 2021 09:15:00 GMT+0530 (India Standard Time)","173.20","174.30","168.35","169.00","160.60","57.84","58.54","58.04","160.92","183701.00","162.62"
"Tue Mar 16 2021 13:15:00 GMT+0530 (India Standard Time)","169.00","172.50","169.00","169.95","160.81","58.55","58.85","58.49","161.49","104039.00","163.24"
"Wed Mar 17 2021 09:15:00 GMT+0530 (India Standard Time)","171.90","173.80","165.00","167.40","160.95","55.89","57.68","56.80","161.96","268570.00","163.82"
"Wed Mar 17 2021 13:15:00 GMT+0530 (India Standard Time)","167.40","168.85","163.50","164.65","161.02","53.15","56.46","55.03","162.32","473260.00","164.24"
"Thu Mar 18 2021 09:15:00 GMT+0530 (India Standard Time)","167.70","168.30","156.65","160.55","160.93","49.37","54.69","52.53","162.51","346837.00","164.51"
"Thu Mar 18 2021 13:15:00 GMT+0530 (India Standard Time)","160.55","161.00","148.85","153.85","160.70","43.99","51.99","48.80","162.47","458188.00","164.39"
"Fri Mar 19 2021 09:15:00 GMT+0530 (India Standard Time)","152.90","158.20","145.05","154.75","160.44","44.84","52.31","49.30","162.36","292478.00","164.29"
"Fri Mar 19 2021 13:15:00 GMT+0530 (India Standard Time)","154.75","159.50","154.00","155.90","160.30","45.94","52.73","49.94","162.36","123056.00","164.29"
"Mon Mar 22 2021 09:15:00 GMT+0530 (India Standard Time)","157.00","164.50","154.00","161.40","160.23","50.85","54.64","52.86","162.44","256058.00","164.51"
"Mon Mar 22 2021 13:15:00 GMT+0530 (India Standard Time)","161.35","161.45","159.05","161.15","160.17","50.63","54.54","52.72","162.60","99378.00","164.47"
"Tue Mar 23 2021 09:15:00 GMT+0530 (India Standard Time)","160.50","165.20","160.50","162.05","160.16","51.42","54.85","53.19","162.81","195342.00","164.61"
"Tue Mar 23 2021 13:15:00 GMT+0530 (India Standard Time)","162.05","164.00","161.30","164.00","160.20","53.13","55.51","54.21","163.06","65532.00","164.55"
"Wed Mar 24 2021 09:15:00 GMT+0530 (India Standard Time)","163.05","164.90","154.50","157.45","160.21","47.26","52.84","50.42","163.13","218456.00","164.04"
"Wed Mar 24 2021 13:15:00 GMT+0530 (India Standard Time)","157.50","158.80","153.20","154.00","160.18","44.54","51.51","48.58","163.13","241122.00","163.38"
"Thu Mar 25 2021 09:15:00 GMT+0530 (India Standard Time)","155.95","155.95","145.05","147.80","159.99","40.17","49.24","45.51","162.89","204249.00","162.61"
"Thu Mar 25 2021 13:15:00 GMT+0530 (India Standard Time)","147.80","153.50","144.60","148.00","159.80","40.37","49.32","45.62","162.64","317779.00","161.75"
"Fri Mar 26 2021 09:15:00 GMT+0530 (India Standard Time)","150.00","154.90","150.00","152.80","159.68","44.96","51.04","48.29","162.33","246083.00","161.15"
"Fri Mar 26 2021 13:15:00 GMT+0530 (India Standard Time)","152.80","158.50","152.00","155.00","159.63","46.93","51.81","49.46","162.17","159109.00","160.37"
"Tue Mar 30 2021 09:15:00 GMT+0530 (India Standard Time)","156.50","157.95","154.50","155.00","159.55","46.93","51.81","49.46","161.87","100321.00","159.83"
"Tue Mar 30 2021 13:15:00 GMT+0530 (India Standard Time)","155.00","155.85","154.05","155.30","159.48","47.21","51.92","49.63","161.38","34332.00","159.35"
"Wed Mar 31 2021 09:15:00 GMT+0530 (India Standard Time)","155.70","159.00","154.00","154.90","159.48","46.86","51.76","49.41","160.90","118714.00","158.67"
"Wed Mar 31 2021 13:15:00 GMT+0530 (India Standard Time)","154.90","155.10","154.00","154.45","159.51","46.45","51.58","49.15","160.51","36160.00","157.92"
"Thu Apr 01 2021 09:15:00 GMT+0530 (India Standard Time)","158.00","163.90","156.05","160.25","159.62","52.09","53.66","52.38","160.26","225393.00","157.43"
"Thu Apr 01 2021 13:15:00 GMT+0530 (India Standard Time)","160.25","162.30","159.55","161.00","159.75","52.76","53.92","52.78","160.11","75657.00","157.08"
"Mon Apr 05 2021 09:15:00 GMT+0530 (India Standard Time)","161.95","161.95","153.50","156.35","159.78","48.33","52.08","50.10","159.62","165785.00","156.68"
"Mon Apr 05 2021 13:15:00 GMT+0530 (India Standard Time)","156.35","160.20","155.30","159.50","159.84","51.24","53.18","51.81","159.31","104879.00","156.54"
"Tue Apr 06 2021 09:15:00 GMT+0530 (India Standard Time)","160.00","166.80","159.10","162.50","159.96","53.85","54.20","53.37","159.21","284975.00","156.94"
"Tue Apr 06 2021 13:15:00 GMT+0530 (India Standard Time)","162.50","162.50","157.00","159.25","160.04","50.76","52.93","51.51","158.85","112465.00","157.24"
"Wed Apr 07 2021 09:15:00 GMT+0530 (India Standard Time)","158.45","164.70","158.45","160.60","160.15","51.96","53.39","52.22","158.52","145120.00","157.47"
"Wed Apr 07 2021 13:15:00 GMT+0530 (India Standard Time)","160.60","161.00","159.15","160.10","160.23","51.48","53.19","51.93","158.15","41008.00","157.45"
"Thu Apr 08 2021 09:15:00 GMT+0530 (India Standard Time)","160.80","163.90","160.75","162.30","160.33","53.49","53.96","53.11","157.92","181275.00","157.53"
"Thu Apr 08 2021 13:15:00 GMT+0530 (India Standard Time)","162.30","162.70","157.00","160.00","160.40","51.16","53.04","51.74","157.71","100275.00","157.41"
"Fri Apr 09 2021 09:15:00 GMT+0530 (India Standard Time)","158.70","169.00","158.70","164.90","160.56","55.50","54.71","54.31","157.80","540280.00","157.46"
"Fri Apr 09 2021 13:15:00 GMT+0530 (India Standard Time)","164.90","165.90","163.40","165.20","160.74","55.75","54.81","54.47","158.16","114324.00","157.76"
"Mon Apr 12 2021 09:15:00 GMT+0530 (India Standard Time)","163.70","163.70","150.00","153.00","160.70","44.87","50.20","47.79","158.27","313909.00","157.76"
"Mon Apr 12 2021 13:15:00 GMT+0530 (India Standard Time)","153.00","153.95","149.35","150.50","160.62","43.06","49.33","46.58","158.08","131449.00","157.85"
"Tue Apr 13 2021 09:15:00 GMT+0530 (India Standard Time)","150.80","156.90","150.60","153.05","160.56","45.41","50.22","47.96","157.85","112995.00","158.08"
"Tue Apr 13 2021 13:15:00 GMT+0530 (India Standard Time)","153.05","154.50","152.40","152.80","160.51","45.22","50.13","47.83","157.59","98528.00","158.11"
"Thu Apr 15 2021 09:15:00 GMT+0530 (India Standard Time)","152.70","154.05","148.35","152.00","160.31","44.59","49.85","47.43","157.19","110941.00","157.94"
"Thu Apr 15 2021 13:15:00 GMT+0530 (India Standard Time)","152.00","153.30","151.50","152.55","160.17","45.14","50.05","47.74","156.81","37958.00","157.79"
"Fri Apr 16 2021 09:15:00 GMT+0530 (India Standard Time)","153.55","156.00","149.30","153.00","159.93","45.61","50.21","48.00","156.59","127593.00","157.68"
"Fri Apr 16 2021 13:15:00 GMT+0530 (India Standard Time)","153.00","154.80","152.20","153.05","159.61","45.67","50.23","48.03","156.52","53212.00","157.57"
"Mon Apr 19 2021 09:15:00 GMT+0530 (India Standard Time)","148.00","150.00","142.30","146.80","159.16","40.38","47.96","44.76","156.41","132273.00","157.18"
"Mon Apr 19 2021 13:15:00 GMT+0530 (India Standard Time)","146.70","149.00","146.15","148.15","158.81","41.91","48.47","45.58","156.37","65200.00","156.60"
"Tue Apr 20 2021 09:15:00 GMT+0530 (India Standard Time)","149.50","151.95","147.65","149.00","158.47","42.87","48.79","46.10","156.26","146480.00","156.05"
"Tue Apr 20 2021 13:15:00 GMT+0530 (India Standard Time)","149.00","149.30","147.30","148.50","158.13","42.44","48.61","45.84","156.02","54285.00","155.64"
"Thu Apr 22 2021 09:15:00 GMT+0530 (India Standard Time)","144.00","149.00","144.00","147.30","157.64","41.38","48.17","45.20","155.70","61118.00","155.08"
"Thu Apr 22 2021 13:15:00 GMT+0530 (India Standard Time)","147.30","148.50","145.00","146.00","157.23","40.23","47.69","44.50","155.39","120057.00","154.30"
"Fri Apr 23 2021 09:15:00 GMT+0530 (India Standard Time)","147.20","155.50","145.05","152.65","156.96","47.96","50.26","48.65","155.22","209305.00","153.92"
"Fri Apr 23 2021 13:15:00 GMT+0530 (India Standard Time)","152.60","152.95","147.10","149.00","156.54","44.63","48.92","46.68","155.04","86303.00","153.37"
"Mon Apr 26 2021 09:15:00 GMT+0530 (India Standard Time)","149.10","150.00","146.20","148.60","156.11","44.28","48.77","46.47","154.62","127633.00","152.81"
"Mon Apr 26 2021 13:15:00 GMT+0530 (India Standard Time)","148.60","149.50","146.25","148.50","155.67","44.19","48.73","46.42","154.16","53280.00","152.14"
"Tue Apr 27 2021 09:15:00 GMT+0530 (India Standard Time)","148.50","149.65","146.85","149.50","155.27","45.38","49.13","47.05","153.86","73272.00","151.61"
"Tue Apr 27 2021 13:15:00 GMT+0530 (India Standard Time)","149.50","149.50","147.00","148.00","154.93","43.90","48.56","46.21","153.49","46282.00","150.84"
"Wed Apr 28 2021 09:15:00 GMT+0530 (India Standard Time)","148.90","154.00","148.90","151.90","154.73","48.47","50.08","48.67","153.09","144713.00","150.20"
"Wed Apr 28 2021 13:15:00 GMT+0530 (India Standard Time)","151.90","151.90","149.05","150.80","154.66","47.33","49.66","48.03","152.77","49239.00","150.00"
"Thu Apr 29 2021 09:15:00 GMT+0530 (India Standard Time)","151.20","153.80","148.25","149.70","154.60","46.19","49.24","47.39","152.39","84129.00","149.97"
"Thu Apr 29 2021 13:15:00 GMT+0530 (India Standard Time)","149.70","149.70","148.00","148.60","154.45","45.05","48.82","46.75","151.99","50393.00","149.74"
"Fri Apr 30 2021 09:15:00 GMT+0530 (India Standard Time)","146.90","149.95","144.85","145.90","154.18","42.35","47.79","45.21","151.44","138376.00","149.44"
"Fri Apr 30 2021 13:15:00 GMT+0530 (India Standard Time)","145.90","147.00","145.00","145.75","153.88","42.20","47.73","45.12","150.94","92912.00","149.16"
"Mon May 03 2021 09:15:00 GMT+0530 (India Standard Time)","143.55","148.65","142.95","145.95","153.55","42.48","47.82","45.27","150.28","110765.00","148.85"
"Mon May 03 2021 13:15:00 GMT+0530 (India Standard Time)","145.95","146.90","145.10","146.55","153.21","43.35","48.07","45.70","149.62","45389.00","148.54"
"Tue May 04 2021 09:15:00 GMT+0530 (India Standard Time)","147.00","147.95","144.80","144.85","152.95","41.49","47.40","44.67","149.27","96102.00","148.17"
"Tue May 04 2021 13:15:00 GMT+0530 (India Standard Time)","144.85","145.05","144.10","144.30","152.74","40.90","47.19","44.34","149.03","39524.00","148.07"
"Wed May 05 2021 09:15:00 GMT+0530 (India Standard Time)","144.95","147.00","144.30","145.55","152.66","42.85","47.74","45.29","148.74","84046.00","147.97"
"Wed May 05 2021 13:15:00 GMT+0530 (India Standard Time)","145.55","146.35","144.00","145.00","152.60","42.21","47.52","44.94","148.45","49169.00","147.76"
"Thu May 06 2021 09:15:00 GMT+0530 (India Standard Time)","145.20","146.45","142.00","144.20","152.43","41.26","47.19","44.43","148.20","95391.00","147.56"
"Thu May 06 2021 13:15:00 GMT+0530 (India Standard Time)","144.20","144.20","140.50","141.30","152.16","38.01","46.03","42.63","147.82","158830.00","147.32"
"Fri May 07 2021 09:15:00 GMT+0530 (India Standard Time)","142.80","143.95","141.00","141.35","151.89","38.09","46.05","42.67","147.44","107122.00","147.11"
"Fri May 07 2021 13:15:00 GMT+0530 (India Standard Time)","141.35","142.00","141.00","141.85","151.62","39.01","46.29","43.09","147.02","43163.00","146.64"
"Mon May 10 2021 09:15:00 GMT+0530 (India Standard Time)","142.20","147.35","139.45","144.85","151.39","44.19","47.69","45.56","146.93","269777.00","146.39"
"Mon May 10 2021 13:15:00 GMT+0530 (India Standard Time)","144.85","146.75","143.00","144.65","151.19","43.93","47.60","45.42","146.83","94075.00","146.21"
"Tue May 11 2021 09:15:00 GMT+0530 (India Standard Time)","143.50","149.20","142.55","147.45","150.92","48.41","48.89","47.65","146.72","261632.00","146.14"
"Tue May 11 2021 13:15:00 GMT+0530 (India Standard Time)","147.45","148.65","146.70","147.95","150.66","49.17","49.12","48.04","146.69","56375.00","146.09"
"Wed May 12 2021 09:15:00 GMT+0530 (India Standard Time)","147.80","149.60","145.00","146.70","150.46","47.34","48.57","47.14","146.71","100634.00","146.04"
"Wed May 12 2021 13:15:00 GMT+0530 (India Standard Time)","146.85","146.95","144.75","145.10","150.20","45.08","47.87","46.00","146.67","49829.00","145.74"
"Fri May 14 2021 09:15:00 GMT+0530 (India Standard Time)","146.35","147.20","141.20","142.95","149.81","42.23","46.95","44.51","146.41","145568.00","145.41"
"Fri May 14 2021 13:15:00 GMT+0530 (India Standard Time)","142.95","143.35","141.20","142.00","149.47","41.03","46.54","43.87","146.15","59573.00","145.01"
"Mon May 17 2021 09:15:00 GMT+0530 (India Standard Time)","141.10","144.50","141.10","143.00","149.10","42.83","47.03","44.74","145.95","56997.00","144.74"
"Mon May 17 2021 13:15:00 GMT+0530 (India Standard Time)","143.00","144.00","141.50","143.10","148.76","43.01","47.08","44.82","145.77","35614.00","144.56"
"Tue May 18 2021 09:15:00 GMT+0530 (India Standard Time)","144.00","153.90","143.00","151.90","148.52","55.99","51.15","51.74","145.80","532791.00","144.76"
"Tue May 18 2021 13:15:00 GMT+0530 (India Standard Time)","151.90","154.90","151.20","154.00","148.39","58.37","52.05","53.18","145.99","233026.00","145.13"
"Wed May 19 2021 09:15:00 GMT+0530 (India Standard Time)","153.95","162.00","153.55","157.20","148.25","61.68","53.38","55.28","146.20","558561.00","145.66"
"Wed May 19 2021 13:15:00 GMT+0530 (India Standard Time)","157.20","158.40","155.10","156.95","148.09","61.28","53.26","55.08","146.42","128735.00","146.20"
"Thu May 20 2021 09:15:00 GMT+0530 (India Standard Time)","158.40","159.00","155.60","157.90","148.14","62.25","53.65","55.70","146.67","153398.00","146.82"
"Thu May 20 2021 13:15:00 GMT+0530 (India Standard Time)","157.90","157.90","155.80","157.45","148.26","61.48","53.44","55.33","146.97","63873.00","147.38"
"Fri May 21 2021 09:15:00 GMT+0530 (India Standard Time)","157.90","163.40","156.75","160.75","148.40","64.84","54.80","57.47","147.44","376196.00","148.10"
"Fri May 21 2021 13:15:00 GMT+0530 (India Standard Time)","160.75","162.00","157.65","159.60","148.54","62.83","54.24","56.50","147.94","124022.00","148.84"
"Mon May 24 2021 09:15:00 GMT+0530 (India Standard Time)","160.20","169.00","160.20","165.55","148.81","68.17","56.60","60.09","148.62","586879.00","149.95"
"Mon May 24 2021 13:15:00 GMT+0530 (India Standard Time)","165.55","171.30","164.75","171.00","149.15","72.03","58.59","62.97","149.43","418783.00","151.26"
"Tue May 25 2021 09:15:00 GMT+0530 (India Standard Time)","173.65","177.50","168.20","169.00","149.51","68.82","57.60","61.30","150.35","997693.00","152.66"
"Tue May 25 2021 13:15:00 GMT+0530 (India Standard Time)","169.00","173.00","168.50","172.00","149.87","70.87","58.66","62.82","151.31","270562.00","153.95"
"Wed May 26 2021 09:15:00 GMT+0530 (India Standard Time)","173.70","173.80","168.50","170.80","150.36","68.96","58.07","61.82","152.21","377041.00","155.20"
"Wed May 26 2021 13:15:00 GMT+0530 (India Standard Time)","170.80","171.85","167.50","169.00","150.79","66.16","57.19","60.34","153.08","137629.00","156.28"
"Thu May 27 2021 09:15:00 GMT+0530 (India Standard Time)","169.95","171.65","165.45","166.00","151.15","61.77","55.75","57.96","153.92","261793.00","157.21"
"Thu May 27 2021 13:15:00 GMT+0530 (India Standard Time)","166.00","166.00","161.55","163.50","151.45","58.39","54.58","56.06","154.70","223293.00","158.00"
"Fri May 28 2021 09:15:00 GMT+0530 (India Standard Time)","163.90","172.90","162.50","170.00","151.89","63.81","56.96","59.60","155.64","625868.00","159.11"
"Fri May 28 2021 13:15:00 GMT+0530 (India Standard Time)","170.00","170.20","167.50","169.40","152.35","63.01","56.68","59.15","156.62","232112.00","160.33"
"Mon May 31 2021 09:15:00 GMT+0530 (India Standard Time)","176.00","178.90","170.00","173.55","152.80","66.08","58.13","61.24","157.70","1124144.00","161.85"
"Mon May 31 2021 13:15:00 GMT+0530 (India Standard Time)","173.55","174.00","167.10","169.50","153.21","60.90","56.26","58.24","158.60","339567.00","163.14"
"Tue Jun 01 2021 09:15:00 GMT+0530 (India Standard Time)","170.00","173.40","163.70","166.70","153.59","57.62","55.02","56.29","159.37","318204.00","164.32"
"Tue Jun 01 2021 13:15:00 GMT+0530 (India Standard Time)","166.70","167.70","164.70","166.40","153.96","57.27","54.89","56.08","160.03","112947.00","165.08"
"Wed Jun 02 2021 09:15:00 GMT+0530 (India Standard Time)","166.50","170.60","165.05","166.55","154.32","57.41","54.94","56.16","160.76","259982.00","165.74"
"Wed Jun 02 2021 13:15:00 GMT+0530 (India Standard Time)","166.55","167.00","166.50","167.00","154.70","57.83","55.11","56.42","161.52","95636.00","166.18"
"Thu Jun 03 2021 09:15:00 GMT+0530 (India Standard Time)","168.15","169.90","165.65","166.25","155.00","56.85","54.77","55.86","162.36","144947.00","166.67"
"Thu Jun 03 2021 13:15:00 GMT+0530 (India Standard Time)","166.25","166.90","164.20","165.10","155.30","55.34","54.24","55.01","163.19","145065.00","167.03"
"Fri Jun 04 2021 09:15:00 GMT+0530 (India Standard Time)","166.05","168.45","164.50","165.75","155.61","56.03","54.49","55.41","164.02","183201.00","167.46"
"Fri Jun 04 2021 13:15:00 GMT+0530 (India Standard Time)","165.75","166.00","164.45","165.00","155.94","55.00","54.14","54.83","164.82","110463.00","167.68"
"Mon Jun 07 2021 09:15:00 GMT+0530 (India Standard Time)","169.90","184.90","168.65","180.50","156.58","67.85","59.64","62.98","165.83","1982439.00","168.59"
"Mon Jun 07 2021 13:15:00 GMT+0530 (India Standard Time)","180.50","181.90","177.30","179.90","157.26","67.07","59.36","62.53","166.77","462590.00","169.28"
"Tue Jun 08 2021 09:15:00 GMT+0530 (India Standard Time)","183.00","188.95","182.35","186.60","158.06","70.98","61.42","65.37","167.78","1253853.00","170.08"
"Tue Jun 08 2021 13:15:00 GMT+0530 (India Standard Time)","186.45","194.50","186.40","191.30","158.95","73.31","62.77","67.16","169.00","2015347.00","171.03"
"Wed Jun 09 2021 09:15:00 GMT+0530 (India Standard Time)","192.50","196.50","182.80","183.50","159.77","64.31","59.27","61.71","170.07","782909.00","171.75"
"Wed Jun 09 2021 13:15:00 GMT+0530 (India Standard Time)","182.75","185.80","181.45","184.00","160.56","64.60","59.41","61.91","171.02","387616.00","172.36"
"Thu Jun 10 2021 09:15:00 GMT+0530 (India Standard Time)","184.85","191.00","184.50","186.95","161.40","66.31","60.28","63.10","172.00","407177.00","173.22"
"Thu Jun 10 2021 13:15:00 GMT+0530 (India Standard Time)","186.90","192.50","186.30","187.60","162.26","66.68","60.47","63.36","173.03","464507.00","174.23"
"Fri Jun 11 2021 09:15:00 GMT+0530 (India Standard Time)","189.50","191.45","185.10","186.65","163.13","65.57","60.04","62.70","173.85","337211.00","175.36"
"Fri Jun 11 2021 13:15:00 GMT+0530 (India Standard Time)","186.70","199.75","186.00","198.00","164.20","71.53","63.20","66.96","174.76","1048726.00","176.63"
"Mon Jun 14 2021 09:15:00 GMT+0530 (India Standard Time)","201.40","212.00","196.25","207.70","165.48","75.36","65.56","69.97","175.97","3644145.00","178.38"
"Mon Jun 14 2021 13:15:00 GMT+0530 (India Standard Time)","207.70","208.60","205.00","208.20","166.80","75.53","65.68","70.11","177.26","530034.00","179.98"
"Tue Jun 15 2021 09:15:00 GMT+0530 (India Standard Time)","209.00","245.00","209.00","224.70","168.43","80.43","69.16","74.31","179.23","5215209.00","182.64"
"Tue Jun 15 2021 13:15:00 GMT+0530 (India Standard Time)","224.70","247.70","224.25","242.00","170.32","83.97","72.18","77.69","181.67","2546450.00","186.03"
"Wed Jun 16 2021 09:15:00 GMT+0530 (India Standard Time)","245.15","246.60","229.55","235.80","172.12","78.62","69.69","74.10","184.16","2897100.00","189.40"
"Wed Jun 16 2021 13:15:00 GMT+0530 (India Standard Time)","235.95","238.85","231.35","233.00","173.85","76.32","68.60","72.54","186.69","593358.00","192.58"
"Thu Jun 17 2021 09:15:00 GMT+0530 (India Standard Time)","228.70","236.80","225.30","233.05","175.55","76.33","68.61","72.55","188.95","589365.00","195.68"
"Thu Jun 17 2021 13:15:00 GMT+0530 (India Standard Time)","233.05","233.50","226.40","232.20","177.26","75.59","68.28","72.06","191.15","283202.00","198.74"
"Fri Jun 18 2021 09:15:00 GMT+0530 (India Standard Time)","233.10","234.80","210.00","223.85","178.85","68.72","65.10","67.49","192.89","935959.00","201.49"
"Fri Jun 18 2021 13:15:00 GMT+0530 (India Standard Time)","223.85","224.95","220.00","223.00","180.46","68.05","64.79","67.05","194.76","254694.00","204.18"
"Mon Jun 21 2021 09:15:00 GMT+0530 (India Standard Time)","218.00","228.00","215.00","226.15","182.08","69.21","65.41","67.85","196.73","337640.00","206.98"
"Mon Jun 21 2021 13:15:00 GMT+0530 (India Standard Time)","226.15","226.90","223.90","226.30","183.74","69.26","65.44","67.89","198.85","119853.00","209.23"
"Tue Jun 22 2021 09:15:00 GMT+0530 (India Standard Time)","228.65","234.00","225.00","231.00","185.34","70.98","66.37","69.09","201.09","387826.00","211.63"
"Tue Jun 22 2021 13:15:00 GMT+0530 (India Standard Time)","231.00","231.60","226.50","228.00","186.84","68.42","65.23","67.44","203.30","150219.00","213.65"
"Wed Jun 23 2021 09:15:00 GMT+0530 (India Standard Time)","229.95","231.45","225.95","226.65","188.25","67.27","64.73","66.70","205.47","182014.00","215.40"
"Wed Jun 23 2021 13:15:00 GMT+0530 (India Standard Time)","226.65","228.00","222.00","223.20","189.59","64.37","63.44","64.84","207.57","96238.00","217.19"
"Thu Jun 24 2021 09:15:00 GMT+0530 (India Standard Time)","224.65","228.50","221.85","224.65","190.94","65.03","63.75","65.26","209.67","138495.00","219.15"
"Thu Jun 24 2021 13:15:00 GMT+0530 (India Standard Time)","224.65","224.80","216.00","219.60","192.19","60.87","61.91","62.59","211.64","123087.00","220.70"
"Fri Jun 25 2021 09:15:00 GMT+0530 (India Standard Time)","220.90","228.15","220.45","225.55","193.48","63.74","63.18","64.36","213.30","389301.00","222.44"
"Fri Jun 25 2021 13:15:00 GMT+0530 (India Standard Time)","225.60","226.35","221.65","222.50","194.75","61.32","62.10","62.79","214.87","78438.00","224.14"
"Mon Jun 28 2021 09:15:00 GMT+0530 (India Standard Time)","224.30","240.00","224.30","234.25","196.12","66.47","64.50","66.06","216.54","1197632.00","225.94"
"Mon Jun 28 2021 13:15:00 GMT+0530 (India Standard Time)","234.25","236.70","232.20","235.90","197.43","67.12","64.81","66.49","218.12","363181.00","227.33"
"Tue Jun 29 2021 09:15:00 GMT+0530 (India Standard Time)","235.20","237.50","230.10","231.00","198.66","63.32","63.10","64.03","219.74","325201.00","228.52"
"Tue Jun 29 2021 13:15:00 GMT+0530 (India Standard Time)","231.00","231.50","228.20","229.55","199.83","62.22","62.60","63.32","221.38","176449.00","228.70"
"Wed Jun 30 2021 09:15:00 GMT+0530 (India Standard Time)","231.00","237.65","225.85","228.40","201.01","61.34","62.21","62.75","222.92","685516.00","228.28"
"Wed Jun 30 2021 13:15:00 GMT+0530 (India Standard Time)","228.40","228.75","224.00","226.00","202.15","59.49","61.38","61.57","224.26","153538.00","227.77"
"Thu Jul 01 2021 09:15:00 GMT+0530 (India Standard Time)","228.30","229.45","224.10","225.95","203.33","59.45","61.36","61.54","225.64","244648.00","227.40"
"Thu Jul 01 2021 13:15:00 GMT+0530 (India Standard Time)","225.95","227.70","222.00","223.10","204.53","57.19","60.38","60.12","226.70","161728.00","227.02"
"Fri Jul 02 2021 09:15:00 GMT+0530 (India Standard Time)","225.25","228.70","223.10","227.00","205.69","59.41","61.25","61.38","227.45","246757.00","226.80"
"Fri Jul 02 2021 13:15:00 GMT+0530 (India Standard Time)","227.00","236.00","224.00","235.70","206.96","63.79","63.08","63.99","228.33","643978.00","227.26"
"Mon Jul 05 2021 09:15:00 GMT+0530 (India Standard Time)","235.90","253.25","232.25","242.20","208.33","66.62","64.37","65.77","228.92","1417959.00","228.20"
"Mon Jul 05 2021 13:15:00 GMT+0530 (India Standard Time)","242.05","244.50","238.65","241.90","209.76","66.37","64.26","65.61","229.05","294635.00","229.05"
"Tue Jul 06 2021 09:15:00 GMT+0530 (India Standard Time)","241.95","244.30","238.10","239.65","211.22","64.46","63.47","64.45","229.17","382189.00","229.75"
"Tue Jul 06 2021 13:15:00 GMT+0530 (India Standard Time)","240.00","240.00","229.55","231.95","212.56","58.40","60.86","60.66","229.15","362505.00","229.89"
"Wed Jul 07 2021 09:15:00 GMT+0530 (India Standard Time)","231.95","237.95","228.95","233.35","213.89","59.13","61.16","61.09","229.21","325709.00","230.13"
"Wed Jul 07 2021 13:15:00 GMT+0530 (India Standard Time)","233.65","234.60","232.60","233.00","215.21","58.86","61.04","60.92","229.31","84096.00","230.39"
"Thu Jul 08 2021 09:15:00 GMT+0530 (India Standard Time)","233.00","234.95","229.75","230.15","216.50","56.63","60.08","59.53","229.62","299166.00","230.73"
"Thu Jul 08 2021 13:15:00 GMT+0530 (India Standard Time)","230.15","230.85","224.20","227.00","217.74","54.25","59.04","58.03","229.79","233948.00","230.85"
"Fri Jul 09 2021 09:15:00 GMT+0530 (India Standard Time)","224.50","227.00","222.50","225.90","218.92","53.42","58.68","57.51","229.86","362809.00","231.10"
"Fri Jul 09 2021 13:15:00 GMT+0530 (India Standard Time)","225.95","226.60","224.05","226.20","220.13","53.62","58.75","57.61","229.86","122980.00","231.14"
"Mon Jul 12 2021 09:15:00 GMT+0530 (India Standard Time)","228.75","235.00","227.20","228.30","221.16","55.06","59.24","58.37","229.86","252068.00","231.45"
"Mon Jul 12 2021 13:15:00 GMT+0530 (India Standard Time)","228.00","230.20","224.15","226.75","222.10","53.77","58.71","57.59","229.80","309487.00","231.15"
"Tue Jul 13 2021 09:15:00 GMT+0530 (India Standard Time)","230.00","238.50","230.00","232.80","223.05","57.81","60.13","59.74","230.01","765265.00","231.07"
"Tue Jul 13 2021 13:15:00 GMT+0530 (India Standard Time)","232.80","235.00","231.60","233.00","223.89","57.94","60.17","59.81","230.32","224432.00","231.11"
"Wed Jul 14 2021 09:15:00 GMT+0530 (India Standard Time)","233.50","238.60","232.50","234.90","224.87","59.17","60.61","60.48","230.69","228068.00","231.37"
"Wed Jul 14 2021 13:15:00 GMT+0530 (India Standard Time)","234.90","234.95","230.00","231.40","225.83","56.00","59.38","58.64","231.12","164758.00","231.46"
"Thu Jul 15 2021 09:15:00 GMT+0530 (India Standard Time)","229.00","234.55","228.75","230.10","226.70","54.85","58.93","57.96","231.35","354614.00","231.68"
"Thu Jul 15 2021 13:15:00 GMT+0530 (India Standard Time)","230.10","230.95","228.05","229.25","227.52","54.09","58.64","57.52","231.56","94761.00","231.82"
"Fri Jul 16 2021 09:15:00 GMT+0530 (India Standard Time)","230.40","236.90","228.10","234.05","228.43","57.58","59.80","59.33","231.57","645138.00","232.27"
"Fri Jul 16 2021 13:15:00 GMT+0530 (India Standard Time)","234.05","234.70","228.50","231.65","229.16","55.37","58.96","58.06","231.45","287799.00","232.51"
"Mon Jul 19 2021 09:15:00 GMT+0530 (India Standard Time)","231.65","233.90","230.10","231.65","229.68","55.37","58.96","58.06","231.41","141144.00","232.47"
"Mon Jul 19 2021 13:15:00 GMT+0530 (India Standard Time)","231.65","236.50","230.15","235.00","230.21","57.86","59.78","59.35","231.56","269409.00","232.07"
"Tue Jul 20 2021 09:15:00 GMT+0530 (India Standard Time)","236.00","236.00","227.00","231.50","230.32","54.52","58.53","57.45","231.59","478731.00","231.58"
"Tue Jul 20 2021 13:15:00 GMT+0530 (India Standard Time)","231.50","232.00","227.50","228.55","230.12","51.88","57.51","55.90","231.70","189156.00","231.05"
"Thu Jul 22 2021 09:15:00 GMT+0530 (India Standard Time)","234.00","234.50","229.15","230.40","230.01","53.37","57.98","56.65","231.87","268701.00","230.94"
"Thu Jul 22 2021 13:15:00 GMT+0530 (India Standard Time)","230.40","231.05","228.60","229.70","229.92","52.72","57.73","56.28","232.07","113411.00","230.76"
"Fri Jul 23 2021 09:15:00 GMT+0530 (India Standard Time)","232.70","257.80","229.60","255.50","230.27","67.84","63.55","65.04","232.84","3913075.00","231.54"
"Fri Jul 23 2021 13:15:00 GMT+0530 (India Standard Time)","255.70","260.25","244.45","247.00","230.65","61.08","60.74","60.90","233.50","2230356.00","232.42"
"Mon Jul 26 2021 09:15:00 GMT+0530 (India Standard Time)","247.95","268.20","247.60","263.75","231.40","67.73","63.93","65.37","234.12","2818638.00","234.02"
"Mon Jul 26 2021 13:15:00 GMT+0530 (India Standard Time)","263.75","266.45","258.25","265.00","232.22","68.16","64.16","65.67","234.89","858067.00","235.84"
"Tue Jul 27 2021 09:15:00 GMT+0530 (India Standard Time)","266.70","271.85","254.25","255.30","232.93","61.53","61.19","61.41","235.60","1109326.00","237.43"
"Tue Jul 27 2021 13:15:00 GMT+0530 (India Standard Time)","255.30","262.70","255.30","262.00","233.62","64.07","62.41","63.11","236.53","314604.00","238.90"
"Wed Jul 28 2021 09:15:00 GMT+0530 (India Standard Time)","262.00","262.55","246.00","253.90","234.10","59.13","60.08","59.83","237.27","749041.00","240.19"
"Wed Jul 28 2021 13:15:00 GMT+0530 (India Standard Time)","253.90","254.50","250.50","253.80","234.59","59.07","60.05","59.79","237.97","209982.00","241.13"
"Thu Jul 29 2021 09:15:00 GMT+0530 (India Standard Time)","255.00","262.00","255.00","257.40","235.19","60.56","60.73","60.75","238.91","324103.00","242.31"
"Thu Jul 29 2021 13:15:00 GMT+0530 (India Standard Time)","257.40","259.55","256.25","258.90","235.88","61.17","61.01","61.15","240.02","162191.00","243.41"
"Fri Jul 30 2021 09:15:00 GMT+0530 (India Standard Time)","258.15","259.70","253.00","257.45","236.52","60.22","60.58","60.54","241.15","374895.00","244.60"
"Fri Jul 30 2021 13:15:00 GMT+0530 (India Standard Time)","257.10","268.50","255.00","259.95","237.34","61.31","61.06","61.22","242.41","801272.00","246.03"
"Mon Aug 02 2021 09:15:00 GMT+0530 (India Standard Time)","257.95","261.90","245.15","256.60","237.94","59.02","60.07","59.80","243.29","1142976.00","247.25"
"Mon Aug 02 2021 13:15:00 GMT+0530 (India Standard Time)","256.60","257.00","253.00","254.80","238.57","57.81","59.54","59.03","244.28","222881.00","248.28"
"Tue Aug 03 2021 09:15:00 GMT+0530 (India Standard Time)","257.40","263.50","256.00","256.80","239.07","58.80","59.94","59.62","245.17","331624.00","249.55"
"Tue Aug 03 2021 13:15:00 GMT+0530 (India Standard Time)","256.80","257.80","252.00","252.20","239.44","55.64","58.59","57.67","245.92","173856.00","250.58"
"Wed Aug 04 2021 09:15:00 GMT+0530 (India Standard Time)","254.30","256.70","245.10","245.55","239.76","51.45","56.71","54.98","246.41","340161.00","251.25"
"Wed Aug 04 2021 13:15:00 GMT+0530 (India Standard Time)","245.55","245.60","242.00","244.95","240.05","51.08","56.54","54.75","246.84","238376.00","251.87"
"Thu Aug 05 2021 09:15:00 GMT+0530 (India Standard Time)","245.00","247.65","231.50","240.75","240.25","48.55","55.38","53.10","247.16","833488.00","252.39"
"Thu Aug 05 2021 13:15:00 GMT+0530 (India Standard Time)","240.75","240.75","231.00","235.50","240.44","45.59","53.97","51.13","247.38","334419.00","252.61"
"Fri Aug 06 2021 09:15:00 GMT+0530 (India Standard Time)","233.30","237.05","232.50","234.75","240.61","45.17","53.77","50.85","247.45","287372.00","252.85"
"Fri Aug 06 2021 13:15:00 GMT+0530 (India Standard Time)","234.75","238.90","233.40","235.75","240.85","45.86","54.00","51.21","247.60","125809.00","252.20"
"Mon Aug 09 2021 09:15:00 GMT+0530 (India Standard Time)","236.75","244.30","236.25","238.85","241.11","47.98","54.71","52.34","247.89","334744.00","251.72"
"Mon Aug 09 2021 13:15:00 GMT+0530 (India Standard Time)","238.85","238.95","234.50","237.00","241.19","46.83","54.20","51.61","247.99","115823.00","250.57"
"Tue Aug 10 2021 09:15:00 GMT+0530 (India Standard Time)","236.90","238.55","228.80","229.00","240.97","42.23","52.07","48.60","248.01","219669.00","249.03"
"Tue Aug 10 2021 13:15:00 GMT+0530 (India Standard Time)","229.00","229.40","205.00","222.65","240.53","39.04","50.46","46.38","247.64","641079.00","247.17"
"Wed Aug 11 2021 09:15:00 GMT+0530 (India Standard Time)","221.00","226.85","205.80","220.95","240.10","38.22","50.04","45.81","247.16","1237550.00","245.17"
"Wed Aug 11 2021 13:15:00 GMT+0530 (India Standard Time)","220.95","221.30","212.05","215.00","239.75","35.51","48.59","43.86","246.67","350009.00","243.35"
"Thu Aug 12 2021 09:15:00 GMT+0530 (India Standard Time)","215.70","234.40","215.60","228.70","239.62","44.97","51.85","49.01","245.91","762117.00","242.10"
"Thu Aug 12 2021 13:15:00 GMT+0530 (India Standard Time)","228.70","230.80","227.00","230.60","239.55","46.12","52.28","49.67","245.16","168786.00","240.76"
"Fri Aug 13 2021 09:15:00 GMT+0530 (India Standard Time)","231.05","233.10","226.30","227.60","239.49","44.57","51.54","48.65","244.05","317225.00","239.34"
"Fri Aug 13 2021 13:15:00 GMT+0530 (India Standard Time)","227.60","228.05","225.10","226.00","239.47","43.75","51.15","48.10","242.74","114954.00","237.88"
"Mon Aug 16 2021 09:15:00 GMT+0530 (India Standard Time)","226.35","228.20","216.45","218.00","239.37","39.89","49.25","45.50","241.32","345458.00","235.94"
"Mon Aug 16 2021 13:15:00 GMT+0530 (India Standard Time)","218.00","218.45","216.35","217.75","239.21","39.78","49.19","45.42","239.81","217556.00","234.16"
"Tue Aug 17 2021 09:15:00 GMT+0530 (India Standard Time)","218.55","222.70","213.40","216.00","238.95","38.95","48.78","44.85","238.49","241341.00","232.35"
"Tue Aug 17 2021 13:15:00 GMT+0530 (India Standard Time)","215.70","219.25","215.25","217.60","238.76","40.15","49.18","45.49","237.22","107214.00","230.41"
"Wed Aug 18 2021 09:15:00 GMT+0530 (India Standard Time)","219.25","221.45","213.35","214.75","238.41","38.73","48.50","44.55","235.74","178937.00","228.63"
"Wed Aug 18 2021 13:15:00 GMT+0530 (India Standard Time)","214.75","215.40","213.20","214.70","238.04","38.70","48.49","44.53","234.17","89792.00","227.02"
"Fri Aug 20 2021 09:15:00 GMT+0530 (India Standard Time)","212.70","215.90","207.50","209.25","237.55","36.03","47.20","42.75","232.54","318270.00","225.40"
"Fri Aug 20 2021 13:15:00 GMT+0530 (India Standard Time)","209.50","210.95","207.00","207.75","237.07","35.32","46.85","42.27","230.66","106776.00","223.89"
"Mon Aug 23 2021 09:15:00 GMT+0530 (India Standard Time)","211.90","214.50","192.05","200.50","236.49","32.13","45.20","40.04","228.79","822313.00","222.28"
"Mon Aug 23 2021 13:15:00 GMT+0530 (India Standard Time)","200.50","208.80","193.10","194.00","235.86","29.61","43.80","38.18","226.78","454440.00","220.51"
"Tue Aug 24 2021 09:15:00 GMT+0530 (India Standard Time)","194.60","203.40","194.60","198.50","235.17","33.40","45.00","40.16","224.64","516101.00","218.73"
"Tue Aug 24 2021 13:15:00 GMT+0530 (India Standard Time)","198.50","201.30","197.75","199.50","234.52","34.23","45.27","40.59","222.70","229559.00","216.83"
"Wed Aug 25 2021 09:15:00 GMT+0530 (India Standard Time)","200.70","217.00","200.70","214.15","234.12","44.79","48.94","46.45","221.32","925737.00","215.62"
"Wed Aug 25 2021 13:15:00 GMT+0530 (India Standard Time)","214.15","224.45","211.50","221.55","233.83","49.12","50.65","49.06","220.43","547957.00","215.07"
"Thu Aug 26 2021 09:15:00 GMT+0530 (India Standard Time)","221.95","226.70","216.50","221.30","233.63","48.99","50.59","48.98","219.77","802706.00","215.14"
"Thu Aug 26 2021 13:15:00 GMT+0530 (India Standard Time)","221.40","224.50","216.00","218.50","233.43","47.44","49.94","48.04","219.19","280215.00","215.18"
"Fri Aug 27 2021 09:15:00 GMT+0530 (India Standard Time)","218.00","218.65","213.70","214.50","233.12","45.29","49.02","46.73","218.51","228098.00","215.15"
"Fri Aug 27 2021 13:15:00 GMT+0530 (India Standard Time)","214.65","220.75","213.20","216.00","232.85","46.25","49.37","47.29","217.82","245377.00","214.66"
"Mon Aug 30 2021 09:15:00 GMT+0530 (India Standard Time)","218.70","221.50","217.35","218.65","232.24","47.94","50.00","48.27","217.08","194962.00","214.15"
"Mon Aug 30 2021 13:15:00 GMT+0530 (India Standard Time)","218.65","220.25","217.15","218.95","231.62","48.14","50.07","48.38","216.44","141108.00","213.68"
"Tue Aug 31 2021 09:15:00 GMT+0530 (India Standard Time)","218.90","237.80","217.35","234.20","231.02","56.74","53.51","53.62","216.35","1998730.00","213.90"
"Tue Aug 31 2021 13:15:00 GMT+0530 (India Standard Time)","234.20","239.65","233.20","238.15","230.50","58.61","54.34","54.84","217.00","847303.00","214.71"
"Wed Sep 01 2021 09:15:00 GMT+0530 (India Standard Time)","240.50","242.55","232.00","236.50","230.05","57.52","53.93","54.22","217.68","678087.00","215.63"
"Wed Sep 01 2021 13:15:00 GMT+0530 (India Standard Time)","236.50","241.80","236.50","240.80","229.64","59.57","54.84","55.56","218.52","531983.00","216.73"
"Thu Sep 02 2021 09:15:00 GMT+0530 (India Standard Time)","242.45","246.00","238.90","243.50","229.42","60.82","55.40","56.38","219.11","772623.00","217.94"
"Thu Sep 02 2021 13:15:00 GMT+0530 (India Standard Time)","243.50","247.90","243.35","247.15","229.28","62.47","56.14","57.47","219.71","400981.00","219.39"
"Fri Sep 03 2021 09:15:00 GMT+0530 (India Standard Time)","246.50","246.50","239.15","240.60","228.96","57.89","54.48","54.93","220.18","528658.00","220.68"
"Fri Sep 03 2021 13:15:00 GMT+0530 (India Standard Time)","240.55","241.50","236.35","237.05","228.55","55.56","53.60","53.61","220.60","198589.00","221.99"
"Mon Sep 06 2021 09:15:00 GMT+0530 (India Standard Time)","237.60","244.70","237.60","241.05","228.23","57.58","54.44","54.87","221.32","392962.00","223.55"
"Mon Sep 06 2021 13:15:00 GMT+0530 (India Standard Time)","241.20","241.35","238.20","239.10","227.81","56.27","53.95","54.13","222.11","109260.00","225.34"
"Tue Sep 07 2021 09:15:00 GMT+0530 (India Standard Time)","240.30","240.90","232.90","235.25","227.43","53.75","53.00","52.70","222.79","294584.00","227.18"
"Tue Sep 07 2021 13:15:00 GMT+0530 (India Standard Time)","235.25","235.65","233.00","234.00","227.01","52.94","52.69","52.24","223.39","130937.00","228.86"
"Wed Sep 08 2021 09:15:00 GMT+0530 (India Standard Time)","234.50","236.35","230.50","230.65","226.49","50.79","51.87","51.01","223.96","215972.00","230.41"
"Wed Sep 08 2021 13:15:00 GMT+0530 (India Standard Time)","230.95","234.25","230.60","233.05","226.07","52.25","52.41","51.84","224.61","96687.00","231.43"
"Thu Sep 09 2021 09:15:00 GMT+0530 (India Standard Time)","234.00","241.25","234.00","237.30","225.86","54.74","53.36","53.30","225.56","383844.00","232.27"
"Thu Sep 09 2021 13:15:00 GMT+0530 (India Standard Time)","237.30","238.00","236.00","236.90","225.71","54.46","53.26","53.14","226.58","127131.00","233.01"
"Mon Sep 13 2021 09:15:00 GMT+0530 (India Standard Time)","237.00","265.15","233.00","262.35","226.02","66.11","58.38","60.65","228.40","3017608.00","234.74"
"Mon Sep 13 2021 13:15:00 GMT+0530 (India Standard Time)","262.50","282.35","255.55","276.50","226.76","70.51","60.81","63.95","231.01","7031485.00","237.47"
"Tue Sep 14 2021 09:15:00 GMT+0530 (India Standard Time)","278.00","291.75","271.35","276.80","227.65","70.59","60.86","64.01","233.90","5630349.00","240.45"
"Tue Sep 14 2021 13:15:00 GMT+0530 (India Standard Time)","276.80","280.40","275.70","276.70","228.48","70.52","60.83","63.97","236.69","741794.00","243.23"
"Wed Sep 15 2021 09:15:00 GMT+0530 (India Standard Time)","277.90","279.00","268.30","271.50","229.14","66.84","59.49","61.90","238.92","969630.00","245.79"
"Wed Sep 15 2021 13:15:00 GMT+0530 (India Standard Time)","271.50","271.95","267.80","269.00","229.79","65.13","58.85","60.93","240.72","355382.00","247.63"
"Thu Sep 16 2021 09:15:00 GMT+0530 (India Standard Time)","272.00","281.75","268.20","273.05","230.64","66.59","59.56","61.93","242.60","2036851.00","249.38"
"Thu Sep 16 2021 13:15:00 GMT+0530 (India Standard Time)","273.00","276.80","272.25","273.95","231.73","66.91","59.72","62.15","244.56","450031.00","251.15"
"Fri Sep 17 2021 09:15:00 GMT+0530 (India Standard Time)","278.00","278.00","257.85","261.65","232.65","58.76","56.64","57.45","246.35","786552.00","252.34"
"Fri Sep 17 2021 13:15:00 GMT+0530 (India Standard Time)","261.65","269.40","260.45","267.35","233.66","61.07","57.67","58.93","248.10","641438.00","253.44"
"Mon Sep 20 2021 09:15:00 GMT+0530 (India Standard Time)","261.00","266.35","258.30","259.00","234.33","56.23","55.69","56.00","249.61","478698.00","254.12"
"Mon Sep 20 2021 13:15:00 GMT+0530 (India Standard Time)","259.00","259.00","245.70","246.60","234.73","50.05","52.95","52.04","250.74","576759.00","254.49"
"Tue Sep 21 2021 09:15:00 GMT+0530 (India Standard Time)","248.00","253.90","242.65","249.55","235.13","51.38","53.51","52.85","251.41","907866.00","255.01"
"Tue Sep 21 2021 13:15:00 GMT+0530 (India Standard Time)","249.55","254.70","247.00","252.40","235.64","52.67","54.04","53.64","251.92","370103.00","255.51"
"Wed Sep 22 2021 09:15:00 GMT+0530 (India Standard Time)","253.75","274.00","249.35","271.50","236.57","60.08","57.37","58.40","252.92","1576377.00","256.80"
"Wed Sep 22 2021 13:15:00 GMT+0530 (India Standard Time)","271.50","271.80","265.60","266.20","237.56","57.46","56.22","56.74","253.93","560942.00","258.30"
"Thu Sep 23 2021 09:15:00 GMT+0530 (India Standard Time)","268.60","278.10","265.50","272.75","238.67","59.74","57.30","58.25","254.97","1303608.00","260.11"
"Thu Sep 23 2021 13:15:00 GMT+0530 (India Standard Time)","272.75","273.10","268.35","270.45","239.73","58.58","56.80","57.52","255.85","334962.00","261.95"
"Fri Sep 24 2021 09:15:00 GMT+0530 (India Standard Time)","270.00","271.65","258.30","259.50","240.66","53.41","54.49","54.21","256.60","755723.00","263.35"
"Fri Sep 24 2021 13:15:00 GMT+0530 (India Standard Time)","259.50","262.10","257.70","262.10","241.59","54.41","54.94","54.85","257.40","236158.00","264.47"
"Mon Sep 27 2021 09:15:00 GMT+0530 (India Standard Time)","263.70","266.60","251.30","255.35","242.52","51.39","53.56","52.89","257.99","659043.00","265.44"
"Mon Sep 27 2021 13:15:00 GMT+0530 (India Standard Time)","255.30","256.50","252.60","254.50","243.44","51.02","53.39","52.65","258.53","234704.00","265.38"
"Tue Sep 28 2021 09:15:00 GMT+0530 (India Standard Time)","256.05","261.30","251.50","252.00","244.49","49.89","52.88","51.93","259.19","620875.00","264.50"
"Tue Sep 28 2021 13:15:00 GMT+0530 (India Standard Time)","252.00","256.95","251.50","254.00","245.62","50.80","53.24","52.46","259.90","405406.00","263.30"
"Wed Sep 29 2021 09:15:00 GMT+0530 (India Standard Time)","253.75","260.90","250.10","257.30","246.77","52.30","53.84","53.35","260.75","383200.00","262.30"
"Wed Sep 29 2021 13:15:00 GMT+0530 (India Standard Time)","257.30","257.55","254.00","255.50","247.90","51.41","53.46","52.80","261.57","162897.00","261.50"
"Thu Sep 30 2021 09:15:00 GMT+0530 (India Standard Time)","255.90","263.30","255.25","257.25","248.83","52.24","53.78","53.28","262.32","627379.00","260.97"
"Thu Sep 30 2021 13:15:00 GMT+0530 (India Standard Time)","257.25","258.90","256.10","257.60","249.59","52.41","53.85","53.38","263.06","126065.00","260.18"
"Fri Oct 01 2021 09:15:00 GMT+0530 (India Standard Time)","258.15","260.70","253.55","259.00","250.32","53.12","54.11","53.78","263.21","400641.00","259.41"
"Fri Oct 01 2021 13:15:00 GMT+0530 (India Standard Time)","259.15","262.30","257.60","258.10","251.11","52.59","53.91","53.47","262.78","272483.00","259.14"
"Mon Oct 04 2021 09:15:00 GMT+0530 (India Standard Time)","261.90","261.90","258.00","260.00","252.01","53.62","54.27","54.03","262.06","327768.00","258.84"
"Mon Oct 04 2021 13:15:00 GMT+0530 (India Standard Time)","260.00","272.00","259.70","265.90","252.99","56.67","55.39","55.74","261.64","1070587.00","259.09"
"Tue Oct 05 2021 09:15:00 GMT+0530 (India Standard Time)","267.95","274.90","265.50","271.65","254.03","59.40","56.44","57.33","261.56","768860.00","260.11"
"Tue Oct 05 2021 13:15:00 GMT+0530 (India Standard Time)","271.65","272.50","270.00","272.00","255.09","59.56","56.50","57.42","261.63","243615.00","261.19"
"Wed Oct 06 2021 09:15:00 GMT+0530 (India Standard Time)","272.65","272.75","265.05","265.15","255.81","55.02","54.90","54.95","261.39","375274.00","261.93"
"Wed Oct 06 2021 13:15:00 GMT+0530 (India Standard Time)","265.20","265.75","261.40","263.35","256.33","53.89","54.49","54.31","261.01","244458.00","261.78"
"Thu Oct 07 2021 09:15:00 GMT+0530 (India Standard Time)","266.25","271.00","263.45","266.60","256.93","55.62","55.11","55.27","261.05","584393.00","261.75"
"Thu Oct 07 2021 13:15:00 GMT+0530 (India Standard Time)","266.40","267.90","264.05","267.75","257.47","56.24","55.33","55.61","261.08","243684.00","261.50"
"Fri Oct 08 2021 09:15:00 GMT+0530 (India Standard Time)","269.00","276.50","264.30","267.40","257.99","55.99","55.25","55.48","261.37","921881.00","261.42"
"Fri Oct 08 2021 13:15:00 GMT+0530 (India Standard Time)","267.40","268.50","265.50","267.50","258.41","56.05","55.27","55.51","261.97","184290.00","261.65"
"Mon Oct 11 2021 09:15:00 GMT+0530 (India Standard Time)","271.00","272.40","266.95","269.65","258.97","57.31","55.69","56.18","262.72","412588.00","262.07"
"Mon Oct 11 2021 13:15:00 GMT+0530 (India Standard Time)","269.50","269.90","267.60","268.95","259.58","56.75","55.52","55.90","263.34","143139.00","262.62"
"Tue Oct 12 2021 09:15:00 GMT+0530 (India Standard Time)","266.70","267.95","263.55","264.00","260.06","52.92","54.29","53.92","263.35","247919.00","263.12"
"Tue Oct 12 2021 13:15:00 GMT+0530 (India Standard Time)","264.25","266.50","263.95","266.50","260.59","54.55","54.80","54.75","263.27","127929.00","263.67"
"Wed Oct 13 2021 09:15:00 GMT+0530 (India Standard Time)","268.20","268.20","259.00","259.95","261.10","49.82","53.20","52.21","262.92","470879.00","264.04"
"Wed Oct 13 2021 13:15:00 GMT+0530 (India Standard Time)","259.95","260.95","256.40","258.50","261.59","48.83","52.85","51.67","262.49","248546.00","264.14"
"Thu Oct 14 2021 09:15:00 GMT+0530 (India Standard Time)","260.90","264.70","254.40","259.55","262.14","49.59","53.08","52.04","262.36","458338.00","264.33"
"Thu Oct 14 2021 13:15:00 GMT+0530 (India Standard Time)","259.55","262.50","258.65","259.10","262.68","49.26","52.97","51.86","262.34","137998.00","264.40"
"Mon Oct 18 2021 09:15:00 GMT+0530 (India Standard Time)","263.40","266.50","260.70","261.60","263.19","51.15","53.52","52.78","262.53","299794.00","264.64"
"Mon Oct 18 2021 13:15:00 GMT+0530 (India Standard Time)","261.60","262.50","258.05","262.00","263.67","51.45","53.61","52.93","262.75","231343.00","264.79"
"Tue Oct 19 2021 09:15:00 GMT+0530 (India Standard Time)","263.75","266.50","255.70","258.40","263.75","48.60","52.69","51.44","262.94","458289.00","264.82"
"Tue Oct 19 2021 13:15:00 GMT+0530 (India Standard Time)","258.40","258.65","246.70","253.00","263.35","44.70","51.35","49.31","262.89","317571.00","264.48"
"Wed Oct 20 2021 09:15:00 GMT+0530 (India Standard Time)","252.95","254.20","240.10","249.65","262.74","42.48","50.53","48.03","262.60","423776.00","263.65"
"Wed Oct 20 2021 13:15:00 GMT+0530 (India Standard Time)","249.65","250.00","243.35","246.00","262.12","40.19","49.66","46.68","262.27","178283.00","262.48"
"Thu Oct 21 2021 09:15:00 GMT+0530 (India Standard Time)","249.90","251.50","243.55","246.75","261.61","40.88","49.84","47.00","261.87","258675.00","261.31"
"Thu Oct 21 2021 13:15:00 GMT+0530 (India Standard Time)","246.75","247.90","241.65","246.90","261.14","41.02","49.88","47.06","261.44","147166.00","260.31"
"Fri Oct 22 2021 09:15:00 GMT+0530 (India Standard Time)","248.35","255.90","243.00","243.15","260.58","38.59","48.97","45.64","261.07","305639.00","259.49"
"Fri Oct 22 2021 13:15:00 GMT+0530 (India Standard Time)","243.15","246.40","242.30","243.90","259.98","39.34","49.16","45.97","260.53","139638.00","258.40"
"Mon Oct 25 2021 09:15:00 GMT+0530 (India Standard Time)","245.00","246.65","225.80","230.95","259.35","32.17","46.15","41.42","259.62","633966.00","256.82"
"Mon Oct 25 2021 13:15:00 GMT+0530 (India Standard Time)","230.95","231.15","226.20","227.55","258.59","30.63","45.40","40.35","258.27","216369.00","254.88"
"Tue Oct 26 2021 09:15:00 GMT+0530 (India Standard Time)","232.20","242.50","230.50","239.65","258.14","41.16","48.41","45.54","257.09","597408.00","253.49"
"Tue Oct 26 2021 13:15:00 GMT+0530 (India Standard Time)","239.40","247.00","239.30","246.00","258.04","45.70","49.89","47.98","256.11","216302.00","252.29"
"Wed Oct 27 2021 09:15:00 GMT+0530 (India Standard Time)","246.50","253.75","242.55","248.80","258.04","47.57","50.53","49.02","255.42","395737.00","251.32"
"Wed Oct 27 2021 13:15:00 GMT+0530 (India Standard Time)","248.80","251.80","245.05","246.45","257.95","46.17","49.99","48.19","254.86","126950.00","250.49"
"Thu Oct 28 2021 09:15:00 GMT+0530 (India Standard Time)","245.00","245.00","238.65","241.50","257.45","43.34","48.86","46.48","253.96","220722.00","249.34"
"Thu Oct 28 2021 13:15:00 GMT+0530 (India Standard Time)","241.50","242.55","239.00","239.20","256.90","42.08","48.35","45.71","253.02","82026.00","248.30"
"Fri Oct 29 2021 09:15:00 GMT+0530 (India Standard Time)","237.80","239.00","230.00","234.35","256.15","39.54","47.28","44.12","251.77","258269.00","247.15"
"Fri Oct 29 2021 13:15:00 GMT+0530 (India Standard Time)","234.70","235.35","231.90","234.50","255.42","39.66","47.31","44.18","250.58","117182.00","245.94"
"Mon Nov 01 2021 09:15:00 GMT+0530 (India Standard Time)","236.85","240.60","234.20","238.55","254.93","42.83","48.30","45.84","249.44","157088.00","244.90"
"Mon Nov 01 2021 13:15:00 GMT+0530 (India Standard Time)","238.55","254.55","238.10","252.00","254.69","51.69","51.39","50.85","248.71","329399.00","244.26"
"Tue Nov 02 2021 09:15:00 GMT+0530 (India Standard Time)","253.30","253.35","246.00","246.75","254.52","48.60","50.20","49.03","248.12","298031.00","243.64"
"Tue Nov 02 2021 13:15:00 GMT+0530 (India Standard Time)","246.75","248.00","246.10","246.40","254.36","48.40","50.12","48.91","247.45","77704.00","243.02"
"Wed Nov 03 2021 09:15:00 GMT+0530 (India Standard Time)","248.95","259.80","246.20","252.50","254.33","52.05","51.47","51.05","247.11","655057.00","243.02"
"Wed Nov 03 2021 13:15:00 GMT+0530 (India Standard Time)","252.50","254.55","249.45","252.80","254.30","52.22","51.54","51.16","246.88","154071.00","243.21"
"Thu Nov 04 2021 17:15:00 GMT+0530 (India Standard Time)","256.40","258.80","256.00","256.95","254.31","54.62","52.44","52.59","246.80","232664.00","243.72"
"Mon Nov 08 2021 09:15:00 GMT+0530 (India Standard Time)","258.00","259.25","251.70","255.95","254.31","53.94","52.20","52.21","246.64","389490.00","244.13"
"Mon Nov 08 2021 13:15:00 GMT+0530 (India Standard Time)","255.95","261.10","254.95","256.80","254.30","54.45","52.39","52.51","246.45","396693.00","244.68"
"Tue Nov 09 2021 09:15:00 GMT+0530 (India Standard Time)","258.15","261.95","255.10","257.00","254.30","54.57","52.44","52.58","246.35","421041.00","245.23"
"Tue Nov 09 2021 13:15:00 GMT+0530 (India Standard Time)","257.00","268.40","256.35","262.20","254.39","57.72","53.60","54.42","246.42","816413.00","246.09"
"Wed Nov 10 2021 09:15:00 GMT+0530 (India Standard Time)","261.00","272.45","259.00","259.50","254.46","55.62","52.91","53.32","246.81","575449.00","247.48"
"Wed Nov 10 2021 13:15:00 GMT+0530 (India Standard Time)","259.50","261.70","255.00","256.90","254.41","53.64","52.26","52.26","247.16","166405.00","248.88"
"Thu Nov 11 2021 09:15:00 GMT+0530 (India Standard Time)","256.35","258.65","253.00","254.55","254.20","51.89","51.68","51.32","247.48","236959.00","249.70"
"Thu Nov 11 2021 13:15:00 GMT+0530 (India Standard Time)","254.90","255.15","249.75","251.00","253.81","49.34","50.80","49.92","247.65","224895.00","250.04"
"Fri Nov 12 2021 09:15:00 GMT+0530 (India Standard Time)","253.00","256.25","247.60","251.00","253.41","49.34","50.80","49.92","247.87","208073.00","250.18"
"Fri Nov 12 2021 13:15:00 GMT+0530 (India Standard Time)","251.00","258.90","250.00","256.90","253.18","53.53","52.20","52.21","248.15","183801.00","250.57"
"Mon Nov 15 2021 09:15:00 GMT+0530 (India Standard Time)","255.00","255.70","251.05","252.50","252.97","50.28","51.10","50.44","248.47","219744.00","251.11"
"Mon Nov 15 2021 13:15:00 GMT+0530 (India Standard Time)","252.85","258.70","252.00","252.80","252.71","50.49","51.17","50.56","249.19","259252.00","251.78"
"Tue Nov 16 2021 09:15:00 GMT+0530 (India Standard Time)","253.80","255.70","252.20","254.00","252.46","51.38","51.46","51.04","250.10","177625.00","252.71"
"Tue Nov 16 2021 13:15:00 GMT+0530 (India Standard Time)","254.00","254.95","248.35","248.80","252.08","47.51","50.15","48.93","250.57","122781.00","253.48"
"Wed Nov 17 2021 09:15:00 GMT+0530 (India Standard Time)","248.50","249.40","243.70","244.15","251.65","44.38","49.01","47.14","250.63","284025.00","253.83"
"Wed Nov 17 2021 13:15:00 GMT+0530 (India Standard Time)","244.15","245.90","242.00","242.05","251.11","43.03","48.51","46.35","250.45","146126.00","253.54"
"Thu Nov 18 2021 09:15:00 GMT+0530 (India Standard Time)","243.80","244.20","228.00","234.35","250.44","38.53","46.71","43.61","250.01","673632.00","252.92"
"Thu Nov 18 2021 13:15:00 GMT+0530 (India Standard Time)","234.35","236.00","230.95","233.50","249.81","38.07","46.51","43.31","249.72","179187.00","252.29"
"Mon Nov 22 2021 09:15:00 GMT+0530 (India Standard Time)","234.60","236.90","216.00","217.75","248.94","30.88","43.14","38.42","249.12","716098.00","250.83"
"Mon Nov 22 2021 13:15:00 GMT+0530 (India Standard Time)","218.00","220.90","215.50","219.70","248.08","32.53","43.65","39.29","248.56","279357.00","249.24"
"Tue Nov 23 2021 09:15:00 GMT+0530 (India Standard Time)","219.20","222.55","213.25","219.90","247.29","32.71","43.71","39.38","248.01","545644.00","247.41"
"Tue Nov 23 2021 13:15:00 GMT+0530 (India Standard Time)","219.90","224.40","219.60","220.50","246.52","33.25","43.87","39.66","247.43","293213.00","245.77"
"Wed Nov 24 2021 09:15:00 GMT+0530 (India Standard Time)","222.90","229.25","222.90","227.60","245.86","39.32","45.75","42.85","246.66","425260.00","244.32"
"Wed Nov 24 2021 13:15:00 GMT+0530 (India Standard Time)","227.60","228.10","222.10","222.45","245.08","36.77","44.65","41.23","245.78","158634.00","242.70"
"Thu Nov 25 2021 09:15:00 GMT+0530 (India Standard Time)","223.50","228.45","222.70","227.10","244.39","40.43","45.85","43.23","245.04","312878.00","240.99"
"Thu Nov 25 2021 13:15:00 GMT+0530 (India Standard Time)","227.10","227.80","225.80","227.00","243.73","40.38","45.83","43.20","244.12","98519.00","239.29"
"Fri Nov 26 2021 09:15:00 GMT+0530 (India Standard Time)","222.00","224.80","216.70","221.10","243.09","37.36","44.55","41.31","242.99","365132.00","237.54"
"Fri Nov 26 2021 13:15:00 GMT+0530 (India Standard Time)","221.10","221.45","215.05","215.80","242.47","34.90","43.45","39.71","241.57","272458.00","235.72"
"Mon Nov 29 2021 09:15:00 GMT+0530 (India Standard Time)","216.00","217.00","199.00","207.80","241.70","31.60","41.85","37.45","239.87","751079.00","233.63"
"Mon Nov 29 2021 13:15:00 GMT+0530 (India Standard Time)","207.80","208.10","202.70","204.70","240.85","30.43","41.26","36.62","238.00","221297.00","231.42"
"Tue Nov 30 2021 09:15:00 GMT+0530 (India Standard Time)","205.00","215.65","204.95","210.30","240.14","34.99","42.76","39.12","236.29","576867.00","229.26"
"Tue Nov 30 2021 13:15:00 GMT+0530 (India Standard Time)","210.30","212.95","206.05","207.95","239.39","34.01","42.30","38.47","234.39","159928.00","227.16"
"Wed Dec 01 2021 09:15:00 GMT+0530 (India Standard Time)","210.30","215.90","210.00","210.55","238.75","36.10","42.99","39.62","232.55","315514.00","225.14"
"Wed Dec 01 2021 13:15:00 GMT+0530 (India Standard Time)","210.55","211.40","208.45","210.90","238.28","36.38","43.09","39.78","230.85","178625.00","223.07"
"Thu Dec 02 2021 09:15:00 GMT+0530 (India Standard Time)","211.60","219.40","211.10","217.05","238.04","41.21","44.71","42.47","229.43","423165.00","221.45"
"Thu Dec 02 2021 13:15:00 GMT+0530 (India Standard Time)","217.05","219.40","216.25","219.25","237.65","42.84","45.28","43.40","228.23","131095.00","220.17"
"Fri Dec 03 2021 09:15:00 GMT+0530 (India Standard Time)","218.40","224.90","218.40","221.85","237.20","44.74","45.96","44.49","227.16","373379.00","219.16"
"Fri Dec 03 2021 13:15:00 GMT+0530 (India Standard Time)","221.85","224.15","220.05","221.90","236.67","44.77","45.97","44.51","225.98","115813.00","218.53"
"Mon Dec 06 2021 09:15:00 GMT+0530 (India Standard Time)","220.10","221.95","216.15","217.65","236.08","42.25","45.03","43.07","224.75","120649.00","217.81"
"Mon Dec 06 2021 13:15:00 GMT+0530 (India Standard Time)","217.65","218.40","214.00","214.85","235.56","40.66","44.43","42.15","223.36","87284.00","217.49"
"Tue Dec 07 2021 09:15:00 GMT+0530 (India Standard Time)","215.25","219.25","214.65","216.40","235.09","41.93","44.85","42.85","222.03","154711.00","217.38"
"Tue Dec 07 2021 13:15:00 GMT+0530 (India Standard Time)","216.40","218.30","215.90","218.30","234.76","43.48","45.36","43.70","220.85","85031.00","217.33"
"Wed Dec 08 2021 09:15:00 GMT+0530 (India Standard Time)","219.90","225.00","219.90","221.75","234.52","46.23","46.28","45.23","220.01","215466.00","217.37"
"Wed Dec 08 2021 13:15:00 GMT+0530 (India Standard Time)","221.75","231.55","219.55","226.30","234.28","49.62","47.48","47.18","219.38","416558.00","217.32"
"Thu Dec 09 2021 09:15:00 GMT+0530 (India Standard Time)","227.10","229.15","222.35","227.00","233.82","50.13","47.66","47.47","219.05","288691.00","217.45"
"Thu Dec 09 2021 13:15:00 GMT+0530 (India Standard Time)","227.00","227.00","224.10","224.70","233.36","48.44","47.11","46.59","218.75","105081.00","217.39"
"Fri Dec 10 2021 09:15:00 GMT+0530 (India Standard Time)","226.40","228.15","223.05","223.95","232.92","47.89","46.93","46.30","218.81","234058.00","217.29"
"Fri Dec 10 2021 13:15:00 GMT+0530 (India Standard Time)","223.95","227.30","223.25","226.25","232.38","49.73","47.56","47.33","219.05","122978.00","217.52"
"Mon Dec 13 2021 09:15:00 GMT+0530 (India Standard Time)","227.90","232.00","225.20","225.85","231.88","49.41","47.46","47.17","219.38","280410.00","218.01"
"Mon Dec 13 2021 13:15:00 GMT+0530 (India Standard Time)","225.85","227.50","225.20","225.40","231.25","49.04","47.35","46.98","219.54","74337.00","218.86"
"Tue Dec 14 2021 09:15:00 GMT+0530 (India Standard Time)","223.10","231.65","222.90","228.40","230.70","51.59","48.18","48.38","219.58","283687.00","219.95"
"Tue Dec 14 2021 13:15:00 GMT+0530 (India Standard Time)","228.40","229.90","227.35","228.45","230.12","51.63","48.19","48.40","219.73","79500.00","220.81"
"Wed Dec 15 2021 09:15:00 GMT+0530 (India Standard Time)","227.00","238.90","226.20","232.15","229.61","54.71","49.22","50.11","219.96","687300.00","221.94"
"Wed Dec 15 2021 13:15:00 GMT+0530 (India Standard Time)","232.15","234.50","230.00","230.55","228.99","53.17","48.79","49.38","220.13","172567.00","222.88"
"Thu Dec 16 2021 09:15:00 GMT+0530 (India Standard Time)","231.10","233.55","225.30","226.95","228.30","49.87","47.84","47.78","220.41","172832.00","223.72"
"Thu Dec 16 2021 13:15:00 GMT+0530 (India Standard Time)","226.95","228.80","226.45","227.00","227.70","49.91","47.86","47.80","220.77","57828.00","224.25"
"Fri Dec 17 2021 09:15:00 GMT+0530 (India Standard Time)","227.10","227.10","215.10","218.25","226.99","42.79","45.63","44.12","221.20","386648.00","224.31"
"Fri Dec 17 2021 13:15:00 GMT+0530 (India Standard Time)","218.25","218.90","211.40","213.85","226.24","39.79","44.56","42.43","221.54","216425.00","223.96"
"Mon Dec 20 2021 09:15:00 GMT+0530 (India Standard Time)","211.00","211.95","203.50","204.45","225.34","34.38","42.41","39.13","221.41","299802.00","223.20"
"Mon Dec 20 2021 13:15:00 GMT+0530 (India Standard Time)","204.45","208.00","204.25","208.00","224.36","37.74","43.46","40.92","221.33","117154.00","222.67"
"Tue Dec 21 2021 09:15:00 GMT+0530 (India Standard Time)","210.15","213.35","210.00","210.45","223.53","39.96","44.18","42.12","221.30","174783.00","222.45"
"Tue Dec 21 2021 13:15:00 GMT+0530 (India Standard Time)","210.45","211.35","207.45","210.00","222.64","39.69","44.07","41.96","221.28","107202.00","222.12"
"Wed Dec 22 2021 09:15:00 GMT+0530 (India Standard Time)","212.35","218.15","212.25","213.55","221.85","42.92","45.11","43.71","221.23","216483.00","221.96"
"Wed Dec 22 2021 13:15:00 GMT+0530 (India Standard Time)","213.55","215.80","211.30","215.35","221.13","44.51","45.63","44.58","221.09","129208.00","221.60"
"Thu Dec 23 2021 09:15:00 GMT+0530 (India Standard Time)","217.00","217.90","214.00","214.90","220.53","44.19","45.52","44.40","220.87","92636.00","221.10"
"Thu Dec 23 2021 13:15:00 GMT+0530 (India Standard Time)","214.75","215.00","212.90","213.80","219.95","43.38","45.25","43.96","220.58","62686.00","220.50"
"Fri Dec 24 2021 09:15:00 GMT+0530 (India Standard Time)","213.55","214.95","209.10","210.25","219.47","40.86","44.38","42.57","220.32","152355.00","219.84"
"Fri Dec 24 2021 13:15:00 GMT+0530 (India Standard Time)","210.25","212.20","210.00","210.00","219.01","40.68","44.32","42.47","220.14","63511.00","219.16"
"Mon Dec 27 2021 09:15:00 GMT+0530 (India Standard Time)","210.00","218.90","207.65","218.00","218.88","48.14","46.71","46.51","220.07","289562.00","218.68"
"Mon Dec 27 2021 13:15:00 GMT+0530 (India Standard Time)","218.00","225.80","216.90","222.35","218.94","51.62","47.95","48.53","220.22","232701.00","218.42"
"Tue Dec 28 2021 09:15:00 GMT+0530 (India Standard Time)","224.80","224.80","220.50","221.35","219.00","50.80","47.69","48.10","220.22","218662.00","218.24"
"Tue Dec 28 2021 13:15:00 GMT+0530 (India Standard Time)","221.35","221.65","217.75","218.50","218.96","48.49","46.96","46.88","219.99","117106.00","217.82"
"Wed Dec 29 2021 09:15:00 GMT+0530 (India Standard Time)","219.70","223.90","218.65","222.95","218.86","52.06","48.23","48.96","219.84","142303.00","217.52"
"Wed Dec 29 2021 13:15:00 GMT+0530 (India Standard Time)","222.95","223.90","220.00","220.85","218.82","50.33","47.68","48.05","219.71","104219.00","217.00"
"Thu Dec 30 2021 09:15:00 GMT+0530 (India Standard Time)","221.90","224.90","220.45","222.80","218.74","51.89","48.24","48.95","219.62","145801.00","216.58"
"Thu Dec 30 2021 13:15:00 GMT+0530 (India Standard Time)","222.80","223.00","220.70","222.00","218.64","51.20","48.02","48.60","219.49","55125.00","216.28"
"Fri Dec 31 2021 09:15:00 GMT+0530 (India Standard Time)","222.20","228.35","222.20","224.70","218.73","53.40","48.80","49.87","219.40","173446.00","216.17"
"Fri Dec 31 2021 13:15:00 GMT+0530 (India Standard Time)","224.70","224.70","222.00","222.10","218.84","51.07","48.09","48.67","219.29","67730.00","216.32"
"Mon Jan 03 2022 09:15:00 GMT+0530 (India Standard Time)","223.25","225.40","223.00","223.65","219.16","52.37","48.55","49.42","219.16","87802.00","216.77"
"Mon Jan 03 2022 13:15:00 GMT+0530 (India Standard Time)","223.65","225.25","222.50","223.90","219.54","52.59","48.62","49.54","218.99","81327.00","217.62"
"Tue Jan 04 2022 09:15:00 GMT+0530 (India Standard Time)","224.20","226.90","222.20","223.85","219.81","52.54","48.61","49.51","218.70","263702.00","218.43"
"Tue Jan 04 2022 13:15:00 GMT+0530 (India Standard Time)","223.85","225.90","223.50","225.15","220.14","53.72","49.00","50.17","218.46","114815.00","219.09"
"Wed Jan 05 2022 09:15:00 GMT+0530 (India Standard Time)","223.00","225.10","220.55","221.90","220.35","50.41","48.06","48.55","218.24","160268.00","219.69"
"Wed Jan 05 2022 13:15:00 GMT+0530 (India Standard Time)","221.90","222.00","219.15","220.00","220.55","48.57","47.52","47.62","217.99","110623.00","219.98"
"Thu Jan 06 2022 09:15:00 GMT+0530 (India Standard Time)","220.00","223.65","218.00","221.00","220.64","49.59","47.84","48.16","218.01","207814.00","220.28"
"Thu Jan 06 2022 13:15:00 GMT+0530 (India Standard Time)","221.00","224.50","220.90","223.50","220.74","52.07","48.62","49.48","218.31","104277.00","220.65"
"Fri Jan 07 2022 09:15:00 GMT+0530 (India Standard Time)","223.90","234.80","223.90","231.25","220.91","58.70","50.94","53.30","219.14","560832.00","221.43"
"Fri Jan 07 2022 13:15:00 GMT+0530 (India Standard Time)","231.25","232.35","229.55","231.25","221.09","58.70","50.94","53.30","220.01","126953.00","222.38"
"Mon Jan 10 2022 09:15:00 GMT+0530 (India Standard Time)","232.55","237.10","232.05","233.50","221.40","60.45","51.60","54.35","220.83","416354.00","223.50"
"Mon Jan 10 2022 13:15:00 GMT+0530 (India Standard Time)","233.75","235.05","232.05","232.50","221.75","59.28","51.29","53.80","221.67","135395.00","224.33"
"Tue Jan 11 2022 09:15:00 GMT+0530 (India Standard Time)","232.80","235.25","229.00","229.75","222.04","56.14","50.44","52.28","222.27","193196.00","224.76"
"Tue Jan 11 2022 13:15:00 GMT+0530 (India Standard Time)","229.50","230.30","225.75","225.80","222.22","51.98","49.24","50.19","222.74","100096.00","225.00"
"Wed Jan 12 2022 09:15:00 GMT+0530 (India Standard Time)","228.55","235.50","227.75","234.40","222.44","58.93","51.78","54.28","223.34","273308.00","225.66"
"Wed Jan 12 2022 13:15:00 GMT+0530 (India Standard Time)","234.40","236.00","232.65","233.95","222.60","58.47","51.64","54.04","224.07","192207.00","226.23"
"Thu Jan 13 2022 09:15:00 GMT+0530 (India Standard Time)","234.95","234.95","229.95","230.75","222.71","55.21","50.67","52.36","224.80","129955.00","226.72"
"Thu Jan 13 2022 13:15:00 GMT+0530 (India Standard Time)","230.75","231.35","229.70","231.00","222.82","55.42","50.74","52.48","225.51","61869.00","227.10"
"Fri Jan 14 2022 09:15:00 GMT+0530 (India Standard Time)","230.80","234.35","229.15","233.10","222.97","57.13","51.36","53.48","226.13","195907.00","227.60"
"Fri Jan 14 2022 13:15:00 GMT+0530 (India Standard Time)","233.15","234.00","231.50","231.50","223.10","55.43","50.86","52.61","226.51","62240.00","227.94"
"Mon Jan 17 2022 09:15:00 GMT+0530 (India Standard Time)","233.80","246.90","232.40","242.80","223.38","63.52","54.08","57.63","227.17","1066484.00","228.82"
"Mon Jan 17 2022 13:15:00 GMT+0530 (India Standard Time)","242.80","243.95","239.55","240.15","223.68","60.80","53.25","56.19","227.95","236114.00","229.63"
"Tue Jan 18 2022 09:15:00 GMT+0530 (India Standard Time)","241.85","245.90","236.05","242.90","223.96","62.55","53.99","57.33","228.66","402196.00","230.49"
"Tue Jan 18 2022 13:15:00 GMT+0530 (India Standard Time)","242.90","243.70","232.30","233.45","224.11","53.88","51.13","52.52","229.19","238487.00","231.04"
"Wed Jan 19 2022 09:15:00 GMT+0530 (India Standard Time)","233.90","233.90","226.45","228.90","224.05","50.36","49.84","50.43","229.44","238873.00","231.26"
"Wed Jan 19 2022 13:15:00 GMT+0530 (India Standard Time)","228.90","230.50","228.10","229.70","224.01","50.95","50.07","50.78","229.71","95336.00","231.60"
"Thu Jan 20 2022 09:15:00 GMT+0530 (India Standard Time)","230.85","233.70","227.65","230.00","224.06","51.18","50.15","50.92","229.90","171614.00","232.08"
"Thu Jan 20 2022 13:15:00 GMT+0530 (India Standard Time)","229.60","229.65","226.10","228.00","224.07","49.56","49.57","49.97","230.08","113042.00","232.41"
"Fri Jan 21 2022 09:15:00 GMT+0530 (India Standard Time)","226.00","231.90","226.00","229.00","224.26","50.38","49.87","50.45","230.26","146425.00","232.69"
"Fri Jan 21 2022 13:15:00 GMT+0530 (India Standard Time)","229.00","229.00","221.30","223.80","224.46","46.25","48.37","48.02","230.29","143989.00","232.41"
"Mon Jan 24 2022 09:15:00 GMT+0530 (India Standard Time)","220.50","222.25","210.40","212.25","224.62","38.82","45.30","43.27","229.95","321735.00","231.61"
"Mon Jan 24 2022 13:15:00 GMT+0530 (India Standard Time)","212.25","212.60","205.05","210.50","224.67","37.85","44.86","42.61","229.40","305264.00","230.45"
"Tue Jan 25 2022 09:15:00 GMT+0530 (India Standard Time)","211.00","217.60","204.60","216.40","224.73","42.89","46.64","45.48","229.06","239775.00","229.53"
"Tue Jan 25 2022 13:15:00 GMT+0530 (India Standard Time)","216.40","222.90","216.25","222.00","224.95","47.16","48.25","48.02","229.06","109987.00","229.05"
"Thu Jan 27 2022 09:15:00 GMT+0530 (India Standard Time)","218.00","219.85","213.00","214.90","224.97","42.89","46.44","45.27","228.88","174770.00","228.51"
"Thu Jan 27 2022 13:15:00 GMT+0530 (India Standard Time)","214.90","217.70","214.75","216.40","225.01","44.02","46.87","45.95","228.64","82950.00","227.72"
"Fri Jan 28 2022 09:15:00 GMT+0530 (India Standard Time)","220.85","224.30","220.85","223.05","225.16","48.71","48.72","48.81","228.38","124043.00","227.18"
"Fri Jan 28 2022 13:15:00 GMT+0530 (India Standard Time)","223.05","223.45","220.20","222.50","225.32","48.36","48.58","48.59","228.06","88227.00","226.73"
"Mon Jan 31 2022 09:15:00 GMT+0530 (India Standard Time)","224.30","227.70","221.25","224.35","225.59","49.65","49.09","49.38","227.71","129068.00","226.43"
"Mon Jan 31 2022 13:15:00 GMT+0530 (India Standard Time)","224.35","224.65","221.40","223.95","225.85","49.37","48.98","49.21","227.36","59388.00","226.00"
"Tue Feb 01 2022 09:15:00 GMT+0530 (India Standard Time)","226.50","230.80","222.75","222.95","226.03","48.65","48.71","48.79","227.15","246571.00","225.66"
"Tue Feb 01 2022 13:15:00 GMT+0530 (India Standard Time)","222.95","228.80","222.05","225.80","226.11","50.79","49.52","50.05","227.09","102816.00","224.91"
"Wed Feb 02 2022 09:15:00 GMT+0530 (India Standard Time)","229.80","244.50","229.10","242.45","226.46","60.82","53.85","56.51","227.31","952085.00","224.85"
"Wed Feb 02 2022 13:15:00 GMT+0530 (India Standard Time)","242.50","246.00","241.65","244.20","226.96","61.68","54.27","57.11","227.66","482627.00","224.95"
"Thu Feb 03 2022 09:15:00 GMT+0530 (India Standard Time)","244.60","248.80","241.15","242.50","227.39","60.33","53.79","56.34","228.09","500045.00","225.33"
"Thu Feb 03 2022 13:15:00 GMT+0530 (India Standard Time)","242.50","243.25","240.25","242.50","227.81","60.33","53.79","56.34","228.50","129606.00","225.93"
"Fri Feb 04 2022 09:15:00 GMT+0530 (India Standard Time)","243.40","244.00","236.55","239.00","228.14","57.47","52.78","54.72","228.77","216882.00","226.41"
"Fri Feb 04 2022 13:15:00 GMT+0530 (India Standard Time)","238.80","240.40","236.00","237.40","228.46","56.19","52.33","53.99","228.97","112361.00","226.77"
"Mon Feb 07 2022 09:15:00 GMT+0530 (India Standard Time)","234.50","234.50","221.75","222.80","228.47","46.31","48.45","47.98","228.46","493779.00","226.65"
"Mon Feb 07 2022 13:15:00 GMT+0530 (India Standard Time)","222.80","223.45","220.25","221.20","228.45","45.39","48.05","47.39","227.76","258971.00","226.30"
"Tue Feb 08 2022 09:15:00 GMT+0530 (India Standard Time)","224.00","225.35","216.20","219.85","228.37","44.61","47.72","46.88","227.00","278498.00","226.10"
"Tue Feb 08 2022 13:15:00 GMT+0530 (India Standard Time)","219.85","221.50","218.00","219.00","228.28","44.10","47.50","46.56","226.40","87573.00","226.34"
"Wed Feb 09 2022 09:15:00 GMT+0530 (India Standard Time)","221.70","224.00","218.55","218.70","228.20","43.92","47.43","46.45","226.06","169566.00","226.83"
"Wed Feb 09 2022 13:15:00 GMT+0530 (India Standard Time)","218.70","220.10","218.70","219.40","228.09","44.49","47.63","46.76","225.71","73962.00","227.10"
"Thu Feb 10 2022 09:15:00 GMT+0530 (India Standard Time)","220.20","220.75","213.65","215.00","227.96","41.70","46.50","45.04","225.21","284984.00","226.88"
"Thu Feb 10 2022 13:15:00 GMT+0530 (India Standard Time)","215.25","216.85","214.95","215.85","227.88","42.43","46.75","45.44","224.78","113817.00","226.89"
"Fri Feb 11 2022 09:15:00 GMT+0530 (India Standard Time)","215.00","219.90","212.60","213.70","227.76","41.07","46.19","44.60","224.29","200669.00","226.82"
"Fri Feb 11 2022 13:15:00 GMT+0530 (India Standard Time)","213.70","214.10","210.75","212.00","227.54","40.00","45.76","43.94","223.85","131160.00","226.32"
"Mon Feb 14 2022 09:15:00 GMT+0530 (India Standard Time)","207.00","216.85","203.30","215.30","227.19","43.02","46.75","45.55","223.74","432662.00","225.87"
"Mon Feb 14 2022 13:15:00 GMT+0530 (India Standard Time)","215.30","216.10","209.75","214.50","226.84","42.48","46.54","45.23","223.88","384542.00","225.36"
"Tue Feb 15 2022 09:15:00 GMT+0530 (India Standard Time)","216.50","220.05","210.25","218.95","226.50","46.44","47.86","47.37","224.01","327245.00","225.05"
"Tue Feb 15 2022 13:15:00 GMT+0530 (India Standard Time)","218.95","222.50","217.40","220.00","226.24","47.34","48.17","47.87","223.99","197413.00","224.82"
"Wed Feb 16 2022 09:15:00 GMT+0530 (India Standard Time)","222.00","222.00","216.55","220.05","226.01","47.38","48.19","47.89","224.12","214852.00","224.54"
"Wed Feb 16 2022 13:15:00 GMT+0530 (India Standard Time)","220.05","226.40","219.55","223.95","225.94","50.76","49.34","49.75","224.37","274005.00","223.77"
"Thu Feb 17 2022 09:15:00 GMT+0530 (India Standard Time)","223.00","225.65","220.00","224.75","225.76","51.43","49.58","50.13","224.40","202080.00","222.80"
"Thu Feb 17 2022 13:15:00 GMT+0530 (India Standard Time)","224.75","226.40","222.50","225.35","225.57","51.95","49.76","50.41","224.50","218895.00","221.91"
"Fri Feb 18 2022 09:15:00 GMT+0530 (India Standard Time)","225.00","225.60","220.60","223.20","225.41","49.95","49.12","49.37","224.45","163210.00","221.00"
"Fri Feb 18 2022 13:15:00 GMT+0530 (India Standard Time)","223.20","227.25","222.45","227.00","225.31","53.28","50.26","51.21","224.53","180810.00","220.35"
"Mon Feb 21 2022 09:15:00 GMT+0530 (India Standard Time)","220.00","225.15","217.15","222.50","225.10","49.21","48.94","49.04","224.39","218361.00","219.59"
"Mon Feb 21 2022 13:15:00 GMT+0530 (India Standard Time)","222.50","226.85","221.60","226.45","224.96","52.55","50.11","50.92","224.37","160845.00","219.58"
"Tue Feb 22 2022 09:15:00 GMT+0530 (India Standard Time)","211.10","221.55","211.10","217.80","224.48","45.64","47.68","47.02","223.59","466871.00","219.37"
"Tue Feb 22 2022 13:15:00 GMT+0530 (India Standard Time)","217.80","226.20","216.80","223.20","224.11","49.96","49.24","49.50","222.81","319668.00","219.47"
"Wed Feb 23 2022 09:15:00 GMT+0530 (India Standard Time)","224.00","227.85","222.40","222.75","223.75","49.61","49.12","49.30","222.10","118491.00","219.68"
"Wed Feb 23 2022 13:15:00 GMT+0530 (India Standard Time)","222.75","222.95","218.85","221.00","223.45","48.25","48.63","48.53","221.35","73059.00","219.73"
"Thu Feb 24 2022 09:15:00 GMT+0530 (India Standard Time)","208.00","216.10","198.35","212.95","223.06","42.62","46.47","45.16","220.25","351780.00","219.29"
"Thu Feb 24 2022 13:15:00 GMT+0530 (India Standard Time)","212.95","214.15","208.50","214.00","222.72","43.52","46.78","45.67","219.33","208434.00","219.12"
"Fri Feb 25 2022 09:15:00 GMT+0530 (India Standard Time)","214.00","220.95","214.00","215.95","222.45","45.20","47.37","46.61","219.00","193842.00","219.16"
"Fri Feb 25 2022 13:15:00 GMT+0530 (India Standard Time)","215.95","216.85","212.00","214.15","222.18","43.93","46.88","45.86","218.74","69624.00","219.13"
"Mon Feb 28 2022 09:15:00 GMT+0530 (India Standard Time)","212.05","216.70","207.00","216.20","221.88","45.75","47.50","46.86","218.48","137770.00","219.22"
"Mon Feb 28 2022 13:15:00 GMT+0530 (India Standard Time)","216.20","218.75","214.30","216.40","221.72","45.93","47.57","46.96","218.37","57878.00","219.40"
"Wed Mar 02 2022 09:15:00 GMT+0530 (India Standard Time)","212.00","219.15","212.00","214.50","221.73","44.46","47.04","46.12","218.19","114545.00","219.46"
"Wed Mar 02 2022 13:15:00 GMT+0530 (India Standard Time)","214.50","214.95","212.35","213.60","221.81","43.77","46.79","45.72","217.98","58691.00","219.30"
"Thu Mar 03 2022 09:15:00 GMT+0530 (India Standard Time)","214.30","217.95","212.25","215.55","221.85","45.70","47.40","46.75","217.94","422673.00","219.07"
"Thu Mar 03 2022 13:15:00 GMT+0530 (India Standard Time)","215.55","217.40","213.10","215.60","221.74","45.75","47.42","46.77","217.92","99801.00","218.87"
"Fri Mar 04 2022 09:15:00 GMT+0530 (India Standard Time)","215.80","216.00","210.60","213.75","221.70","44.16","46.88","45.91","217.85","298950.00","218.40"
"Fri Mar 04 2022 13:15:00 GMT+0530 (India Standard Time)","213.75","216.20","213.00","214.30","221.66","44.76","47.07","46.21","217.93","102401.00","217.96"
"Mon Mar 07 2022 09:15:00 GMT+0530 (India Standard Time)","210.00","211.75","206.00","209.05","221.38","40.42","45.56","43.78","217.82","206390.00","217.20"
"Mon Mar 07 2022 13:15:00 GMT+0530 (India Standard Time)","209.05","210.50","207.15","208.50","221.11","39.99","45.40","43.54","217.66","101917.00","216.51"
"Tue Mar 08 2022 09:15:00 GMT+0530 (India Standard Time)","211.00","214.25","209.00","210.00","220.84","41.75","45.91","44.42","217.46","126624.00","215.79"
"Tue Mar 08 2022 13:15:00 GMT+0530 (India Standard Time)","210.10","211.60","206.80","209.95","220.56","41.71","45.90","44.39","217.09","109145.00","215.20"
"Wed Mar 09 2022 09:15:00 GMT+0530 (India Standard Time)","213.20","216.40","210.90","215.90","220.36","48.34","47.91","47.79","216.91","157318.00","214.70"
"Wed Mar 09 2022 13:15:00 GMT+0530 (India Standard Time)","215.90","217.15","214.45","215.50","220.16","47.95","47.79","47.59","216.63","73328.00","214.63"
"Thu Mar 10 2022 09:15:00 GMT+0530 (India Standard Time)","219.00","223.00","218.65","219.35","219.77","51.83","49.05","49.69","216.52","157279.00","214.53"
"Thu Mar 10 2022 13:15:00 GMT+0530 (India Standard Time)","219.35","220.00","216.00","218.00","219.25","50.44","48.63","48.98","216.28","56715.00","214.24"
"Fri Mar 11 2022 09:15:00 GMT+0530 (India Standard Time)","217.45","221.45","216.15","218.55","218.75","51.00","48.81","49.29","216.12","101867.00","214.13"
"Fri Mar 11 2022 13:15:00 GMT+0530 (India Standard Time)","218.55","219.35","216.65","217.05","218.26","49.41","48.34","48.48","215.84","45305.00","214.49"
"Mon Mar 14 2022 09:15:00 GMT+0530 (India Standard Time)","219.00","219.95","214.15","215.90","217.79","48.19","47.97","47.86","215.67","133252.00","214.67"
"Mon Mar 14 2022 13:15:00 GMT+0530 (India Standard Time)","215.90","216.85","214.00","214.75","217.34","46.98","47.61","47.24","215.32","56663.00","214.59"
"Tue Mar 15 2022 09:15:00 GMT+0530 (India Standard Time)","215.70","220.35","215.15","215.75","217.16","48.17","47.96","47.85","215.33","153700.00","214.71"
"Tue Mar 15 2022 13:15:00 GMT+0530 (India Standard Time)","215.75","217.50","212.05","214.95","217.03","47.28","47.70","47.40","215.07","105012.00","214.75"
"Wed Mar 16 2022 09:15:00 GMT+0530 (India Standard Time)","218.00","218.00","215.05","215.25","216.94","47.66","47.80","47.59","214.77","75934.00","214.72"
"Wed Mar 16 2022 13:15:00 GMT+0530 (India Standard Time)","215.05","218.00","213.75","217.80","216.89","50.84","48.72","49.18","214.62","72533.00","214.81"
"Thu Mar 17 2022 09:15:00 GMT+0530 (India Standard Time)","219.50","226.95","218.10","222.25","216.94","55.76","50.28","51.81","215.09","357550.00","215.23"
"Thu Mar 17 2022 13:15:00 GMT+0530 (India Standard Time)","222.25","223.20","220.20","221.25","216.98","54.47","49.93","51.20","215.42","88824.00","215.52"
"Mon Mar 21 2022 09:15:00 GMT+0530 (India Standard Time)","223.00","223.00","214.80","215.35","217.00","47.66","47.95","47.77","215.45","209386.00","215.60"
"Mon Mar 21 2022 13:15:00 GMT+0530 (India Standard Time)","215.35","216.10","213.00","214.35","216.97","46.62","47.62","47.22","215.46","116566.00","215.64"
"Tue Mar 22 2022 09:15:00 GMT+0530 (India Standard Time)","216.30","216.30","213.00","214.90","216.97","47.28","47.82","47.56","215.51","90181.00","215.66"
"Tue Mar 22 2022 13:15:00 GMT+0530 (India Standard Time)","214.90","216.00","214.00","214.90","217.02","47.28","47.82","47.56","215.45","49773.00","215.94"
"Wed Mar 23 2022 09:15:00 GMT+0530 (India Standard Time)","222.00","224.40","218.55","221.40","217.20","54.62","50.14","51.49","215.68","372621.00","216.55"
"Wed Mar 23 2022 13:15:00 GMT+0530 (India Standard Time)","221.40","222.00","219.00","219.20","217.32","52.05","49.39","50.18","215.91","77104.00","216.98"
"Thu Mar 24 2022 09:15:00 GMT+0530 (India Standard Time)","224.90","225.20","221.25","222.35","217.44","55.22","50.48","51.98","216.18","164671.00","217.61"
"Thu Mar 24 2022 13:15:00 GMT+0530 (India Standard Time)","222.35","222.95","221.00","222.00","217.48","54.80","50.35","51.77","216.42","46710.00","217.96"
"Fri Mar 25 2022 09:15:00 GMT+0530 (India Standard Time)","222.00","222.95","217.15","218.00","217.46","50.18","48.97","49.38","216.63","96905.00","218.12"
"Fri Mar 25 2022 13:15:00 GMT+0530 (India Standard Time)","218.00","218.45","217.15","218.45","217.36","50.68","49.13","49.65","216.75","39656.00","218.02"
"Mon Mar 28 2022 09:15:00 GMT+0530 (India Standard Time)","218.00","218.85","213.20","213.75","217.18","45.74","47.54","46.98","216.98","127406.00","217.87"
"Mon Mar 28 2022 13:15:00 GMT+0530 (India Standard Time)","213.75","214.60","212.20","213.00","216.94","45.00","47.29","46.56","217.14","86395.00","217.61"
"Tue Mar 29 2022 09:15:00 GMT+0530 (India Standard Time)","214.00","215.85","210.45","212.10","216.73","44.11","46.99","46.07","217.20","178625.00","217.38"
"Tue Mar 29 2022 13:15:00 GMT+0530 (India Standard Time)","212.00","214.95","211.10","213.90","216.49","46.34","47.67","47.23","217.34","138843.00","217.24"
"Wed Mar 30 2022 09:15:00 GMT+0530 (India Standard Time)","216.50","218.20","212.65","213.75","216.34","46.18","47.61","47.14","217.36","116998.00","217.21"
"Wed Mar 30 2022 13:15:00 GMT+0530 (India Standard Time)","213.40","224.20","212.55","223.00","216.25","56.10","50.95","52.67","217.51","444526.00","217.40"
"Thu Mar 31 2022 09:15:00 GMT+0530 (India Standard Time)","223.00","234.20","223.00","233.60","216.53","64.07","54.33","57.87","217.86","660471.00","218.17"
"Thu Mar 31 2022 13:15:00 GMT+0530 (India Standard Time)","233.60","242.30","232.70","240.15","216.86","67.85","56.24","60.62","218.59","814261.00","219.27"
"Fri Apr 01 2022 09:15:00 GMT+0530 (India Standard Time)","240.50","244.30","236.00","237.45","217.15","64.89","55.27","58.99","219.33","520673.00","220.31"
"Fri Apr 01 2022 13:15:00 GMT+0530 (India Standard Time)","237.45","238.00","234.10","236.15","217.46","63.49","54.81","58.21","219.98","146182.00","220.96"
"Mon Apr 04 2022 09:15:00 GMT+0530 (India Standard Time)","238.00","238.40","232.80","233.55","217.95","60.74","53.89","56.68","220.63","210647.00","221.59"
"Mon Apr 04 2022 13:15:00 GMT+0530 (India Standard Time)","233.55","234.30","229.10","229.60","218.31","56.81","52.53","54.44","221.20","244892.00","222.23"
"Tue Apr 05 2022 09:15:00 GMT+0530 (India Standard Time)","233.80","237.40","230.35","234.35","218.66","60.07","53.95","56.56","221.80","331419.00","223.17"
"Tue Apr 05 2022 13:15:00 GMT+0530 (India Standard Time)","234.40","234.90","230.10","232.65","219.02","58.42","53.37","55.61","222.44","126851.00","224.02"
"Wed Apr 06 2022 09:15:00 GMT+0530 (India Standard Time)","232.30","241.00","231.50","234.90","219.45","59.95","54.04","56.60","223.14","431242.00","225.00"
"Wed Apr 06 2022 13:15:00 GMT+0530 (India Standard Time)","234.90","236.80","234.70","235.90","219.84","60.63","54.34","57.05","223.83","99554.00","225.68"
"Thu Apr 07 2022 09:15:00 GMT+0530 (India Standard Time)","236.90","238.90","232.05","233.95","220.23","58.60","53.65","55.91","224.28","229436.00","226.39"
"Thu Apr 07 2022 13:15:00 GMT+0530 (India Standard Time)","233.95","233.95","228.65","229.90","220.57","54.61","52.25","53.62","224.61","165756.00","226.76"
"Fri Apr 08 2022 09:15:00 GMT+0530 (India Standard Time)","230.30","233.95","229.00","231.35","220.89","55.74","52.70","54.31","225.10","124038.00","227.21"
"Fri Apr 08 2022 13:15:00 GMT+0530 (India Standard Time)","231.75","232.50","230.00","231.60","221.21","55.94","52.78","54.43","225.70","55921.00","227.80"
"Mon Apr 11 2022 09:15:00 GMT+0530 (India Standard Time)","231.60","236.00","231.20","231.30","221.59","55.62","52.67","54.25","226.35","444802.00","228.49"
"Mon Apr 11 2022 13:15:00 GMT+0530 (India Standard Time)","231.30","232.00","228.10","228.95","221.89","53.16","51.84","52.87","226.87","94716.00","229.18"
"Tue Apr 12 2022 09:15:00 GMT+0530 (India Standard Time)","228.65","231.60","225.10","225.60","222.25","49.85","50.68","50.98","227.09","124817.00","229.84"
"Tue Apr 12 2022 13:15:00 GMT+0530 (India Standard Time)","225.60","227.10","225.15","225.50","222.60","49.76","50.65","50.92","227.30","50124.00","230.46"
"Wed Apr 13 2022 09:15:00 GMT+0530 (India Standard Time)","227.00","231.40","217.65","222.45","222.85","46.84","49.60","49.22","227.33","218059.00","230.94"
"Wed Apr 13 2022 13:15:00 GMT+0530 (India Standard Time)","222.45","222.75","219.00","220.75","223.08","45.28","49.03","48.30","227.29","86205.00","231.24"
"Mon Apr 18 2022 09:15:00 GMT+0530 (India Standard Time)","218.00","222.90","216.65","219.05","223.17","43.76","48.46","47.38","227.29","124724.00","231.18"
"Mon Apr 18 2022 13:15:00 GMT+0530 (India Standard Time)","219.05","220.10","218.25","219.90","223.25","44.74","48.76","47.89","227.34","50655.00","230.63"
"Tue Apr 19 2022 09:15:00 GMT+0530 (India Standard Time)","220.85","227.90","220.85","224.15","223.33","49.35","50.25","50.35","227.67","148571.00","229.93"
"Tue Apr 19 2022 13:15:00 GMT+0530 (India Standard Time)","224.15","226.90","217.00","217.40","223.36","43.32","47.99","46.75","227.92","107939.00","229.02"
"Wed Apr 20 2022 09:15:00 GMT+0530 (India Standard Time)","222.00","228.25","221.45","227.05","223.51","52.11","51.19","51.82","228.38","241552.00","228.54"
"Wed Apr 20 2022 13:15:00 GMT+0530 (India Standard Time)","227.00","230.00","225.40","229.00","223.72","53.64","51.80","52.76","228.91","141977.00","228.24"
"Thu Apr 21 2022 09:15:00 GMT+0530 (India Standard Time)","230.00","233.75","224.70","232.00","224.01","55.91","52.73","54.17","229.45","276933.00","228.24"
"Thu Apr 21 2022 13:15:00 GMT+0530 (India Standard Time)","232.00","237.10","232.00","236.15","224.41","58.83","53.97","56.03","229.99","300509.00","228.30"
"Fri Apr 22 2022 09:15:00 GMT+0530 (India Standard Time)","234.30","253.50","231.65","241.30","224.92","62.11","55.46","58.21","230.42","2634325.00","228.75"
"Fri Apr 22 2022 13:15:00 GMT+0530 (India Standard Time)","241.30","243.45","237.40","240.00","225.42","60.83","55.00","57.47","230.49","538851.00","228.97"
"Mon Apr 25 2022 09:15:00 GMT+0530 (India Standard Time)","246.00","250.65","241.95","243.95","226.01","63.25","56.12","59.09","230.71","1499752.00","229.41"
"Mon Apr 25 2022 13:15:00 GMT+0530 (India Standard Time)","243.95","247.20","240.70","247.20","226.58","65.12","57.01","60.37","231.03","394722.00","229.93"
"Tue Apr 26 2022 09:15:00 GMT+0530 (India Standard Time)","248.80","252.80","245.10","246.10","227.09","63.96","56.61","59.72","231.50","595447.00","230.73"
"Tue Apr 26 2022 13:15:00 GMT+0530 (India Standard Time)","246.10","247.95","243.00","244.30","227.55","62.07","55.96","58.66","232.00","233800.00","231.38"
"Wed Apr 27 2022 09:15:00 GMT+0530 (India Standard Time)","242.90","243.85","236.55","240.10","228.01","57.89","54.48","56.26","232.22","385848.00","231.79"
"Wed Apr 27 2022 13:15:00 GMT+0530 (India Standard Time)","240.10","246.90","238.95","244.00","228.59","60.49","55.59","57.90","232.60","240969.00","232.31"
"Thu Apr 28 2022 09:15:00 GMT+0530 (India Standard Time)","244.45","247.80","242.30","242.90","229.18","59.40","55.21","57.28","232.91","199081.00","233.00"
"Thu Apr 28 2022 13:15:00 GMT+0530 (India Standard Time)","242.90","243.10","240.10","241.00","229.71","57.53","54.54","56.20","233.11","112231.00","233.69"
"Fri Apr 29 2022 09:15:00 GMT+0530 (India Standard Time)","242.40","244.40","238.85","240.25","230.10","56.78","54.27","55.77","233.33","166341.00","234.41"
"Fri Apr 29 2022 13:15:00 GMT+0530 (India Standard Time)","240.25","242.00","237.75","240.50","230.50","56.98","54.35","55.89","233.66","167064.00","235.20"
"Mon May 02 2022 09:15:00 GMT+0530 (India Standard Time)","236.00","238.65","229.00","230.70","230.69","48.08","51.00","50.60","233.71","285553.00","235.75"
"Mon May 02 2022 13:15:00 GMT+0530 (India Standard Time)","230.70","237.00","229.00","235.00","230.93","51.57","52.31","52.62","233.79","105803.00","236.44"
"Wed May 04 2022 09:15:00 GMT+0530 (India Standard Time)","234.85","237.50","230.60","232.65","231.22","49.66","51.55","51.44","233.82","195221.00","237.10"
"Wed May 04 2022 13:15:00 GMT+0530 (India Standard Time)","232.65","234.10","222.00","227.25","231.41","45.58","49.84","48.84","233.75","228101.00","237.26"
"Thu May 05 2022 09:15:00 GMT+0530 (India Standard Time)","228.00","232.65","226.75","229.65","231.70","47.59","50.58","49.99","233.83","116103.00","237.74"
"Thu May 05 2022 13:15:00 GMT+0530 (India Standard Time)","229.50","229.60","216.85","219.80","231.87","41.06","47.64","45.65","233.69","304435.00","237.53"
"Fri May 06 2022 09:15:00 GMT+0530 (India Standard Time)","216.00","220.00","210.05","214.70","231.92","38.21","46.22","43.63","233.37","215270.00","236.88"
"Fri May 06 2022 13:15:00 GMT+0530 (India Standard Time)","214.70","216.00","214.00","215.95","231.96","39.29","46.61","44.25","233.18","84663.00","236.16"
"Mon May 09 2022 09:15:00 GMT+0530 (India Standard Time)","215.00","215.00","206.00","211.05","231.88","36.64","45.28","42.36","232.86","206682.00","234.99"
"Mon May 09 2022 13:15:00 GMT+0530 (India Standard Time)","211.05","213.95","209.00","209.50","231.68","35.84","44.87","41.78","232.55","105454.00","233.49"
"Tue May 10 2022 09:15:00 GMT+0530 (India Standard Time)","210.25","214.55","210.00","213.00","231.31","39.01","46.00","43.57","232.13","135322.00","232.18"
"Tue May 10 2022 13:15:00 GMT+0530 (India Standard Time)","213.00","213.20","205.60","205.85","230.68","35.27","44.12","40.93","231.70","112399.00","230.40"
"Wed May 11 2022 09:15:00 GMT+0530 (India Standard Time)","208.85","208.95","186.00","186.25","229.74","27.66","39.59","34.94","230.56","563301.00","227.84"
"Wed May 11 2022 13:15:00 GMT+0530 (India Standard Time)","186.35","191.75","185.35","188.95","228.80","29.85","40.45","36.26","229.15","352623.00","225.04"
"Thu May 12 2022 09:15:00 GMT+0530 (India Standard Time)","182.00","184.85","179.00","180.20","227.73","27.06","38.64","33.97","227.41","301500.00","222.00"
"Thu May 12 2022 13:15:00 GMT+0530 (India Standard Time)","180.20","181.50","175.05","178.95","226.69","26.68","38.39","33.65","225.39","213132.00","219.07"
"Fri May 13 2022 09:15:00 GMT+0530 (India Standard Time)","181.80","188.40","178.65","187.30","225.71","33.16","40.98","37.61","223.34","270805.00","216.31"
"Fri May 13 2022 13:15:00 GMT+0530 (India Standard Time)","187.30","188.00","182.00","183.20","224.74","31.72","40.14","36.51","221.34","107754.00","213.45"
"Mon May 16 2022 09:15:00 GMT+0530 (India Standard Time)","186.00","187.90","183.10","184.10","223.73","32.40","40.41","36.92","219.18","127734.00","210.76"
"Mon May 16 2022 13:15:00 GMT+0530 (India Standard Time)","184.10","185.00","181.65","183.05","222.67","32.01","40.19","36.64","216.97","85494.00","208.01"
"Tue May 17 2022 09:15:00 GMT+0530 (India Standard Time)","184.15","191.00","184.05","189.00","221.75","36.55","42.01","39.39","214.83","148007.00","205.54"
"Tue May 17 2022 13:15:00 GMT+0530 (India Standard Time)","189.00","193.50","187.65","192.50","220.96","39.07","43.04","40.95","212.91","143305.00","203.60"
"Wed May 18 2022 09:15:00 GMT+0530 (India Standard Time)","192.95","196.00","191.05","191.70","220.19","38.70","42.86","40.70","211.22","126222.00","201.63"
"Wed May 18 2022 13:15:00 GMT+0530 (India Standard Time)","191.50","193.70","191.10","192.00","219.40","38.93","42.95","40.84","209.40","45584.00","199.67"
"Thu May 19 2022 09:15:00 GMT+0530 (India Standard Time)","187.05","189.70","182.80","184.00","218.46","35.27","41.19","38.41","207.30","306963.00","197.65"
"Thu May 19 2022 13:15:00 GMT+0530 (India Standard Time)","184.10","185.20","183.05","185.15","217.56","36.18","41.54","38.95","205.26","73928.00","195.50"
"Fri May 20 2022 09:15:00 GMT+0530 (India Standard Time)","189.70","189.70","187.00","188.00","216.78","38.42","42.41","40.27","203.37","88802.00","193.91"
"Fri May 20 2022 13:15:00 GMT+0530 (India Standard Time)","187.95","188.90","186.55","188.50","216.03","38.81","42.56","40.51","201.51","42848.00","192.64"
"Mon May 23 2022 09:15:00 GMT+0530 (India Standard Time)","189.80","196.60","187.55","195.30","215.43","43.95","44.59","43.59","200.10","204283.00","191.60"
"Mon May 23 2022 13:15:00 GMT+0530 (India Standard Time)","195.30","196.35","194.00","195.00","214.92","43.78","44.52","43.49","198.72","115944.00","190.86"
"Tue May 24 2022 09:15:00 GMT+0530 (India Standard Time)","195.00","195.40","188.75","190.90","214.36","41.47","43.56","42.10","197.22","145299.00","189.95"
"Tue May 24 2022 13:15:00 GMT+0530 (India Standard Time)","190.85","192.50","189.70","190.10","213.78","41.03","43.37","41.83","195.90","52625.00","188.90"
"Wed May 25 2022 09:15:00 GMT+0530 (India Standard Time)","192.95","193.95","185.00","189.35","213.08","40.60","43.20","41.58","194.46","173849.00","188.03"
"Wed May 25 2022 13:15:00 GMT+0530 (India Standard Time)","189.35","189.35","186.00","186.80","212.44","39.15","42.60","40.71","193.23","74926.00","187.81"
"Thu May 26 2022 09:15:00 GMT+0530 (India Standard Time)","190.25","190.25","180.15","185.85","211.63","38.61","42.38","40.38","192.17","129193.00","187.66"
"Thu May 26 2022 13:15:00 GMT+0530 (India Standard Time)","186.00","191.90","186.00","188.90","210.84","41.34","43.34","41.91","191.23","72409.00","188.04"
"Fri May 27 2022 09:15:00 GMT+0530 (India Standard Time)","191.45","193.50","188.75","192.45","210.06","44.36","44.45","43.63","190.55","94773.00","188.66"
"Fri May 27 2022 13:15:00 GMT+0530 (India Standard Time)","192.50","193.50","189.10","190.60","209.17","43.15","43.99","42.95","189.84","47766.00","188.93"
"Mon May 30 2022 09:15:00 GMT+0530 (India Standard Time)","194.85","197.40","192.05","194.80","208.23","46.63","45.29","44.97","189.21","89802.00","189.43"
"Mon May 30 2022 13:15:00 GMT+0530 (India Standard Time)","194.80","198.40","194.10","197.65","207.37","48.87","46.15","46.29","188.80","100072.00","190.01"
"Tue May 31 2022 09:15:00 GMT+0530 (India Standard Time)","197.00","198.55","194.45","195.85","206.39","47.55","45.69","45.58","188.89","89629.00","190.63"
"Tue May 31 2022 13:15:00 GMT+0530 (India Standard Time)","195.85","203.50","195.85","198.40","205.46","49.58","46.46","46.77","189.26","154198.00","191.14"
"Wed Jun 01 2022 09:15:00 GMT+0530 (India Standard Time)","198.00","210.45","198.00","204.05","204.59","53.74","48.13","49.30","190.08","421314.00","191.74"
"Wed Jun 01 2022 13:15:00 GMT+0530 (India Standard Time)","204.05","208.45","204.00","207.00","203.82","55.74","48.97","50.57","191.08","277917.00","192.41"
"Thu Jun 02 2022 09:15:00 GMT+0530 (India Standard Time)","206.60","208.65","203.95","207.50","203.16","56.08","49.12","50.78","191.86","126069.00","193.11"
"Thu Jun 02 2022 13:15:00 GMT+0530 (India Standard Time)","207.50","208.05","206.00","206.20","202.42","54.93","48.76","50.20","192.66","56369.00","194.13"
"Fri Jun 03 2022 09:15:00 GMT+0530 (India Standard Time)","208.80","217.90","208.05","216.00","201.83","61.21","51.50","54.26","193.69","418224.00","195.56"
"Fri Jun 03 2022 13:15:00 GMT+0530 (India Standard Time)","216.00","222.40","215.20","216.00","201.35","61.21","51.50","54.26","194.93","563396.00","196.95"
"Mon Jun 06 2022 09:15:00 GMT+0530 (India Standard Time)","216.00","217.40","208.00","215.15","200.81","60.40","51.25","53.85","195.84","264014.00","198.18"
"Mon Jun 06 2022 13:15:00 GMT+0530 (India Standard Time)","215.15","217.80","213.70","216.50","200.33","61.25","51.62","54.41","196.73","73309.00","199.24"
"Tue Jun 07 2022 09:15:00 GMT+0530 (India Standard Time)","218.90","220.40","214.00","215.75","200.02","60.50","51.40","54.04","197.58","205998.00","200.26"
"Tue Jun 07 2022 13:15:00 GMT+0530 (India Standard Time)","215.75","218.45","214.75","216.00","199.66","60.67","51.47","54.14","198.44","105932.00","201.44"
"Wed Jun 08 2022 09:15:00 GMT+0530 (India Standard Time)","216.90","219.45","213.05","217.05","199.33","61.40","51.77","54.60","199.55","139737.00","202.69"
"Wed Jun 08 2022 13:15:00 GMT+0530 (India Standard Time)","217.05","224.30","216.45","220.50","199.18","63.73","52.76","56.07","200.83","143037.00","204.16"
"Thu Jun 09 2022 09:15:00 GMT+0530 (India Standard Time)","220.50","222.50","218.25","218.45","198.98","61.42","52.12","54.98","201.96","139425.00","205.69"
"Thu Jun 09 2022 13:15:00 GMT+0530 (India Standard Time)","218.45","219.10","216.10","216.70","198.89","59.48","51.57","54.06","203.00","44288.00","207.20"
"Fri Jun 10 2022 09:15:00 GMT+0530 (India Standard Time)","215.00","215.65","211.75","213.25","198.86","55.84","50.50","52.27","203.73","108076.00","208.37"
"Fri Jun 10 2022 13:15:00 GMT+0530 (India Standard Time)","213.25","213.25","208.85","209.60","198.76","52.28","49.41","50.46","204.28","47084.00","209.25"
"Mon Jun 13 2022 09:15:00 GMT+0530 (India Standard Time)","203.50","206.05","201.20","201.45","198.60","45.48","47.08","46.74","204.68","99040.00","209.80"
"Mon Jun 13 2022 13:15:00 GMT+0530 (India Standard Time)","201.75","203.35","200.40","202.50","198.43","46.43","47.40","47.26","205.09","51356.00","210.16"
"Tue Jun 14 2022 09:15:00 GMT+0530 (India Standard Time)","201.55","207.45","201.00","206.50","198.28","49.89","48.63","49.19","205.64","117131.00","210.56"
"Tue Jun 14 2022 13:15:00 GMT+0530 (India Standard Time)","206.50","207.00","205.60","206.50","198.26","49.89","48.63","49.19","206.32","49253.00","211.05"
"Wed Jun 15 2022 09:15:00 GMT+0530 (India Standard Time)","206.25","211.00","205.00","210.45","198.61","53.18","49.82","51.05","207.16","132811.00","211.53"
"Wed Jun 15 2022 13:15:00 GMT+0530 (India Standard Time)","210.45","211.30","206.05","207.90","199.00","50.91","49.07","49.84","207.85","66696.00","211.73"
"Thu Jun 16 2022 09:15:00 GMT+0530 (India Standard Time)","213.40","214.00","208.10","210.05","199.59","52.70","49.72","50.85","208.54","170196.00","211.92"
"Thu Jun 16 2022 13:15:00 GMT+0530 (India Standard Time)","210.05","211.25","207.00","207.80","200.18","50.67","49.06","49.77","209.17","113298.00","211.99"
"Fri Jun 17 2022 09:15:00 GMT+0530 (India Standard Time)","204.05","210.80","201.25","210.25","200.64","52.75","49.80","50.94","209.62","150606.00","212.06"
"Fri Jun 17 2022 13:15:00 GMT+0530 (India Standard Time)","210.25","211.30","208.20","210.90","201.16","53.30","50.00","51.25","210.10","78080.00","211.86"
"Mon Jun 20 2022 09:15:00 GMT+0530 (India Standard Time)","212.00","212.95","199.15","205.05","201.58","48.04","48.26","48.42","210.43","192259.00","211.30"
"Mon Jun 20 2022 13:15:00 GMT+0530 (India Standard Time)","205.05","208.50","199.80","200.95","201.97","44.78","47.08","46.56","210.57","141416.00","210.76"
"Tue Jun 21 2022 09:15:00 GMT+0530 (India Standard Time)","201.00","206.40","201.00","205.90","202.30","49.15","48.62","48.99","210.58","71874.00","210.22"
"Tue Jun 21 2022 13:15:00 GMT+0530 (India Standard Time)","205.90","206.00","201.55","204.55","202.55","48.06","48.23","48.37","210.49","45072.00","209.63"
"Wed Jun 22 2022 09:15:00 GMT+0530 (India Standard Time)","201.20","222.50","201.20","215.90","202.97","56.56","51.54","53.44","210.73","829201.00","209.52"
"Wed Jun 22 2022 13:15:00 GMT+0530 (India Standard Time)","215.90","216.95","209.00","212.45","203.38","53.75","50.54","51.85","210.94","233765.00","209.33"
"Thu Jun 23 2022 09:15:00 GMT+0530 (India Standard Time)","208.65","216.05","208.65","211.05","203.92","52.64","50.14","51.21","210.87","162335.00","208.91"
"Thu Jun 23 2022 13:15:00 GMT+0530 (India Standard Time)","211.05","214.00","209.00","213.00","204.47","54.03","50.70","52.05","210.66","56767.00","208.57"
"Fri Jun 24 2022 09:15:00 GMT+0530 (India Standard Time)","214.20","217.55","213.30","214.55","205.00","55.13","51.14","52.72","210.72","83773.00","208.47"
"Fri Jun 24 2022 13:15:00 GMT+0530 (India Standard Time)","214.55","216.00","212.60","214.40","205.53","55.00","51.09","52.65","210.66","57310.00","208.51"
"Mon Jun 27 2022 09:15:00 GMT+0530 (India Standard Time)","216.95","217.85","214.20","215.10","205.97","55.52","51.30","52.96","210.62","51479.00","208.76"
"Mon Jun 27 2022 13:15:00 GMT+0530 (India Standard Time)","215.10","216.00","213.05","213.80","206.35","54.28","50.89","52.30","210.55","60795.00","209.31"
"Tue Jun 28 2022 09:15:00 GMT+0530 (India Standard Time)","217.70","217.70","211.50","214.80","206.81","55.09","51.19","52.77","210.48","102441.00","209.91"
"Tue Jun 28 2022 13:15:00 GMT+0530 (India Standard Time)","214.80","215.80","213.10","213.30","207.28","53.59","50.72","51.99","210.25","30869.00","210.32"
"Wed Jun 29 2022 09:15:00 GMT+0530 (India Standard Time)","211.00","214.50","211.00","213.10","207.75","53.39","50.66","51.88","210.01","35146.00","210.63"
"Wed Jun 29 2022 13:15:00 GMT+0530 (India Standard Time)","213.10","213.90","210.50","212.05","208.25","52.29","50.32","51.32","209.82","30483.00","210.76"
"Thu Jun 30 2022 09:15:00 GMT+0530 (India Standard Time)","214.90","216.05","208.45","209.75","208.76","49.94","49.59","50.09","209.75","94860.00","210.89"
"Thu Jun 30 2022 13:15:00 GMT+0530 (India Standard Time)","209.75","212.00","207.05","207.50","209.15","47.73","48.88","48.92","209.69","74826.00","210.80"
"Fri Jul 01 2022 09:15:00 GMT+0530 (India Standard Time)","206.00","210.45","206.00","209.20","209.49","49.50","49.44","49.83","209.89","92798.00","210.81"
"Fri Jul 01 2022 13:15:00 GMT+0530 (India Standard Time)","209.40","210.00","206.55","209.00","209.84","49.30","49.37","49.73","210.12","32368.00","210.83"
"Mon Jul 04 2022 09:15:00 GMT+0530 (India Standard Time)","209.60","214.30","207.15","212.50","210.18","52.90","50.52","51.61","210.34","196035.00","210.89"
"Mon Jul 04 2022 13:15:00 GMT+0530 (India Standard Time)","212.50","212.95","210.00","210.45","210.46","50.69","49.85","50.47","210.51","52178.00","211.15"
"Tue Jul 05 2022 09:15:00 GMT+0530 (India Standard Time)","212.90","221.30","210.60","218.00","210.87","57.57","52.24","54.29","210.79","283993.00","211.84"
"Tue Jul 05 2022 13:15:00 GMT+0530 (India Standard Time)","218.00","220.35","214.25","216.70","211.23","56.15","51.80","53.56","211.10","140303.00","212.42"
"Wed Jul 06 2022 09:15:00 GMT+0530 (India Standard Time)","216.75","218.50","215.05","216.35","211.48","55.76","51.69","53.36","211.31","93357.00","213.01"
"Wed Jul 06 2022 13:15:00 GMT+0530 (India Standard Time)","216.30","218.50","216.15","218.40","211.71","57.56","52.33","54.38","211.64","70920.00","213.20"
"Thu Jul 07 2022 09:15:00 GMT+0530 (India Standard Time)","219.95","229.80","219.05","225.50","212.07","63.04","54.47","57.68","212.26","493660.00","213.78"
"Thu Jul 07 2022 13:15:00 GMT+0530 (India Standard Time)","225.50","228.85","223.00","226.90","212.46","64.00","54.88","58.29","212.83","176505.00","214.48"
"Fri Jul 08 2022 09:15:00 GMT+0530 (India Standard Time)","229.40","229.50","223.35","223.75","212.67","60.30","53.78","56.40","213.54","180053.00","215.09"
"Fri Jul 08 2022 13:15:00 GMT+0530 (India Standard Time)","224.15","224.50","221.15","222.65","212.78","59.04","53.40","55.76","214.24","66561.00","215.46"
"Mon Jul 11 2022 09:15:00 GMT+0530 (India Standard Time)","222.00","223.85","218.50","220.40","212.92","56.52","52.62","54.44","214.83","117089.00","215.77"
"Mon Jul 11 2022 13:15:00 GMT+0530 (India Standard Time)","220.40","220.75","218.50","219.95","212.99","56.01","52.47","54.17","215.39","51924.00","215.97"
"Tue Jul 12 2022 09:15:00 GMT+0530 (India Standard Time)","218.70","223.30","218.70","219.70","213.07","55.72","52.38","54.03","215.65","140974.00","216.27"
"Tue Jul 12 2022 13:15:00 GMT+0530 (India Standard Time)","219.95","220.70","217.30","218.85","213.12","54.72","52.08","53.51","215.87","35810.00","216.47"
"Wed Jul 13 2022 09:15:00 GMT+0530 (India Standard Time)","219.30","221.70","216.00","216.50","213.14","51.98","51.25","52.10","216.09","52162.00","216.65"
"Wed Jul 13 2022 13:15:00 GMT+0530 (India Standard Time)","216.50","219.95","216.05","217.75","213.09","53.29","51.67","52.78","216.30","33086.00","216.88"
"Thu Jul 14 2022 09:15:00 GMT+0530 (India Standard Time)","218.00","219.90","217.00","217.25","213.06","52.69","51.49","52.47","216.41","41264.00","217.16"
"Thu Jul 14 2022 13:15:00 GMT+0530 (India Standard Time)","217.25","220.00","215.25","220.00","213.09","55.58","52.41","53.99","216.55","44080.00","217.53"
"Fri Jul 15 2022 09:15:00 GMT+0530 (India Standard Time)","219.95","224.40","219.00","221.00","213.25","56.59","52.74","54.53","216.76","118827.00","218.14"
"Fri Jul 15 2022 13:15:00 GMT+0530 (India Standard Time)","221.00","222.50","218.35","219.30","213.44","54.38","52.11","53.43","216.97","53656.00","218.67"
"Mon Jul 18 2022 09:15:00 GMT+0530 (India Standard Time)","222.95","223.50","219.90","221.65","213.82","56.83","52.91","54.73","217.22","68031.00","219.29"
"Mon Jul 18 2022 13:15:00 GMT+0530 (India Standard Time)","221.90","223.00","220.05","221.00","214.21","55.95","52.66","54.30","217.48","60023.00","219.75"
"Tue Jul 19 2022 09:15:00 GMT+0530 (India Standard Time)","223.15","224.20","221.45","222.35","214.55","57.38","53.12","55.06","217.83","17647.00","220.30"
"Tue Jul 19 2022 13:15:00 GMT+0530 (India Standard Time)","222.35","222.55","220.15","221.35","214.85","55.97","52.73","54.37","218.16","48024.00","220.51"
"Wed Jul 20 2022 09:15:00 GMT+0530 (India Standard Time)","222.60","230.00","222.60","227.00","215.20","61.57","54.63","57.45","218.70","294568.00","220.97"
"Wed Jul 20 2022 13:15:00 GMT+0530 (India Standard Time)","226.45","227.00","224.70","225.20","215.54","59.06","53.93","56.21","219.29","79719.00","221.40"
"Thu Jul 21 2022 09:15:00 GMT+0530 (India Standard Time)","227.95","229.65","226.10","227.00","215.88","60.74","54.53","57.16","219.97","116777.00","221.86"
"Thu Jul 21 2022 13:15:00 GMT+0530 (India Standard Time)","227.00","227.50","226.10","227.00","216.25","60.74","54.53","57.16","220.63","56664.00","221.95"
"Fri Jul 22 2022 09:15:00 GMT+0530 (India Standard Time)","227.10","229.55","223.00","224.10","216.59","56.61","53.37","55.11","221.14","149706.00","221.89"
"Fri Jul 22 2022 13:15:00 GMT+0530 (India Standard Time)","224.10","228.45","224.00","227.05","216.92","59.55","54.37","56.74","221.69","79475.00","221.96"
"Mon Jul 25 2022 09:15:00 GMT+0530 (India Standard Time)","226.00","229.10","224.05","227.40","217.34","59.89","54.49","56.93","222.05","96216.00","222.17"
"Mon Jul 25 2022 13:15:00 GMT+0530 (India Standard Time)","227.40","238.90","227.40","232.00","217.95","64.04","56.01","59.34","222.61","494702.00","222.73"
"Tue Jul 26 2022 09:15:00 GMT+0530 (India Standard Time)","232.90","233.35","226.35","227.05","218.42","57.33","54.03","55.87","223.05","165020.00","223.14"
"Tue Jul 26 2022 13:15:00 GMT+0530 (India Standard Time)","227.05","227.30","221.00","221.50","218.79","51.04","51.94","52.35","223.25","104926.00","223.26"
"Wed Jul 27 2022 09:15:00 GMT+0530 (India Standard Time)","221.40","223.60","219.30","220.50","218.93","50.00","51.57","51.75","223.12","68875.00","223.35"
"Wed Jul 27 2022 13:15:00 GMT+0530 (India Standard Time)","220.50","222.40","220.00","222.40","219.12","51.95","52.23","52.81","222.95","37969.00","223.55"
"Thu Jul 28 2022 09:15:00 GMT+0530 (India Standard Time)","222.90","224.00","220.55","222.90","219.33","52.46","52.40","53.09","222.84","80233.00","223.78"
"Thu Jul 28 2022 13:15:00 GMT+0530 (India Standard Time)","222.90","223.30","220.00","222.00","219.52","51.43","52.05","52.51","222.81","32643.00","223.96"
"Fri Jul 29 2022 09:15:00 GMT+0530 (India Standard Time)","223.25","225.55","222.35","223.20","219.70","52.73","52.48","53.21","222.91","370474.00","224.19"
"Fri Jul 29 2022 13:15:00 GMT+0530 (India Standard Time)","223.20","224.85","222.35","224.65","219.89","54.30","52.99","54.05","223.06","32109.00","224.32"
"Mon Aug 01 2022 09:15:00 GMT+0530 (India Standard Time)","225.00","230.00","223.35","226.75","220.11","56.48","53.72","55.25","223.28","115493.00","224.65"
"Mon Aug 01 2022 13:15:00 GMT+0530 (India Standard Time)","226.75","227.35","225.00","225.55","220.35","54.91","53.24","54.42","223.53","42686.00","224.85"
"Tue Aug 02 2022 09:15:00 GMT+0530 (India Standard Time)","225.30","230.00","225.30","228.10","220.61","57.55","54.13","55.87","223.88","101872.00","225.16"
"Tue Aug 02 2022 13:15:00 GMT+0530 (India Standard Time)","228.10","229.40","225.00","225.20","220.86","53.78","52.96","53.86","224.18","49069.00","225.34"
"Wed Aug 03 2022 09:15:00 GMT+0530 (India Standard Time)","226.30","227.60","221.70","223.50","221.08","51.70","52.28","52.72","224.41","71173.00","225.47"
"Wed Aug 03 2022 13:15:00 GMT+0530 (India Standard Time)","223.50","224.30","222.50","223.40","221.31","51.58","52.24","52.65","224.58","37823.00","225.31"
"Thu Aug 04 2022 09:15:00 GMT+0530 (India Standard Time)","224.75","226.70","218.70","221.50","221.53","49.24","51.49","51.36","224.61","119772.00","225.15"
"Thu Aug 04 2022 13:15:00 GMT+0530 (India Standard Time)","222.05","222.65","220.25","222.20","221.80","50.12","51.75","51.81","224.67","22172.00","224.88"
"Fri Aug 05 2022 09:15:00 GMT+0530 (India Standard Time)","221.80","223.90","219.80","220.35","222.04","47.82","51.01","50.55","224.66","79884.00","224.60"
"Fri Aug 05 2022 13:15:00 GMT+0530 (India Standard Time)","220.00","220.75","218.75","220.50","222.27","48.03","51.06","50.65","224.61","46550.00","224.36"
"Mon Aug 08 2022 09:15:00 GMT+0530 (India Standard Time)","219.95","222.30","218.80","220.95","222.46","48.65","51.24","50.95","224.54","71485.00","224.08"
"Mon Aug 08 2022 13:15:00 GMT+0530 (India Standard Time)","220.95","221.15","219.05","219.10","222.63","46.25","50.48","49.65","224.48","30115.00","223.73"
"Wed Aug 10 2022 09:15:00 GMT+0530 (India Standard Time)","218.00","223.50","217.80","220.70","222.70","48.56","51.12","50.77","224.27","79351.00","223.16"
"Wed Aug 10 2022 13:15:00 GMT+0530 (India Standard Time)","220.70","232.00","220.20","224.95","222.87","54.07","52.77","53.59","224.28","306215.00","223.03"
"Thu Aug 11 2022 09:15:00 GMT+0530 (India Standard Time)","230.40","230.40","224.20","227.10","223.09","56.54","53.58","54.94","224.27","264145.00","223.23"
"Thu Aug 11 2022 13:15:00 GMT+0530 (India Standard Time)","227.10","232.00","227.00","228.35","223.31","57.92","54.04","55.71","224.35","198077.00","223.61"
"Fri Aug 12 2022 09:15:00 GMT+0530 (India Standard Time)","229.45","237.00","228.50","232.45","223.46","62.08","55.53","58.11","224.60","304889.00","224.13"
"Fri Aug 12 2022 13:15:00 GMT+0530 (India Standard Time)","232.45","232.50","226.70","229.90","223.53","58.32","54.41","56.16","224.71","110145.00","224.47"
"Tue Aug 16 2022 09:15:00 GMT+0530 (India Standard Time)","229.75","233.00","226.10","231.95","223.64","60.34","55.15","57.35","224.84","176663.00","224.89"
"Tue Aug 16 2022 13:15:00 GMT+0530 (India Standard Time)","231.95","242.50","231.05","242.30","223.98","68.48","58.59","62.60","225.05","633229.00","225.65"
"Wed Aug 17 2022 09:15:00 GMT+0530 (India Standard Time)","242.00","247.00","241.00","243.20","224.43","69.05","58.87","63.00","225.58","363318.00","226.58"
"Wed Aug 17 2022 13:15:00 GMT+0530 (India Standard Time)","243.20","248.75","243.10","245.15","224.95","70.30","59.48","63.88","226.38","379981.00","227.48"
"Thu Aug 18 2022 09:15:00 GMT+0530 (India Standard Time)","246.00","256.45","244.15","248.30","225.53","72.19","60.43","65.25","227.39","602027.00","228.59"
"Thu Aug 18 2022 13:15:00 GMT+0530 (India Standard Time)","248.30","249.00","244.00","244.50","226.06","66.80","58.73","62.32","228.26","163224.00","229.43"
"Fri Aug 19 2022 09:15:00 GMT+0530 (India Standard Time)","246.70","248.20","233.50","237.05","226.48","57.90","55.61","57.15","228.87","297011.00","230.04"
"Fri Aug 19 2022 13:15:00 GMT+0530 (India Standard Time)","237.05","237.70","234.25","235.00","226.84","55.75","54.79","55.84","229.37","74860.00","230.58"
"Mon Aug 22 2022 09:15:00 GMT+0530 (India Standard Time)","235.50","238.40","230.60","230.95","227.13","51.77","53.22","53.35","229.71","137064.00","231.03"
"Mon Aug 22 2022 13:15:00 GMT+0530 (India Standard Time)","230.95","232.80","229.05","229.75","227.36","50.64","52.76","52.63","229.95","72850.00","231.42"
"Tue Aug 23 2022 09:15:00 GMT+0530 (India Standard Time)","229.85","250.95","227.95","242.05","227.75","60.00","56.65","58.50","230.43","642645.00","232.32"
"Tue Aug 23 2022 13:15:00 GMT+0530 (India Standard Time)","242.05","250.00","241.80","249.35","228.31","64.23","58.70","61.41","231.18","307442.00","233.58"
"Wed Aug 24 2022 09:15:00 GMT+0530 (India Standard Time)","250.00","255.90","248.40","249.10","228.89","63.98","58.60","61.26","232.02","496070.00","235.04"
"Wed Aug 24 2022 13:15:00 GMT+0530 (India Standard Time)","249.10","257.00","248.05","254.30","229.53","66.73","59.99","63.20","232.97","487047.00","236.59"
"Thu Aug 25 2022 09:15:00 GMT+0530 (India Standard Time)","258.00","260.65","252.30","255.00","230.19","67.09","60.18","63.46","234.10","415697.00","238.31"
"Thu Aug 25 2022 13:15:00 GMT+0530 (India Standard Time)","255.00","256.10","248.35","250.60","230.79","62.67","58.46","60.75","235.11","220506.00","239.78"
"Fri Aug 26 2022 09:15:00 GMT+0530 (India Standard Time)","252.25","256.95","251.30","251.90","231.32","63.42","58.81","61.25","236.22","254514.00","241.08"
"Fri Aug 26 2022 13:15:00 GMT+0530 (India Standard Time)","252.20","253.20","250.00","252.00","231.85","63.48","58.84","61.29","237.29","102944.00","242.26"
"Mon Aug 29 2022 09:15:00 GMT+0530 (India Standard Time)","246.00","255.00","240.00","254.50","232.32","64.96","59.53","62.27","238.31","451478.00","243.31"
"Mon Aug 29 2022 13:15:00 GMT+0530 (India Standard Time)","254.50","257.70","251.00","253.50","232.86","63.87","59.13","61.63","239.53","231067.00","244.32"
"Tue Aug 30 2022 09:15:00 GMT+0530 (India Standard Time)","255.35","258.90","253.10","254.10","233.45","64.25","59.29","61.87","240.77","247364.00","245.53"
"Tue Aug 30 2022 13:15:00 GMT+0530 (India Standard Time)","254.10","254.40","251.20","251.50","233.96","61.33","58.24","60.17","241.93","104552.00","246.55"
"Thu Sep 01 2022 09:15:00 GMT+0530 (India Standard Time)","250.00","260.00","247.95","257.80","234.54","65.34","60.00","62.72","243.16","461798.00","247.33"
"Thu Sep 01 2022 13:15:00 GMT+0530 (India Standard Time)","257.80","268.00","254.10","265.00","235.15","69.17","61.86","65.33","244.47","801319.00","248.25"
"Fri Sep 02 2022 09:15:00 GMT+0530 (India Standard Time)","268.00","300.05","268.00","290.00","236.32","78.03","67.27","72.27","246.57","6870753.00","250.23"
"Fri Sep 02 2022 13:15:00 GMT+0530 (India Standard Time)","290.00","292.50","282.25","290.00","237.64","78.03","67.27","72.27","248.69","1697189.00","252.10"
"Mon Sep 05 2022 09:15:00 GMT+0530 (India Standard Time)","293.00","306.85","292.50","302.20","239.24","80.97","69.46","74.87","251.11","2952996.00","254.74"
"Mon Sep 05 2022 13:15:00 GMT+0530 (India Standard Time)","302.20","304.00","296.00","300.10","240.80","79.06","68.65","73.64","253.62","936092.00","257.65"
"Tue Sep 06 2022 09:15:00 GMT+0530 (India Standard Time)","301.05","301.25","286.70","290.25","242.20","70.82","65.05","68.27","255.85","957219.00","260.35"
"Tue Sep 06 2022 13:15:00 GMT+0530 (India Standard Time)","290.25","291.50","288.00","289.00","243.55","69.85","64.61","67.63","257.67","272873.00","263.04"
"Wed Sep 07 2022 09:15:00 GMT+0530 (India Standard Time)","287.50","292.45","284.15","285.95","244.82","67.48","63.55","66.07","259.23","376592.00","265.75"
"Wed Sep 07 2022 13:15:00 GMT+0530 (India Standard Time)","285.95","289.60","284.20","287.50","246.08","68.06","63.86","66.47","260.71","237352.00","267.96"
"Thu Sep 08 2022 09:15:00 GMT+0530 (India Standard Time)","291.00","299.20","290.45","292.60","247.42","69.90","64.85","67.77","262.30","480370.00","270.15"
"Thu Sep 08 2022 13:15:00 GMT+0530 (India Standard Time)","292.60","310.00","292.20","309.00","249.00","74.82","67.75","71.44","264.36","1410596.00","272.75"
"Fri Sep 09 2022 09:15:00 GMT+0530 (India Standard Time)","309.35","316.00","303.35","306.20","250.60","72.69","66.80","70.04","266.83","1566052.00","275.34"
"Fri Sep 09 2022 13:15:00 GMT+0530 (India Standard Time)","306.20","309.90","303.35","306.70","252.21","72.84","66.88","70.15","269.36","507797.00","277.77"
"Mon Sep 12 2022 09:15:00 GMT+0530 (India Standard Time)","307.85","318.95","307.65","315.55","254.02","75.28","68.35","71.98","272.25","1193323.00","280.77"
"Mon Sep 12 2022 13:15:00 GMT+0530 (India Standard Time)","315.55","319.80","314.25","315.25","255.87","75.04","68.24","71.83","275.31","548814.00","283.77"
"Tue Sep 13 2022 09:15:00 GMT+0530 (India Standard Time)","316.55","318.80","308.00","309.40","257.66","70.44","66.24","68.88","277.88","539430.00","286.61"
"Tue Sep 13 2022 13:15:00 GMT+0530 (India Standard Time)","309.40","311.80","308.00","308.90","259.41","70.06","66.07","68.63","280.11","211268.00","289.39"
"Wed Sep 14 2022 09:15:00 GMT+0530 (India Standard Time)","305.00","315.90","304.25","309.30","261.18","70.19","66.14","68.72","282.20","580477.00","292.05"
"Wed Sep 14 2022 13:15:00 GMT+0530 (India Standard Time)","309.30","311.40","307.15","308.00","262.95","69.12","65.69","68.05","284.20","188411.00","294.60"
"Thu Sep 15 2022 09:15:00 GMT+0530 (India Standard Time)","309.65","309.85","300.90","305.00","264.64","66.64","64.65","66.51","285.95","316911.00","297.13"
"Thu Sep 15 2022 13:15:00 GMT+0530 (India Standard Time)","305.00","306.30","303.00","303.80","266.34","65.65","64.24","65.90","287.84","150554.00","299.43"
"Fri Sep 16 2022 09:15:00 GMT+0530 (India Standard Time)","304.50","307.50","292.15","292.50","267.85","57.25","60.54","60.49","289.41","458227.00","301.01"
"Fri Sep 16 2022 13:15:00 GMT+0530 (India Standard Time)","292.50","294.65","288.00","289.40","269.14","55.21","59.59","59.12","290.80","367538.00","301.17"
"Mon Sep 19 2022 09:15:00 GMT+0530 (India Standard Time)","289.90","299.80","284.10","293.90","270.46","57.51","60.51","60.46","292.33","493655.00","301.37"
"Mon Sep 19 2022 13:15:00 GMT+0530 (India Standard Time)","294.10","297.00","292.25","295.65","271.78","58.39","60.86","60.97","293.79","159681.00","301.09"
"Tue Sep 20 2022 09:15:00 GMT+0530 (India Standard Time)","298.30","302.60","296.75","297.00","273.10","59.07","61.14","61.37","295.34","191092.00","301.01"
"Tue Sep 20 2022 13:15:00 GMT+0530 (India Standard Time)","297.00","302.60","295.00","297.15","274.46","59.15","61.17","61.41","296.98","247751.00","301.29"
"Wed Sep 21 2022 09:15:00 GMT+0530 (India Standard Time)","297.00","299.90","291.15","291.55","275.72","55.03","59.38","58.80","298.37","216947.00","301.49"
"Wed Sep 21 2022 13:15:00 GMT+0530 (India Standard Time)","291.55","294.25","290.85","293.20","276.78","55.98","59.74","59.32","299.45","88006.00","301.76"
"Thu Sep 22 2022 09:15:00 GMT+0530 (India Standard Time)","293.45","297.95","289.05","291.60","277.76","54.80","59.23","58.58","299.70","158304.00","302.02"
"Thu Sep 22 2022 13:15:00 GMT+0530 (India Standard Time)","291.45","296.90","291.45","296.20","278.75","57.50","60.22","60.06","299.93","105952.00","302.09"
"Fri Sep 23 2022 09:15:00 GMT+0530 (India Standard Time)","292.00","300.80","290.00","293.50","279.66","55.46","59.36","58.79","299.73","349531.00","301.58"
"Fri Sep 23 2022 13:15:00 GMT+0530 (India Standard Time)","293.50","294.00","284.50","285.50","280.49","49.95","56.90","55.23","299.30","225745.00","300.60"
"Mon Sep 26 2022 09:15:00 GMT+0530 (India Standard Time)","280.35","282.95","265.00","275.90","281.21","44.40","54.17","51.40","298.65","562625.00","299.09"
"Mon Sep 26 2022 13:15:00 GMT+0530 (India Standard Time)","275.90","276.40","265.05","270.00","281.91","41.42","52.58","49.24","297.97","168371.00","296.99"
"Tue Sep 27 2022 09:15:00 GMT+0530 (India Standard Time)","269.90","277.00","264.45","270.20","282.67","41.56","52.63","49.31","297.37","413862.00","294.82"
"Tue Sep 27 2022 13:15:00 GMT+0530 (India Standard Time)","270.25","271.70","267.05","268.00","283.43","40.45","52.05","48.51","296.72","138077.00","292.78"
"Wed Sep 28 2022 09:15:00 GMT+0530 (India Standard Time)","266.90","275.90","265.10","273.00","284.05","44.02","53.25","50.40","295.90","204047.00","290.99"
"Wed Sep 28 2022 13:15:00 GMT+0530 (India Standard Time)","273.00","274.60","268.00","268.70","284.50","41.76","52.10","48.81","294.71","83077.00","289.10"
"Thu Sep 29 2022 09:15:00 GMT+0530 (India Standard Time)","274.80","274.80","270.00","270.90","284.92","43.33","52.64","49.64","293.41","128452.00","287.34"
"Thu Sep 29 2022 13:15:00 GMT+0530 (India Standard Time)","270.90","276.80","270.50","276.80","285.36","47.31","54.03","51.81","292.27","87572.00","285.91"
"Fri Sep 30 2022 09:15:00 GMT+0530 (India Standard Time)","273.80","278.35","270.75","274.95","285.74","46.24","53.53","51.10","290.86","178243.00","284.51"
"Fri Sep 30 2022 13:15:00 GMT+0530 (India Standard Time)","274.95","277.00","274.00","275.00","286.22","46.27","53.54","51.12","289.39","78172.00","283.51"
"Mon Oct 03 2022 09:15:00 GMT+0530 (India Standard Time)","277.35","286.80","274.55","283.60","286.80","51.85","55.53","54.20","288.31","297549.00","283.12"
"Mon Oct 03 2022 13:15:00 GMT+0530 (India Standard Time)","283.60","287.05","276.35","281.80","287.40","50.70","55.03","53.47","287.31","209881.00","282.59"
"Tue Oct 04 2022 09:15:00 GMT+0530 (India Standard Time)","285.50","286.15","281.05","282.25","288.04","50.98","55.13","53.63","286.36","113869.00","282.01"
"Tue Oct 04 2022 13:15:00 GMT+0530 (India Standard Time)","282.25","288.40","281.75","287.10","288.68","54.01","56.24","55.33","285.53","131687.00","281.43"
"Thu Oct 06 2022 09:15:00 GMT+0530 (India Standard Time)","288.90","298.00","288.00","293.35","289.44","57.56","57.61","57.40","285.10","371344.00","281.20"
"Thu Oct 06 2022 13:15:00 GMT+0530 (India Standard Time)","293.35","294.50","292.10","292.10","290.25","56.64","57.24","56.86","284.69","89318.00","281.16"
"Fri Oct 07 2022 09:15:00 GMT+0530 (India Standard Time)","293.25","293.25","287.55","289.00","290.93","54.39","56.34","55.52","284.43","128077.00","281.01"
"Fri Oct 07 2022 13:15:00 GMT+0530 (India Standard Time)","289.00","290.25","288.10","289.90","291.46","54.93","56.55","55.83","284.38","75989.00","280.86"
"Mon Oct 10 2022 09:15:00 GMT+0530 (India Standard Time)","284.10","308.40","284.10","302.45","291.71","61.67","59.23","59.84","284.58","906959.00","281.06"
"Mon Oct 10 2022 13:15:00 GMT+0530 (India Standard Time)","302.45","302.95","298.10","302.10","291.96","61.40","59.12","59.69","284.80","241362.00","281.39"
"Tue Oct 11 2022 09:15:00 GMT+0530 (India Standard Time)","304.00","304.00","292.20","292.90","291.85","54.81","56.48","55.77","284.72","229336.00","281.77"
"Tue Oct 11 2022 13:15:00 GMT+0530 (India Standard Time)","292.90","294.15","286.00","287.60","291.62","51.46","55.03","53.68","284.39","162146.00","282.44"
"Wed Oct 12 2022 09:15:00 GMT+0530 (India Standard Time)","288.95","289.90","283.20","285.80","291.51","50.37","54.55","52.99","284.11","133837.00","283.19"
"Wed Oct 12 2022 13:15:00 GMT+0530 (India Standard Time)","285.80","294.40","284.70","292.00","291.53","53.92","55.91","55.04","284.03","131812.00","284.16"
"Thu Oct 13 2022 09:15:00 GMT+0530 (India Standard Time)","291.40","291.40","277.60","278.85","291.42","46.51","52.53","50.25","283.66","228771.00","284.77"
"Thu Oct 13 2022 13:15:00 GMT+0530 (India Standard Time)","278.85","282.45","278.40","281.25","291.30","47.88","53.05","51.05","283.15","126529.00","285.21"
"Fri Oct 14 2022 09:15:00 GMT+0530 (India Standard Time)","285.90","287.80","280.05","280.50","291.07","47.48","52.87","50.79","282.73","159721.00","285.79"
"Fri Oct 14 2022 13:15:00 GMT+0530 (India Standard Time)","280.65","281.10","275.80","277.05","290.52","45.64","52.01","49.58","282.37","86554.00","286.08"
"Mon Oct 17 2022 09:15:00 GMT+0530 (India Standard Time)","278.00","279.20","271.45","276.70","289.88","45.46","51.92","49.46","282.41","136022.00","286.12"
"Mon Oct 17 2022 13:15:00 GMT+0530 (India Standard Time)","276.70","277.65","274.00","275.85","289.27","44.98","51.71","49.15","282.60","50857.00","286.17"
"Tue Oct 18 2022 09:15:00 GMT+0530 (India Standard Time)","277.95","286.75","276.30","286.50","288.66","51.59","54.12","52.88","283.05","261330.00","286.59"
"Tue Oct 18 2022 13:15:00 GMT+0530 (India Standard Time)","286.50","292.50","285.50","291.00","288.14","54.04","55.09","54.34","283.79","229683.00","286.96"
"Wed Oct 19 2022 09:15:00 GMT+0530 (India Standard Time)","291.90","292.20","286.25","287.25","287.67","51.75","54.12","52.94","284.41","142948.00","287.27"
"Wed Oct 19 2022 13:15:00 GMT+0530 (India Standard Time)","286.80","287.70","285.00","286.75","287.22","51.44","53.99","52.75","284.98","57801.00","287.44"
"Thu Oct 20 2022 09:15:00 GMT+0530 (India Standard Time)","285.00","286.55","282.50","283.70","286.70","49.57","53.21","51.61","285.42","71286.00","287.35"
"Thu Oct 20 2022 13:15:00 GMT+0530 (India Standard Time)","283.70","289.80","283.30","287.95","286.28","52.12","54.15","53.06","285.86","60906.00","287.07"
"Fri Oct 21 2022 09:15:00 GMT+0530 (India Standard Time)","288.90","297.25","285.05","287.00","285.95","51.51","53.90","52.70","286.40","218255.00","286.89"
"Fri Oct 21 2022 13:15:00 GMT+0530 (India Standard Time)","287.30","287.40","280.45","283.70","285.55","49.40","53.04","51.44","286.71","133646.00","286.61"
"Mon Oct 24 2022 17:15:00 GMT+0530 (India Standard Time)","286.20","296.35","286.20","294.00","285.48","55.39","55.31","54.90","287.08","241390.00","286.76"
"Tue Oct 25 2022 09:15:00 GMT+0530 (India Standard Time)","294.90","294.90","285.50","286.30","285.43","50.68","53.35","52.05","287.34","163577.00","286.23"
"Tue Oct 25 2022 13:15:00 GMT+0530 (India Standard Time)","286.30","291.95","284.40","287.35","285.33","51.27","53.58","52.39","287.51","147176.00","285.59"
"Thu Oct 27 2022 09:15:00 GMT+0530 (India Standard Time)","290.00","294.65","287.95","288.15","285.22","51.74","53.75","52.66","287.67","159001.00","285.31"
"Thu Oct 27 2022 13:15:00 GMT+0530 (India Standard Time)","288.15","288.40","284.70","288.00","285.00","51.64","53.72","52.61","287.45","93053.00","285.24"
"Fri Oct 28 2022 09:15:00 GMT+0530 (India Standard Time)","287.10","302.95","287.05","296.10","284.95","56.29","55.48","55.31","287.54","825789.00","285.68"
"Fri Oct 28 2022 13:15:00 GMT+0530 (India Standard Time)","296.10","299.00","295.20","297.50","285.03","57.04","55.78","55.75","287.80","187614.00","285.99"
"Mon Oct 31 2022 09:15:00 GMT+0530 (India Standard Time)","303.80","313.80","303.05","308.65","285.34","62.42","58.05","59.11","288.48","1294475.00","287.27"
"Mon Oct 31 2022 13:15:00 GMT+0530 (India Standard Time)","308.65","309.50","305.00","308.90","285.65","62.53","58.10","59.19","288.82","354860.00","288.57"
"Tue Nov 01 2022 09:15:00 GMT+0530 (India Standard Time)","310.00","313.65","305.25","307.40","285.92","61.39","57.68","58.55","289.10","337709.00","289.82"
"Tue Nov 01 2022 13:15:00 GMT+0530 (India Standard Time)","307.50","310.00","304.90","306.00","286.16","60.32","57.30","57.96","289.47","156321.00","291.20"
"Wed Nov 02 2022 09:15:00 GMT+0530 (India Standard Time)","306.40","307.65","293.05","298.40","286.40","54.84","55.25","54.85","289.85","414000.00","292.31"
"Wed Nov 02 2022 13:15:00 GMT+0530 (India Standard Time)","298.40","302.15","297.50","299.75","286.90","55.59","55.54","55.29","290.33","155508.00","293.45"
"Thu Nov 03 2022 09:15:00 GMT+0530 (India Standard Time)","297.95","303.85","294.90","302.15","287.51","56.93","56.05","56.07","290.69","262645.00","294.25"
"Thu Nov 03 2022 13:15:00 GMT+0530 (India Standard Time)","302.15","302.60","297.25","298.00","288.08","53.98","54.94","54.39","291.28","123036.00","294.68"
"Fri Nov 04 2022 09:15:00 GMT+0530 (India Standard Time)","298.60","327.65","298.60","325.35","289.09","66.14","60.23","62.11","292.58","2983707.00","296.15"
"Fri Nov 04 2022 13:15:00 GMT+0530 (India Standard Time)","325.95","330.00","320.00","328.00","290.18","67.03","60.68","62.73","294.13","1381513.00","298.05"
"Mon Nov 07 2022 09:15:00 GMT+0530 (India Standard Time)","331.00","342.00","330.55","337.35","291.52","69.94","62.23","64.85","296.22","1919223.00","300.56"
"Mon Nov 07 2022 13:15:00 GMT+0530 (India Standard Time)","337.35","338.70","331.25","332.60","292.76","66.79","60.99","62.98","298.31","358040.00","302.78"
"Wed Nov 09 2022 09:15:00 GMT+0530 (India Standard Time)","334.25","339.50","324.00","326.90","293.84","63.20","59.53","60.82","300.25","670861.00","304.70"
"Wed Nov 09 2022 13:15:00 GMT+0530 (India Standard Time)","326.90","327.35","322.00","324.00","294.83","61.44","58.80","59.74","301.72","222334.00","306.63"
"Thu Nov 10 2022 09:15:00 GMT+0530 (India Standard Time)","321.95","329.70","315.55","317.50","295.73","57.66","57.21","57.41","302.84","732347.00","307.93"
"Thu Nov 10 2022 13:15:00 GMT+0530 (India Standard Time)","317.50","317.70","312.65","316.30","296.40","56.98","56.92","56.98","303.80","185538.00","309.24"
"Fri Nov 11 2022 09:15:00 GMT+0530 (India Standard Time)","319.80","330.00","313.35","314.60","297.13","55.99","56.51","56.38","304.97","430405.00","310.69"
"Fri Nov 11 2022 13:15:00 GMT+0530 (India Standard Time)","314.60","330.00","314.20","329.00","297.98","61.85","59.07","60.08","306.41","289764.00","312.39"
"Mon Nov 14 2022 09:15:00 GMT+0530 (India Standard Time)","329.00","344.65","328.65","338.95","299.02","65.20","60.70","62.34","308.21","1215352.00","314.80"
"Mon Nov 14 2022 13:15:00 GMT+0530 (India Standard Time)","338.95","347.20","338.60","347.00","300.05","67.62","61.95","64.04","310.15","689064.00","317.15"
"Tue Nov 15 2022 09:15:00 GMT+0530 (India Standard Time)","346.85","347.50","328.25","333.95","300.92","60.47","58.86","59.56","312.04","623534.00","318.99"
"Tue Nov 15 2022 13:15:00 GMT+0530 (India Standard Time)","333.95","336.95","330.35","332.95","301.79","59.96","58.63","59.23","313.51","233912.00","320.17"
"Wed Nov 16 2022 09:15:00 GMT+0530 (India Standard Time)","333.00","338.40","324.20","325.95","302.57","56.45","57.06","56.98","314.96","327048.00","321.15"
"Wed Nov 16 2022 13:15:00 GMT+0530 (India Standard Time)","325.95","327.50","321.00","323.65","303.06","55.33","56.55","56.26","316.25","188461.00","321.89"
"Thu Nov 17 2022 09:15:00 GMT+0530 (India Standard Time)","323.65","326.85","320.30","322.40","303.50","54.72","56.27","55.86","317.43","216505.00","322.66"
"Thu Nov 17 2022 13:15:00 GMT+0530 (India Standard Time)","322.40","326.90","321.00","323.00","304.06","54.97","56.38","56.02","318.73","209676.00","323.81"
"Fri Nov 18 2022 09:15:00 GMT+0530 (India Standard Time)","324.45","332.50","323.00","324.85","304.81","55.77","56.70","56.49","319.86","290663.00","325.07"
"Fri Nov 18 2022 13:15:00 GMT+0530 (India Standard Time)","324.85","325.05","322.00","323.10","305.55","54.80","56.30","55.90","320.79","103612.00","326.15"
"Mon Nov 21 2022 09:15:00 GMT+0530 (India Standard Time)","324.20","324.40","315.80","316.85","306.10","51.46","54.88","53.84","321.17","236532.00","327.08"
"Mon Nov 21 2022 13:15:00 GMT+0530 (India Standard Time)","316.80","317.75","305.65","310.25","306.69","48.19","53.43","51.76","321.29","282591.00","326.68"
"Tue Nov 22 2022 09:15:00 GMT+0530 (India Standard Time)","312.20","317.60","309.20","313.30","307.34","49.74","54.00","52.63","321.45","224697.00","326.06"
"Tue Nov 22 2022 13:15:00 GMT+0530 (India Standard Time)","313.30","316.55","312.00","315.80","307.99","51.00","54.47","53.33","321.73","96930.00","325.02"
"Wed Nov 23 2022 09:15:00 GMT+0530 (India Standard Time)","317.85","325.00","317.30","322.35","308.87","54.16","55.67","55.15","322.51","279590.00","324.45"
"Wed Nov 23 2022 13:15:00 GMT+0530 (India Standard Time)","322.35","323.60","319.00","319.00","309.76","52.35","54.91","54.04","323.25","83852.00","324.01"
"Thu Nov 24 2022 09:15:00 GMT+0530 (India Standard Time)","323.00","323.55","314.35","318.10","310.61","51.86","54.71","53.75","323.91","185950.00","323.73"
"Thu Nov 24 2022 13:15:00 GMT+0530 (India Standard Time)","318.10","319.00","315.80","315.80","311.26","50.59","54.19","52.98","324.54","67158.00","323.57"
"Fri Nov 25 2022 09:15:00 GMT+0530 (India Standard Time)","321.90","333.00","321.00","326.60","312.00","55.91","56.18","56.01","324.88","592239.00","324.09"
"Fri Nov 25 2022 13:15:00 GMT+0530 (India Standard Time)","326.85","331.40","325.00","330.00","312.82","57.42","56.79","56.90","324.98","195758.00","324.62"
"Mon Nov 28 2022 09:15:00 GMT+0530 (India Standard Time)","330.00","335.50","327.20","327.75","313.68","56.08","56.26","56.12","324.75","264609.00","324.81"
"Mon Nov 28 2022 13:15:00 GMT+0530 (India Standard Time)","328.00","329.50","325.05","328.20","314.55","56.30","56.35","56.25","324.51","89953.00","324.33"
"Tue Nov 29 2022 09:15:00 GMT+0530 (India Standard Time)","330.85","354.40","330.85","344.20","315.67","63.03","59.11","60.33","324.98","2220923.00","324.25"
"Tue Nov 29 2022 13:15:00 GMT+0530 (India Standard Time)","344.20","344.90","336.15","337.90","316.67","59.26","57.65","58.13","325.52","469743.00","324.41"
"Wed Nov 30 2022 09:15:00 GMT+0530 (India Standard Time)","340.80","341.00","330.60","335.10","317.71","57.65","57.01","57.18","326.04","314817.00","324.51"
"Wed Nov 30 2022 13:15:00 GMT+0530 (India Standard Time)","334.80","340.20","334.05","338.05","318.61","58.88","57.51","57.93","326.83","150179.00","324.94"
"Thu Dec 01 2022 09:15:00 GMT+0530 (India Standard Time)","339.95","344.50","336.05","337.00","319.61","58.25","57.27","57.56","327.54","290377.00","325.64"
"Thu Dec 01 2022 13:15:00 GMT+0530 (India Standard Time)","336.75","337.25","331.35","335.90","320.56","57.56","57.01","57.17","327.91","183757.00","326.22"
"Fri Dec 02 2022 09:15:00 GMT+0530 (India Standard Time)","333.60","336.65","331.20","332.00","321.43","55.16","56.10","55.79","327.76","174284.00","326.67"
"Fri Dec 02 2022 13:15:00 GMT+0530 (India Standard Time)","332.30","332.55","330.00","331.70","322.31","54.97","56.03","55.68","327.30","86057.00","326.91"
"Mon Dec 05 2022 09:15:00 GMT+0530 (India Standard Time)","332.90","339.80","330.90","333.70","323.09","56.01","56.40","56.25","327.24","267044.00","327.45"
"Mon Dec 05 2022 13:15:00 GMT+0530 (India Standard Time)","333.35","334.20","332.00","333.15","323.81","55.64","56.27","56.05","327.23","75658.00","328.15"
"Tue Dec 06 2022 09:15:00 GMT+0530 (India Standard Time)","331.10","346.60","328.10","339.50","324.40","58.93","57.44","57.87","327.53","655082.00","329.45"
"Tue Dec 06 2022 13:15:00 GMT+0530 (India Standard Time)","339.50","341.65","338.70","339.00","325.03","58.57","57.32","57.68","328.10","195983.00","330.70"
"Wed Dec 07 2022 09:15:00 GMT+0530 (India Standard Time)","341.55","345.75","336.05","337.30","325.65","57.32","56.90","57.01","328.69","160582.00","331.85"
"Wed Dec 07 2022 13:15:00 GMT+0530 (India Standard Time)","337.30","338.70","336.00","337.00","326.26","57.09","56.82","56.89","329.17","60397.00","332.58"
"Thu Dec 08 2022 09:15:00 GMT+0530 (India Standard Time)","336.75","338.05","333.50","335.00","326.98","55.57","56.31","56.09","329.48","99077.00","333.31"
"Thu Dec 08 2022 13:15:00 GMT+0530 (India Standard Time)","335.00","342.15","334.90","339.00","327.76","57.93","57.09","57.33","330.03","102542.00","334.27"
"Fri Dec 09 2022 09:15:00 GMT+0530 (India Standard Time)","340.65","351.90","331.05","331.05","328.47","52.14","55.10","54.20","330.71","619825.00","335.21"
"Fri Dec 09 2022 13:15:00 GMT+0530 (India Standard Time)","330.65","330.95","323.50","329.80","329.06","51.29","54.80","53.72","331.31","321881.00","335.29"
"Mon Dec 12 2022 09:15:00 GMT+0530 (India Standard Time)","327.85","328.80","321.35","323.00","329.15","46.94","53.16","51.21","331.70","226638.00","335.05"
"Mon Dec 12 2022 13:15:00 GMT+0530 (India Standard Time)","323.00","324.40","320.00","323.00","329.08","46.94","53.16","51.21","331.98","120127.00","334.72"
"Tue Dec 13 2022 09:15:00 GMT+0530 (India Standard Time)","324.90","328.60","318.05","318.20","328.75","44.03","52.03","49.48","331.98","213970.00","334.39"
"Tue Dec 13 2022 13:15:00 GMT+0530 (India Standard Time)","318.20","324.80","316.35","322.00","328.50","46.77","52.84","50.83","332.00","186473.00","333.33"
"Wed Dec 14 2022 09:15:00 GMT+0530 (India Standard Time)","324.45","325.90","321.25","323.25","328.39","47.66","53.11","51.27","332.17","130278.00","332.58"
"Wed Dec 14 2022 13:15:00 GMT+0530 (India Standard Time)","323.25","324.20","322.00","323.50","328.37","47.84","53.16","51.36","332.40","61069.00","332.00"
"Thu Dec 15 2022 09:15:00 GMT+0530 (India Standard Time)","324.90","331.35","324.20","327.45","328.52","50.69","54.01","52.78","332.43","208796.00","331.53"
"Thu Dec 15 2022 13:15:00 GMT+0530 (India Standard Time)","327.45","329.35","324.25","325.50","328.72","49.29","53.52","52.01","332.34","113908.00","330.93"
"Fri Dec 16 2022 09:15:00 GMT+0530 (India Standard Time)","325.45","335.95","324.05","329.70","328.96","52.27","54.42","53.51","332.33","508748.00","330.68"
"Fri Dec 16 2022 13:15:00 GMT+0530 (India Standard Time)","329.75","330.20","323.30","326.00","328.98","49.58","53.49","52.04","332.29","113027.00","330.37"
"Mon Dec 19 2022 09:15:00 GMT+0530 (India Standard Time)","327.80","327.80","321.25","322.60","328.69","47.23","52.65","50.72","331.60","190170.00","329.99"
"Mon Dec 19 2022 13:15:00 GMT+0530 (India Standard Time)","322.60","323.10","314.35","319.70","328.18","45.32","51.94","49.62","330.87","261767.00","329.26"
"Tue Dec 20 2022 09:15:00 GMT+0530 (India Standard Time)","316.00","323.90","316.00","319.45","327.85","45.15","51.88","49.52","330.30","165496.00","328.62"
"Tue Dec 20 2022 13:15:00 GMT+0530 (India Standard Time)","319.10","321.70","318.00","320.20","327.59","45.78","52.05","49.82","329.68","99236.00","327.75"
"Wed Dec 21 2022 09:15:00 GMT+0530 (India Standard Time)","321.90","327.45","316.80","318.55","327.42","44.60","51.64","49.16","329.03","203204.00","326.83"
"Wed Dec 21 2022 13:15:00 GMT+0530 (India Standard Time)","318.55","318.55","301.10","305.45","327.09","36.74","48.50","44.39","328.08","372058.00","325.33"
"Thu Dec 22 2022 09:15:00 GMT+0530 (India Standard Time)","309.00","312.05","286.25","291.00","326.54","30.51","45.41","39.98","326.77","823288.00","323.33"
"Thu Dec 22 2022 13:15:00 GMT+0530 (India Standard Time)","291.00","294.40","289.45","293.05","325.92","32.22","45.90","40.84","325.37","314358.00","321.28"
"Fri Dec 23 2022 09:15:00 GMT+0530 (India Standard Time)","288.05","288.90","275.95","277.00","324.98","26.80","42.79","36.63","323.43","463147.00","318.47"
"Fri Dec 23 2022 13:15:00 GMT+0530 (India Standard Time)","277.00","277.15","266.25","270.15","323.94","24.91","41.56","35.04","321.22","264074.00","315.36"
"Mon Dec 26 2022 09:15:00 GMT+0530 (India Standard Time)","265.30","278.90","265.30","275.00","323.04","28.64","42.74","37.03","318.90","544648.00","312.74"
"Mon Dec 26 2022 13:15:00 GMT+0530 (India Standard Time)","275.00","292.00","273.05","290.55","322.55","38.85","46.29","42.80","316.95","717098.00","310.96"
"Tue Dec 27 2022 09:15:00 GMT+0530 (India Standard Time)","292.40","294.70","278.30","282.60","321.97","36.08","44.85","40.83","315.01","627181.00","309.15"
"Tue Dec 27 2022 13:15:00 GMT+0530 (India Standard Time)","282.50","293.95","282.35","291.20","321.47","40.87","46.68","43.71","313.29","643644.00","307.67"
"Wed Dec 28 2022 09:15:00 GMT+0530 (India Standard Time)","292.95","297.85","289.30","293.90","320.91","42.29","47.24","44.58","311.79","375370.00","306.35"
"Wed Dec 28 2022 13:15:00 GMT+0530 (India Standard Time)","293.90","295.50","289.00","290.15","320.33","40.85","46.55","43.62","310.11","121229.00","304.82"
"Thu Dec 29 2022 09:15:00 GMT+0530 (India Standard Time)","289.05","294.80","286.85","293.05","319.80","42.44","47.16","44.57","308.45","176860.00","303.33"
"Thu Dec 29 2022 13:15:00 GMT+0530 (India Standard Time)","293.05","302.30","293.05","299.00","319.43","45.59","48.39","46.48","307.38","305510.00","301.93"
"Fri Dec 30 2022 09:15:00 GMT+0530 (India Standard Time)","302.15","305.25","300.70","302.80","318.95","47.51","49.16","47.66","306.62","205686.00","300.82"
"Fri Dec 30 2022 13:15:00 GMT+0530 (India Standard Time)","302.80","307.00","301.25","307.00","318.48","49.58","50.00","48.94","306.00","147625.00","299.67"
"Mon Jan 02 2023 09:15:00 GMT+0530 (India Standard Time)","305.70","314.45","304.05","310.35","318.09","51.19","50.66","49.95","305.57","331087.00","298.88"
"Mon Jan 02 2023 13:15:00 GMT+0530 (India Standard Time)","310.25","311.95","304.00","307.00","317.68","49.53","49.99","48.96","305.09","190193.00","298.11"
"Tue Jan 03 2023 09:15:00 GMT+0530 (India Standard Time)","306.90","316.00","305.30","308.70","317.01","50.39","50.33","49.48","304.61","414904.00","297.66"
"Tue Jan 03 2023 13:15:00 GMT+0530 (India Standard Time)","308.70","311.80","308.15","309.55","316.42","50.83","50.50","49.75","304.13","122512.00","297.19"
"Wed Jan 04 2023 09:15:00 GMT+0530 (India Standard Time)","310.85","321.55","308.10","317.75","316.03","54.87","52.13","52.24","303.70","676897.00","297.01"
"Wed Jan 04 2023 13:15:00 GMT+0530 (India Standard Time)","317.75","319.80","316.05","317.50","315.64","54.73","52.08","52.16","303.40","194198.00","296.88"
"Thu Jan 05 2023 09:15:00 GMT+0530 (India Standard Time)","320.00","323.95","311.10","311.60","315.15","51.38","50.83","50.26","302.89","307657.00","297.21"
"Thu Jan 05 2023 13:15:00 GMT+0530 (India Standard Time)","311.30","319.00","309.05","317.00","314.76","54.08","51.90","51.91","302.48","177560.00","298.19"
"Fri Jan 06 2023 09:15:00 GMT+0530 (India Standard Time)","319.00","319.00","311.50","311.95","314.38","51.29","50.85","50.31","302.13","211613.00","299.19"
"Fri Jan 06 2023 13:15:00 GMT+0530 (India Standard Time)","311.95","313.65","309.80","312.00","313.98","51.31","50.86","50.32","301.87","147011.00","300.72"
"Mon Jan 09 2023 09:15:00 GMT+0530 (India Standard Time)","315.00","318.30","310.25","317.35","313.61","54.08","51.93","51.98","301.71","262732.00","302.86"
"Mon Jan 09 2023 13:15:00 GMT+0530 (India Standard Time)","317.35","321.95","315.35","317.00","313.30","53.87","51.86","51.87","301.64","328020.00","304.97"
"Tue Jan 10 2023 09:15:00 GMT+0530 (India Standard Time)","319.35","319.35","310.50","311.00","312.79","50.34","50.57","49.89","301.38","161092.00","306.23"
"Tue Jan 10 2023 13:15:00 GMT+0530 (India Standard Time)","311.00","315.25","310.10","313.35","312.26","51.65","51.06","50.65","301.54","122546.00","307.58"
"Wed Jan 11 2023 09:15:00 GMT+0530 (India Standard Time)","312.95","316.70","310.00","310.75","311.72","50.12","50.50","49.80","302.12","257118.00","308.65"
"Wed Jan 11 2023 13:15:00 GMT+0530 (India Standard Time)","310.75","311.15","309.10","309.80","311.18","49.56","50.30","49.48","302.75","93348.00","309.42"
"Thu Jan 12 2023 09:15:00 GMT+0530 (India Standard Time)","311.60","316.30","309.00","311.55","310.71","50.63","50.67","50.08","303.88","218575.00","310.41"
"Thu Jan 12 2023 13:15:00 GMT+0530 (India Standard Time)","311.55","318.80","309.85","315.80","310.24","53.16","51.57","51.51","305.44","488177.00","311.52"
"Fri Jan 13 2023 09:15:00 GMT+0530 (India Standard Time)","316.00","325.55","316.00","318.80","309.91","54.88","52.19","52.49","307.12","350321.00","312.54"
"Fri Jan 13 2023 13:15:00 GMT+0530 (India Standard Time)","318.80","321.50","317.50","318.50","309.72","54.67","52.13","52.38","308.33","111697.00","313.30"
"Mon Jan 16 2023 09:15:00 GMT+0530 (India Standard Time)","319.30","322.30","316.25","317.15","309.60","53.70","51.81","51.88","309.52","153166.00","313.91"
"Mon Jan 16 2023 13:15:00 GMT+0530 (India Standard Time)","317.30","317.50","314.25","315.95","309.47","52.82","51.53","51.43","310.48","66260.00","314.20"
"Tue Jan 17 2023 09:15:00 GMT+0530 (India Standard Time)","315.70","316.00","311.20","311.85","309.31","49.90","50.59","49.91","311.17","111528.00","314.45"
"Tue Jan 17 2023 13:15:00 GMT+0530 (India Standard Time)","311.85","313.60","311.80","312.50","309.13","50.35","50.73","50.15","311.92","56820.00","314.59"
"Wed Jan 18 2023 09:15:00 GMT+0530 (India Standard Time)","312.70","316.65","310.60","315.20","308.95","52.25","51.34","51.15","312.73","120339.00","314.81"
"Wed Jan 18 2023 13:15:00 GMT+0530 (India Standard Time)","315.20","320.00","313.90","317.05","308.83","53.53","51.76","51.84","313.40","105120.00","314.84"
"Thu Jan 19 2023 09:15:00 GMT+0530 (India Standard Time)","316.00","318.35","314.60","316.10","308.60","52.77","51.53","51.46","313.88","55420.00","314.77"
"Thu Jan 19 2023 13:15:00 GMT+0530 (India Standard Time)","316.10","316.65","315.00","315.70","308.39","52.44","51.43","51.29","314.26","36146.00","314.83"
"Fri Jan 20 2023 09:15:00 GMT+0530 (India Standard Time)","315.80","334.50","312.65","333.40","308.37","63.16","55.27","57.42","314.88","1179300.00","315.45"
"Fri Jan 20 2023 13:15:00 GMT+0530 (India Standard Time)","333.35","339.50","331.80","335.30","308.55","64.07","55.65","58.01","315.88","868616.00","316.49"
"Mon Jan 23 2023 09:15:00 GMT+0530 (India Standard Time)","337.60","339.70","326.65","327.40","308.68","57.82","53.71","54.80","316.63","282192.00","317.37"
"Mon Jan 23 2023 13:15:00 GMT+0530 (India Standard Time)","327.90","332.95","327.50","331.10","308.91","59.75","54.47","55.97","317.37","186143.00","318.08"
"Tue Jan 24 2023 09:15:00 GMT+0530 (India Standard Time)","331.50","342.85","329.25","334.00","309.22","61.21","55.05","56.87","318.07","344198.00","318.89"
"Tue Jan 24 2023 13:15:00 GMT+0530 (India Standard Time)","334.00","337.00","331.50","331.65","309.48","59.38","54.47","55.92","318.63","93111.00","319.85"
"Wed Jan 25 2023 09:15:00 GMT+0530 (India Standard Time)","331.80","338.95","326.55","328.10","309.68","56.68","53.60","54.49","319.19","323764.00","320.68"
"Wed Jan 25 2023 13:15:00 GMT+0530 (India Standard Time)","328.55","329.50","324.00","325.50","310.05","54.77","52.97","53.47","319.59","130226.00","321.35"
"Fri Jan 27 2023 09:15:00 GMT+0530 (India Standard Time)","326.10","328.90","310.60","315.65","310.50","48.29","50.67","49.81","319.74","275377.00","321.71"
"Fri Jan 27 2023 13:15:00 GMT+0530 (India Standard Time)","315.65","320.60","315.05","318.95","311.02","50.36","51.39","50.97","319.97","93336.00","322.01"
"Mon Jan 30 2023 09:15:00 GMT+0530 (India Standard Time)","318.95","328.05","318.00","320.75","311.86","51.47","51.78","51.59","320.22","172366.00","322.34"
"Mon Jan 30 2023 13:15:00 GMT+0530 (India Standard Time)","320.75","324.70","319.95","320.60","312.87","51.37","51.75","51.54","320.35","66479.00","322.42"
"Tue Jan 31 2023 09:15:00 GMT+0530 (India Standard Time)","322.95","334.45","322.10","332.15","314.01","58.00","54.20","55.39","320.92","249633.00","322.95"
"Tue Jan 31 2023 13:15:00 GMT+0530 (India Standard Time)","332.15","334.15","329.25","334.15","314.93","59.02","54.60","56.02","321.62","75346.00","323.65"
"Wed Feb 01 2023 09:15:00 GMT+0530 (India Standard Time)","336.00","342.45","330.35","337.85","315.98","60.86","55.35","57.15","322.49","294159.00","324.66"
"Wed Feb 01 2023 13:15:00 GMT+0530 (India Standard Time)","337.80","338.00","313.60","323.10","316.68","51.23","51.89","51.67","323.02","170952.00","325.22"
"Thu Feb 02 2023 09:15:00 GMT+0530 (India Standard Time)","321.00","331.00","316.55","328.70","317.33","54.12","53.02","53.41","323.49","177303.00","325.87"
"Thu Feb 02 2023 13:15:00 GMT+0530 (India Standard Time)","328.70","334.00","323.05","332.40","318.12","55.94","53.76","54.53","324.03","123872.00","326.64"
"Fri Feb 03 2023 09:15:00 GMT+0530 (India Standard Time)","334.05","335.00","324.10","325.90","318.83","52.13","52.29","52.27","324.32","155795.00","327.15"
"Fri Feb 03 2023 13:15:00 GMT+0530 (India Standard Time)","325.90","331.50","325.00","328.20","319.43","53.31","52.76","52.98","324.65","110705.00","327.71"
"Mon Feb 06 2023 09:15:00 GMT+0530 (India Standard Time)","335.00","340.45","330.20","337.40","320.10","57.69","54.55","55.69","325.27","397031.00","328.70"
"Mon Feb 06 2023 13:15:00 GMT+0530 (India Standard Time)","337.40","339.70","335.00","338.90","320.75","58.36","54.84","56.12","326.05","134019.00","329.15"
"Tue Feb 07 2023 09:15:00 GMT+0530 (India Standard Time)","348.00","349.30","337.10","338.00","321.37","57.78","54.63","55.79","327.07","1447946.00","329.40"
"Tue Feb 07 2023 13:15:00 GMT+0530 (India Standard Time)","338.30","364.95","337.70","359.00","322.32","65.99","58.40","61.25","328.54","1862399.00","330.58"
"Wed Feb 08 2023 09:15:00 GMT+0530 (India Standard Time)","361.00","367.95","354.25","364.40","323.38","67.69","59.29","62.48","330.26","1138286.00","332.11"
"Wed Feb 08 2023 13:15:00 GMT+0530 (India Standard Time)","364.55","366.90","358.75","359.50","324.41","64.62","58.14","60.69","331.86","359073.00","333.36"
"Thu Feb 09 2023 09:15:00 GMT+0530 (India Standard Time)","361.90","383.20","358.40","377.45","325.57","69.88","60.96","64.52","333.88","1547049.00","335.32"
"Thu Feb 09 2023 13:15:00 GMT+0530 (India Standard Time)","377.45","385.00","376.45","380.05","326.82","70.54","61.34","65.03","336.19","715907.00","337.70"
"Fri Feb 10 2023 09:15:00 GMT+0530 (India Standard Time)","380.00","381.25","368.50","368.90","327.97","64.16","58.82","61.16","337.84","404696.00","339.87"
"Fri Feb 10 2023 13:15:00 GMT+0530 (India Standard Time)","368.90","371.50","368.55","371.30","329.07","64.88","59.19","61.67","339.08","148452.00","342.40"
"Mon Feb 13 2023 09:15:00 GMT+0530 (India Standard Time)","371.00","378.75","363.15","371.85","330.22","65.04","59.27","61.79","340.51","464189.00","344.92"
"Mon Feb 13 2023 13:15:00 GMT+0530 (India Standard Time)","371.85","379.80","370.00","372.00","331.46","65.09","59.29","61.82","342.06","314441.00","347.38"
"Tue Feb 14 2023 09:15:00 GMT+0530 (India Standard Time)","373.10","382.55","372.75","378.00","332.70","66.99","60.23","63.12","343.58","441464.00","350.06"
"Tue Feb 14 2023 13:15:00 GMT+0530 (India Standard Time)","378.00","382.40","375.20","375.80","333.89","65.62","59.72","62.32","345.16","209985.00","352.30"
"Wed Feb 15 2023 09:15:00 GMT+0530 (India Standard Time)","376.45","382.25","373.10","374.90","335.15","65.04","59.51","61.99","346.79","228573.00","354.37"
"Wed Feb 15 2023 13:15:00 GMT+0530 (India Standard Time)","374.90","377.00","374.20","375.15","336.40","65.13","59.55","62.04","348.54","83022.00","356.19"
"Thu Feb 16 2023 09:15:00 GMT+0530 (India Standard Time)","377.45","393.20","374.85","387.35","337.87","69.16","61.45","64.72","350.93","811286.00","359.10"
"Thu Feb 16 2023 13:15:00 GMT+0530 (India Standard Time)","387.35","388.50","377.65","381.30","339.32","65.24","60.03","62.47","353.22","245437.00","361.77"
"Fri Feb 17 2023 09:15:00 GMT+0530 (India Standard Time)","381.00","389.30","379.70","385.60","340.78","66.65","60.69","63.40","355.46","384496.00","364.37"
"Fri Feb 17 2023 13:15:00 GMT+0530 (India Standard Time)","385.60","392.95","381.05","383.10","342.18","65.04","60.10","62.48","357.74","345872.00","367.10"
"Mon Feb 20 2023 09:15:00 GMT+0530 (India Standard Time)","384.50","386.65","376.00","379.95","343.39","63.02","59.36","61.32","359.58","233390.00","369.59"
"Mon Feb 20 2023 13:15:00 GMT+0530 (India Standard Time)","379.90","380.50","371.35","375.00","344.52","59.95","58.21","59.53","361.11","113739.00","371.46"
"Tue Feb 21 2023 09:15:00 GMT+0530 (India Standard Time)","373.95","383.30","368.65","373.15","345.65","58.83","57.79","58.87","362.48","257811.00","373.19"
"Tue Feb 21 2023 13:15:00 GMT+0530 (India Standard Time)","373.15","376.10","369.00","372.50","346.78","58.43","57.64","58.64","364.18","127228.00","374.71"
"Wed Feb 22 2023 09:15:00 GMT+0530 (India Standard Time)","368.95","375.80","368.95","370.80","347.96","57.35","57.24","58.02","365.84","146001.00","375.49"
"Wed Feb 22 2023 13:15:00 GMT+0530 (India Standard Time)","371.25","380.60","365.05","366.70","349.10","54.78","56.29","56.53","367.30","257158.00","375.83"
"Thu Feb 23 2023 09:15:00 GMT+0530 (India Standard Time)","367.00","376.00","364.05","371.40","350.23","57.09","57.12","57.80","368.80","246928.00","376.28"
"Thu Feb 23 2023 13:15:00 GMT+0530 (India Standard Time)","371.40","373.00","369.20","373.00","351.33","57.86","57.40","58.23","370.36","83024.00","376.18"
"Fri Feb 24 2023 09:15:00 GMT+0530 (India Standard Time)","371.80","377.45","362.10","363.80","352.34","52.20","55.29","54.93","371.49","226375.00","375.54"
"Fri Feb 24 2023 13:15:00 GMT+0530 (India Standard Time)","363.80","365.55","354.00","359.90","353.22","50.03","54.42","53.60","372.28","240729.00","374.96"
"Mon Feb 27 2023 09:15:00 GMT+0530 (India Standard Time)","360.15","362.50","344.25","347.25","353.66","43.81","51.74","49.61","372.63","458496.00","373.99"
"Mon Feb 27 2023 13:15:00 GMT+0530 (India Standard Time)","347.25","350.90","345.65","347.10","353.90","43.74","51.71","49.56","372.41","155682.00","372.86"
"Tue Feb 28 2023 09:15:00 GMT+0530 (India Standard Time)","349.00","354.00","342.05","345.00","354.23","42.77","51.27","48.92","371.87","358501.00","371.58"
"Tue Feb 28 2023 13:15:00 GMT+0530 (India Standard Time)","345.00","348.45","342.00","346.85","354.53","43.92","51.64","49.51","371.30","145228.00","370.07"
"Wed Mar 01 2023 09:15:00 GMT+0530 (India Standard Time)","345.70","354.75","341.55","347.40","354.79","44.27","51.75","49.69","370.41","457871.00","368.66"
"Wed Mar 01 2023 13:15:00 GMT+0530 (India Standard Time)","347.40","355.00","346.50","354.90","355.19","48.85","53.21","52.06","369.39","141832.00","367.54"
"Thu Mar 02 2023 09:15:00 GMT+0530 (India Standard Time)","353.40","366.70","353.05","361.30","355.79","52.35","54.42","53.96","368.95","532947.00","366.84"
"Thu Mar 02 2023 13:15:00 GMT+0530 (India Standard Time)","361.30","363.75","359.00","361.80","356.50","52.62","54.51","54.11","368.63","135842.00","365.69"
"Fri Mar 03 2023 09:15:00 GMT+0530 (India Standard Time)","364.40","376.55","362.85","372.50","357.57","57.90","56.45","57.11","368.60","483116.00","365.16"
"Fri Mar 03 2023 13:15:00 GMT+0530 (India Standard Time)","372.50","374.50","367.15","370.00","358.61","56.36","55.88","56.23","368.48","143699.00","364.47"
"Mon Mar 06 2023 09:15:00 GMT+0530 (India Standard Time)","371.80","376.30","367.70","369.30","359.58","55.92","55.72","55.98","368.25","224165.00","363.78"
"Mon Mar 06 2023 13:15:00 GMT+0530 (India Standard Time)","369.30","371.40","367.60","369.00","360.54","55.73","55.65","55.87","367.94","84895.00","363.24"
"Wed Mar 08 2023 09:15:00 GMT+0530 (India Standard Time)","368.45","383.60","365.00","380.45","361.48","61.15","57.70","59.01","367.93","467329.00","363.33"
"Wed Mar 08 2023 13:15:00 GMT+0530 (India Standard Time)","380.45","383.95","377.10","383.00","362.46","62.24","58.14","59.67","368.14","180069.00","363.67"
"Thu Mar 09 2023 09:15:00 GMT+0530 (India Standard Time)","383.40","388.95","378.15","379.90","363.35","60.10","57.40","58.49","368.04","277628.00","364.11"
"Thu Mar 09 2023 13:15:00 GMT+0530 (India Standard Time)","379.90","380.40","375.40","379.00","364.43","59.48","57.19","58.15","367.89","103554.00","364.44"
"Fri Mar 10 2023 09:15:00 GMT+0530 (India Standard Time)","377.90","383.00","372.50","378.00","365.46","58.77","56.95","57.77","367.64","354790.00","364.82"
"Fri Mar 10 2023 13:15:00 GMT+0530 (India Standard Time)","378.00","383.90","376.20","383.00","366.48","61.20","57.85","59.16","367.47","111181.00","365.34"
"Mon Mar 13 2023 09:15:00 GMT+0530 (India Standard Time)","382.70","396.55","380.00","393.95","367.75","65.83","59.72","61.98","367.80","1023054.00","366.25"
"Mon Mar 13 2023 13:15:00 GMT+0530 (India Standard Time)","393.95","395.00","383.50","387.40","368.95","61.24","58.15","59.45","368.27","530134.00","367.27"
"Tue Mar 14 2023 09:15:00 GMT+0530 (India Standard Time)","390.00","394.70","378.25","381.95","369.91","57.72","56.88","57.45","368.62","540091.00","368.43"
"Tue Mar 14 2023 13:15:00 GMT+0530 (India Standard Time)","381.95","383.15","372.10","375.85","370.68","54.07","55.49","55.30","368.78","307093.00","369.69"
"Wed Mar 15 2023 09:15:00 GMT+0530 (India Standard Time)","377.75","383.00","375.50","376.00","371.42","54.14","55.52","55.34","369.01","262528.00","371.12"
"Wed Mar 15 2023 13:15:00 GMT+0530 (India Standard Time)","376.00","377.95","370.00","371.70","371.78","51.61","54.55","53.84","369.10","129997.00","372.37"
"Thu Mar 16 2023 09:15:00 GMT+0530 (India Standard Time)","371.85","372.90","355.50","360.30","371.77","45.66","52.09","50.14","368.82","481211.00","373.14"
"Thu Mar 16 2023 13:15:00 GMT+0530 (India Standard Time)","360.30","362.50","358.80","361.00","371.76","46.06","52.23","50.35","368.43","98845.00","373.76"
"Fri Mar 17 2023 09:15:00 GMT+0530 (India Standard Time)","366.55","374.90","363.15","372.60","371.69","52.20","54.39","53.76","368.52","325258.00","374.62"
"Fri Mar 17 2023 13:15:00 GMT+0530 (India Standard Time)","372.60","380.00","371.50","378.10","371.62","54.76","55.36","55.26","369.12","248566.00","375.40"
"Mon Mar 20 2023 09:15:00 GMT+0530 (India Standard Time)","369.00","377.25","363.60","364.50","371.54","48.07","52.54","51.05","369.73","172135.00","375.68"
"Mon Mar 20 2023 13:15:00 GMT+0530 (India Standard Time)","364.95","368.50","356.70","366.25","371.41","48.91","52.85","51.54","370.30","209511.00","375.36"
"Tue Mar 21 2023 09:15:00 GMT+0530 (India Standard Time)","364.85","367.45","362.05","366.00","371.29","48.79","52.80","51.47","370.95","154806.00","375.12"
"Tue Mar 21 2023 13:15:00 GMT+0530 (India Standard Time)","366.00","376.00","365.00","374.00","371.27","52.66","54.24","53.70","371.87","276503.00","375.20"
"Wed Mar 22 2023 09:15:00 GMT+0530 (India Standard Time)","374.00","376.75","370.00","371.30","371.16","51.29","53.68","52.85","372.76","163700.00","375.34"
"Wed Mar 22 2023 13:15:00 GMT+0530 (India Standard Time)","371.30","375.50","370.60","371.50","371.06","51.39","53.71","52.91","373.48","86759.00","375.10"
"Thu Mar 23 2023 09:15:00 GMT+0530 (India Standard Time)","369.70","380.00","368.60","379.50","371.07","55.19","55.14","55.12","374.04","236011.00","374.87"
"Thu Mar 23 2023 13:15:00 GMT+0530 (India Standard Time)","379.50","382.25","375.70","379.45","371.15","55.16","55.13","55.10","374.67","249976.00","374.75"
"Fri Mar 24 2023 09:15:00 GMT+0530 (India Standard Time)","379.20","383.95","375.00","380.00","371.03","55.43","55.23","55.25","375.00","214287.00","374.81"
"Fri Mar 24 2023 13:15:00 GMT+0530 (India Standard Time)","380.00","382.50","375.35","376.10","370.93","53.10","54.37","53.92","375.26","134785.00","374.79"
"Mon Mar 27 2023 09:15:00 GMT+0530 (India Standard Time)","379.70","379.70","370.35","375.50","370.74","52.74","54.24","53.71","375.41","244842.00","374.50"
"Mon Mar 27 2023 13:15:00 GMT+0530 (India Standard Time)","375.50","386.00","373.75","378.95","370.62","54.59","54.88","54.73","375.77","371437.00","373.94"
"Tue Mar 28 2023 09:15:00 GMT+0530 (India Standard Time)","380.90","384.90","377.45","380.40","370.63","55.36","55.15","55.16","375.94","173474.00","373.58"
"Tue Mar 28 2023 13:15:00 GMT+0530 (India Standard Time)","380.40","381.00","375.10","378.00","370.68","53.77","54.60","54.29","375.82","96546.00","373.29"
"Wed Mar 29 2023 09:15:00 GMT+0530 (India Standard Time)","380.80","390.45","379.35","388.30","370.92","59.06","56.50","57.27","375.95","294487.00","373.75"
"Wed Mar 29 2023 13:15:00 GMT+0530 (India Standard Time)","388.30","401.70","388.00","399.00","371.41","63.60","58.34","60.06","376.59","783360.00","374.67"
"Fri Mar 31 2023 09:15:00 GMT+0530 (India Standard Time)","403.10","409.50","395.50","398.70","371.99","63.39","58.27","59.94","377.43","532751.00","376.00"
"Fri Mar 31 2023 13:15:00 GMT+0530 (India Standard Time)","398.70","409.00","397.00","405.50","372.68","66.03","59.40","61.62","378.24","358883.00","378.00"
"Mon Apr 03 2023 09:15:00 GMT+0530 (India Standard Time)","414.50","415.50","407.05","414.35","373.52","69.06","60.80","63.66","379.03","427184.00","380.47"
"Mon Apr 03 2023 13:15:00 GMT+0530 (India Standard Time)","414.35","414.85","410.05","413.00","374.33","68.09","60.48","63.14","379.89","180793.00","382.47"
"Wed Apr 05 2023 09:15:00 GMT+0530 (India Standard Time)","414.70","422.00","411.10","411.10","375.27","66.70","60.02","62.39","380.95","428121.00","384.22"
"Wed Apr 05 2023 13:15:00 GMT+0530 (India Standard Time)","411.10","411.65","401.00","406.50","376.20","63.40","58.91","60.60","382.00","244026.00","386.08"
"Thu Apr 06 2023 09:15:00 GMT+0530 (India Standard Time)","406.90","417.00","402.90","416.10","377.46","66.98","60.46","62.88","383.21","312079.00","388.39"
"Thu Apr 06 2023 13:15:00 GMT+0530 (India Standard Time)","416.10","423.70","413.20","416.85","378.86","67.24","60.58","63.06","384.80","451566.00","390.88"
"Mon Apr 10 2023 09:15:00 GMT+0530 (India Standard Time)","419.00","422.95","409.25","416.70","380.26","67.13","60.54","63.00","386.71","511787.00","392.99"
"Mon Apr 10 2023 13:15:00 GMT+0530 (India Standard Time)","416.70","417.20","398.45","406.10","381.47","59.74","58.00","58.92","388.37","374627.00","394.63"
"Tue Apr 11 2023 09:15:00 GMT+0530 (India Standard Time)","409.00","414.80","407.15","410.30","382.73","61.50","58.70","59.98","389.82","173789.00","396.46"
"Tue Apr 11 2023 13:15:00 GMT+0530 (India Standard Time)","410.30","419.00","410.30","415.45","383.98","63.56","59.54","61.23","391.19","167960.00","398.28"
"Wed Apr 12 2023 09:15:00 GMT+0530 (India Standard Time)","417.00","417.00","411.30","412.55","385.03","61.61","58.86","60.14","392.80","115347.00","399.90"
"Wed Apr 12 2023 13:15:00 GMT+0530 (India Standard Time)","412.55","412.95","404.30","407.00","385.96","58.04","57.56","58.10","394.38","164052.00","401.24"
"Thu Apr 13 2023 09:15:00 GMT+0530 (India Standard Time)","405.85","411.35","401.60","402.05","386.62","55.06","56.44","56.35","395.81","217319.00","402.51"
"Thu Apr 13 2023 13:15:00 GMT+0530 (India Standard Time)","402.05","404.90","398.50","402.10","387.25","55.08","56.45","56.36","396.88","121001.00","403.78"
"Mon Apr 17 2023 09:15:00 GMT+0530 (India Standard Time)","402.10","410.85","399.55","405.65","387.94","56.84","57.07","57.34","398.05","204692.00","405.02"
"Mon Apr 17 2023 13:15:00 GMT+0530 (India Standard Time)","405.65","407.50","404.90","405.70","388.68","56.86","57.08","57.35","399.25","80263.00","406.22"
"Tue Apr 18 2023 09:15:00 GMT+0530 (India Standard Time)","408.05","414.25","407.00","408.30","389.32","58.18","57.54","58.08","400.46","167691.00","407.72"
"Tue Apr 18 2023 13:15:00 GMT+0530 (India Standard Time)","408.30","410.70","404.50","408.45","389.85","58.26","57.57","58.12","401.48","95102.00","408.74"
"Wed Apr 19 2023 09:15:00 GMT+0530 (India Standard Time)","409.00","420.00","408.05","414.70","390.50","61.38","58.67","59.86","402.72","367592.00","409.57"
"Wed Apr 19 2023 13:15:00 GMT+0530 (India Standard Time)","414.70","415.15","410.60","414.00","391.20","60.84","58.50","59.57","403.98","137444.00","410.18"
"Thu Apr 20 2023 09:15:00 GMT+0530 (India Standard Time)","415.40","415.40","408.70","409.70","391.86","57.61","57.43","57.83","405.27","182374.00","410.49"
"Thu Apr 20 2023 13:15:00 GMT+0530 (India Standard Time)","409.70","413.65","409.35","412.00","392.46","58.84","57.85","58.50","406.41","129174.00","410.44"
"Fri Apr 21 2023 09:15:00 GMT+0530 (India Standard Time)","413.20","414.90","404.55","405.45","392.79","54.14","56.25","55.91","407.39","87814.00","410.20"
"Fri Apr 21 2023 13:15:00 GMT+0530 (India Standard Time)","405.45","408.70","404.15","407.10","393.16","55.08","56.56","56.41","408.41","62073.00","409.86"
"Mon Apr 24 2023 09:15:00 GMT+0530 (India Standard Time)","409.40","417.50","408.05","415.30","393.76","59.46","58.06","58.80","409.40","240470.00","410.23"
"Mon Apr 24 2023 13:15:00 GMT+0530 (India Standard Time)","415.30","426.70","414.75","419.00","394.62","61.25","58.71","59.82","410.25","673524.00","410.55"
"Tue Apr 25 2023 09:15:00 GMT+0530 (India Standard Time)","422.85","425.70","419.80","423.75","395.53","63.43","59.53","61.09","411.03","211471.00","410.82"
"Tue Apr 25 2023 13:15:00 GMT+0530 (India Standard Time)","423.75","430.50","423.00","430.20","396.65","66.14","60.62","62.74","411.89","352552.00","411.39"
"Wed Apr 26 2023 09:15:00 GMT+0530 (India Standard Time)","431.00","433.60","422.80","422.80","397.91","60.72","58.78","59.75","412.40","301589.00","412.28"
"Wed Apr 26 2023 13:15:00 GMT+0530 (India Standard Time)","422.80","424.85","411.20","416.35","399.04","56.48","57.23","57.31","412.57","283221.00","412.59"
"Thu Apr 27 2023 09:15:00 GMT+0530 (India Standard Time)","419.00","422.00","415.05","419.75","400.00","58.10","57.83","58.23","412.72","196486.00","412.78"
"Thu Apr 27 2023 13:15:00 GMT+0530 (India Standard Time)","419.75","421.95","417.35","419.70","400.86","58.06","57.81","58.21","413.19","85983.00","413.08"
"Fri Apr 28 2023 09:15:00 GMT+0530 (India Standard Time)","421.80","422.95","416.20","418.45","401.89","57.20","57.51","57.73","413.45","109015.00","413.62"
"Fri Apr 28 2023 13:15:00 GMT+0530 (India Standard Time)","418.45","420.85","414.85","417.20","402.95","56.32","57.20","57.23","413.44","101055.00","414.25"
"Tue May 02 2023 09:15:00 GMT+0530 (India Standard Time)","419.85","425.30","416.00","418.35","404.03","56.96","57.42","57.58","413.57","199701.00","415.09"
"Tue May 02 2023 13:15:00 GMT+0530 (India Standard Time)","418.35","419.25","415.20","417.00","404.93","55.96","57.08","57.02","413.92","97277.00","415.64"
"Wed May 03 2023 09:15:00 GMT+0530 (India Standard Time)","416.50","437.45","416.50","435.45","406.11","64.87","60.34","62.13","414.60","603758.00","416.85"
"Wed May 03 2023 13:15:00 GMT+0530 (India Standard Time)","435.50","442.00","435.00","441.75","407.47","67.25","61.36","63.65","415.48","472617.00","418.31"
"Thu May 04 2023 09:15:00 GMT+0530 (India Standard Time)","441.90","446.60","437.20","443.95","408.79","68.04","61.71","64.16","416.52","340751.00","419.97"
"Thu May 04 2023 13:15:00 GMT+0530 (India Standard Time)","443.95","448.20","441.25","443.55","410.09","67.73","61.61","63.99","417.81","191915.00","421.39"
"Fri May 05 2023 09:15:00 GMT+0530 (India Standard Time)","442.95","447.00","435.55","439.05","411.29","64.24","60.45","62.09","419.08","186743.00","422.66"
"Fri May 05 2023 13:15:00 GMT+0530 (India Standard Time)","439.05","447.80","438.20","447.00","412.64","67.36","61.75","64.03","420.60","126181.00","424.28"
"Mon May 08 2023 09:15:00 GMT+0530 (India Standard Time)","447.50","451.55","445.30","448.70","414.11","67.99","62.02","64.43","422.14","160411.00","426.04"
"Mon May 08 2023 13:15:00 GMT+0530 (India Standard Time)","448.75","449.95","446.20","449.00","415.49","68.10","62.07","64.51","423.65","80094.00","427.99"
"Tue May 09 2023 09:15:00 GMT+0530 (India Standard Time)","449.30","453.00","442.40","442.90","416.78","63.30","60.47","61.89","424.95","132872.00","429.82"
"Tue May 09 2023 13:15:00 GMT+0530 (India Standard Time)","442.90","444.50","433.30","444.45","418.06","63.98","60.73","62.29","426.12","116646.00","431.14"
"Wed May 10 2023 09:15:00 GMT+0530 (India Standard Time)","442.90","445.00","434.00","438.00","419.10","59.21","59.08","59.62","427.00","155124.00","432.04"
"Wed May 10 2023 13:15:00 GMT+0530 (India Standard Time)","438.00","438.80","430.20","434.50","419.85","56.80","58.21","58.23","427.76","88542.00","432.57"
"Thu May 11 2023 09:15:00 GMT+0530 (India Standard Time)","435.90","443.80","435.05","438.20","420.61","58.67","58.86","59.26","428.75","116737.00","433.06"
"Thu May 11 2023 13:15:00 GMT+0530 (India Standard Time)","438.20","443.60","436.30","438.70","421.32","58.92","58.95","59.40","429.75","81795.00","433.72"
"Fri May 12 2023 09:15:00 GMT+0530 (India Standard Time)","439.65","455.00","439.00","453.55","422.06","65.49","61.46","63.26","431.21","443771.00","435.30"
"Fri May 12 2023 13:15:00 GMT+0530 (India Standard Time)","453.55","454.00","440.95","443.80","422.72","58.98","59.05","59.45","432.62","232609.00","436.56"
"Mon May 15 2023 09:15:00 GMT+0530 (India Standard Time)","444.00","458.95","443.85","453.55","423.50","62.86","60.62","61.81","434.00","431164.00","438.12"
"Mon May 15 2023 13:15:00 GMT+0530 (India Standard Time)","453.60","459.00","450.20","458.50","424.50","64.64","61.39","62.94","435.28","184271.00","439.91"
"Tue May 16 2023 09:15:00 GMT+0530 (India Standard Time)","459.80","469.40","453.20","457.55","425.43","64.02","61.16","62.58","436.60","398491.00","441.90"
"Tue May 16 2023 13:15:00 GMT+0530 (India Standard Time)","457.20","458.60","450.20","454.20","426.16","61.83","60.33","61.29","437.54","169590.00","443.56"
"Wed May 17 2023 09:15:00 GMT+0530 (India Standard Time)","454.70","462.60","445.20","445.70","426.83","56.67","58.31","58.16","438.42","211574.00","445.12"
"Wed May 17 2023 13:15:00 GMT+0530 (India Standard Time)","445.70","450.40","445.60","449.40","427.66","58.26","58.92","59.09","439.53","86653.00","445.95"
"Thu May 18 2023 09:15:00 GMT+0530 (India Standard Time)","451.80","460.90","450.30","455.05","428.56","60.58","59.84","60.48","440.84","179682.00","446.68"
"Thu May 18 2023 13:15:00 GMT+0530 (India Standard Time)","455.05","458.80","454.80","457.25","429.40","61.46","60.19","61.01","442.17","77469.00","447.35"
"Fri May 19 2023 09:15:00 GMT+0530 (India Standard Time)","455.85","460.40","448.05","457.40","430.24","61.52","60.21","61.05","443.46","173340.00","447.90"
"Fri May 19 2023 13:15:00 GMT+0530 (India Standard Time)","457.40","465.70","456.30","462.60","431.32","63.63","61.05","62.31","445.02","122278.00","448.93"
"Mon May 22 2023 09:15:00 GMT+0530 (India Standard Time)","462.80","465.00","458.55","462.65","432.48","63.65","61.05","62.32","446.53","102980.00","449.75"
"Mon May 22 2023 13:15:00 GMT+0530 (India Standard Time)","462.65","467.00","461.00","461.85","433.70","63.06","60.85","61.99","448.18","83351.00","450.44"
"Tue May 23 2023 09:15:00 GMT+0530 (India Standard Time)","462.15","463.90","457.05","460.00","434.80","61.69","60.38","61.23","449.27","111241.00","450.99"
"Tue May 23 2023 13:15:00 GMT+0530 (India Standard Time)","460.00","461.90","458.85","461.80","435.90","62.52","60.68","61.70","450.03","55848.00","451.75"
"Wed May 24 2023 09:15:00 GMT+0530 (India Standard Time)","460.75","462.75","454.80","456.75","436.87","58.75","59.38","59.61","450.58","106363.00","452.51"
"Wed May 24 2023 13:15:00 GMT+0530 (India Standard Time)","456.75","457.90","451.55","456.85","437.82","58.80","59.40","59.63","450.98","86482.00","453.32"
"Thu May 25 2023 09:15:00 GMT+0530 (India Standard Time)","456.70","462.50","451.50","459.00","438.70","59.93","59.78","60.24","451.59","148887.00","454.44"
"Thu May 25 2023 13:15:00 GMT+0530 (India Standard Time)","459.00","460.00","457.00","457.60","439.59","58.82","59.41","59.64","452.08","61812.00","455.36"
"Fri May 26 2023 09:15:00 GMT+0530 (India Standard Time)","460.85","470.00","459.45","462.70","440.65","61.54","60.32","61.10","452.64","176252.00","456.52"
"Fri May 26 2023 13:15:00 GMT+0530 (India Standard Time)","462.70","467.30","461.05","463.60","441.69","62.01","60.48","61.35","453.20","103227.00","457.17"
"Mon May 29 2023 09:15:00 GMT+0530 (India Standard Time)","466.75","467.40","455.40","458.30","442.73","57.70","59.06","59.02","453.71","144499.00","457.84"
"Mon May 29 2023 13:15:00 GMT+0530 (India Standard Time)","458.30","460.25","454.00","458.40","443.75","57.75","59.08","59.05","454.31","107173.00","458.10"
"Tue May 30 2023 09:15:00 GMT+0530 (India Standard Time)","459.80","463.90","452.00","453.05","444.58","53.61","57.66","56.76","454.92","195518.00","458.05"
"Tue May 30 2023 13:15:00 GMT+0530 (India Standard Time)","453.05","457.30","452.25","454.70","445.28","54.67","57.98","57.29","455.65","121277.00","457.82"
"Wed May 31 2023 09:15:00 GMT+0530 (India Standard Time)","457.10","475.65","456.60","458.20","446.06","56.85","58.65","58.39","456.52","678168.00","458.20"
"Wed May 31 2023 13:15:00 GMT+0530 (India Standard Time)","458.20","475.00","457.45","471.20","446.86","63.67","60.98","62.14","457.53","715413.00","459.10"
"Thu Jun 01 2023 09:15:00 GMT+0530 (India Standard Time)","472.00","478.00","463.00","470.25","447.76","62.90","60.73","61.72","458.29","406192.00","460.13"
"Thu Jun 01 2023 13:15:00 GMT+0530 (India Standard Time)","470.25","476.70","470.05","474.70","448.90","64.97","61.50","62.92","459.28","142434.00","461.02"
"Fri Jun 02 2023 09:15:00 GMT+0530 (India Standard Time)","476.00","494.00","476.00","489.60","450.26","70.70","63.91","66.53","460.51","920373.00","462.46"
"Fri Jun 02 2023 13:15:00 GMT+0530 (India Standard Time)","489.60","504.80","489.00","495.60","451.79","72.60","64.81","67.83","461.95","627554.00","464.39"
"Mon Jun 05 2023 09:15:00 GMT+0530 (India Standard Time)","499.40","502.70","491.05","492.30","453.30","69.98","63.92","66.37","463.22","432361.00","465.95"
"Mon Jun 05 2023 13:15:00 GMT+0530 (India Standard Time)","492.65","494.15","485.00","488.50","454.73","67.06","62.90","64.73","464.46","160262.00","467.23"
"Tue Jun 06 2023 09:15:00 GMT+0530 (India Standard Time)","488.00","488.85","481.55","485.70","456.05","64.96","62.15","63.53","465.68","194812.00","468.30"
"Tue Jun 06 2023 13:15:00 GMT+0530 (India Standard Time)","485.70","490.75","482.95","489.90","457.48","66.61","62.82","64.54","467.09","157679.00","469.64"
"Wed Jun 07 2023 09:15:00 GMT+0530 (India Standard Time)","493.00","500.30","490.40","493.65","458.74","68.02","63.41","65.42","468.50","253687.00","471.23"
"Wed Jun 07 2023 13:15:00 GMT+0530 (India Standard Time)","493.10","495.30","490.20","492.40","459.79","67.03","63.07","64.87","469.77","83370.00","472.89"
"Thu Jun 08 2023 09:15:00 GMT+0530 (India Standard Time)","494.50","494.70","484.00","486.70","460.70","62.66","61.54","62.40","470.96","157697.00","474.42"
"Thu Jun 08 2023 13:15:00 GMT+0530 (India Standard Time)","487.80","489.85","486.00","488.60","461.58","63.49","61.86","62.89","471.91","57882.00","475.86"
"Fri Jun 09 2023 09:15:00 GMT+0530 (India Standard Time)","489.90","489.90","481.00","483.45","462.46","59.71","60.49","60.71","472.72","135157.00","477.12"
"Fri Jun 09 2023 13:15:00 GMT+0530 (India Standard Time)","483.45","484.00","477.70","478.00","463.15","56.00","59.09","58.50","473.31","102780.00","477.87"
"Mon Jun 12 2023 09:15:00 GMT+0530 (India Standard Time)","480.00","489.80","473.20","487.80","463.87","60.62","60.76","61.12","474.14","249676.00","478.86"
"Mon Jun 12 2023 13:15:00 GMT+0530 (India Standard Time)","487.80","494.75","486.00","491.00","464.72","61.99","61.28","61.92","475.20","152098.00","480.33"
"Tue Jun 13 2023 09:15:00 GMT+0530 (India Standard Time)","492.15","494.95","489.00","490.20","465.63","61.43","61.07","61.59","476.39","134721.00","481.91"
"Tue Jun 13 2023 13:15:00 GMT+0530 (India Standard Time)","490.20","494.45","489.30","490.00","466.62","61.28","61.02","61.51","477.67","66059.00","483.60"
"Wed Jun 14 2023 09:15:00 GMT+0530 (India Standard Time)","490.55","494.45","488.55","490.00","467.66","61.28","61.02","61.51","478.86","104543.00","485.32"
"Wed Jun 14 2023 13:15:00 GMT+0530 (India Standard Time)","490.00","490.00","485.15","486.00","468.70","58.24","59.95","59.79","479.89","59417.00","486.49"
"Thu Jun 15 2023 09:15:00 GMT+0530 (India Standard Time)","488.85","500.00","486.60","489.10","469.75","59.86","60.50","60.67","480.89","233655.00","487.56"
"Thu Jun 15 2023 13:15:00 GMT+0530 (India Standard Time)","489.10","492.45","484.00","485.40","470.70","57.09","59.51","59.08","481.72","123827.00","488.34"
"Fri Jun 16 2023 09:15:00 GMT+0530 (India Standard Time)","488.65","492.70","486.00","488.00","471.47","58.51","59.98","59.84","482.74","120889.00","489.04"
"Fri Jun 16 2023 13:15:00 GMT+0530 (India Standard Time)","488.00","489.55","478.00","480.50","472.20","53.18","58.01","56.73","483.64","128742.00","488.79"
"Mon Jun 19 2023 09:15:00 GMT+0530 (India Standard Time)","480.20","493.40","480.20","486.10","472.88","56.30","59.03","58.39","484.72","138565.00","488.33"
"Mon Jun 19 2023 13:15:00 GMT+0530 (India Standard Time)","486.10","486.10","478.95","481.05","473.38","52.96","57.74","56.38","485.69","75131.00","487.72"
"Tue Jun 20 2023 09:15:00 GMT+0530 (India Standard Time)","481.05","488.90","475.95","477.45","473.79","50.70","56.84","54.99","486.31","128943.00","487.28"
"Tue Jun 20 2023 13:15:00 GMT+0530 (India Standard Time)","477.45","478.65","472.50","473.90","474.20","48.56","55.96","53.65","486.56","106455.00","486.77"
"Wed Jun 21 2023 09:15:00 GMT+0530 (India Standard Time)","475.00","483.95","474.20","480.70","474.80","52.59","57.25","55.77","486.89","128699.00","486.37"
"Wed Jun 21 2023 13:15:00 GMT+0530 (India Standard Time)","480.70","482.50","479.25","481.60","475.46","53.10","57.42","56.05","487.15","60805.00","485.74"
"Thu Jun 22 2023 09:15:00 GMT+0530 (India Standard Time)","482.80","483.40","467.15","474.60","475.85","48.81","55.68","53.40","486.74","161107.00","484.90"
"Thu Jun 22 2023 13:15:00 GMT+0530 (India Standard Time)","474.60","475.00","466.25","469.70","476.11","46.08","54.51","51.64","485.81","107162.00","484.05"
"Fri Jun 23 2023 09:15:00 GMT+0530 (India Standard Time)","470.50","474.70","457.50","462.05","476.28","42.20","52.75","49.05","484.72","154539.00","482.90"
"Fri Jun 23 2023 13:15:00 GMT+0530 (India Standard Time)","462.05","462.45","455.55","458.00","476.21","40.32","51.84","47.75","483.62","90392.00","481.66"
"Mon Jun 26 2023 09:15:00 GMT+0530 (India Standard Time)","455.15","471.95","453.10","470.35","476.29","47.78","54.28","51.77","482.90","234783.00","481.04"
"Mon Jun 26 2023 13:15:00 GMT+0530 (India Standard Time)","470.35","471.00","464.45","469.75","476.41","47.48","54.14","51.57","482.21","130062.00","480.28"
"Tue Jun 27 2023 09:15:00 GMT+0530 (India Standard Time)","473.70","494.80","473.00","493.60","476.98","58.47","58.35","58.13","481.93","611228.00","480.19"
"Tue Jun 27 2023 13:15:00 GMT+0530 (India Standard Time)","493.60","499.25","493.55","498.40","477.71","60.23","59.11","59.27","482.09","391678.00","480.49"
"Wed Jun 28 2023 09:15:00 GMT+0530 (India Standard Time)","500.00","516.30","499.30","502.75","478.66","61.77","59.80","60.28","482.72","791658.00","481.18"
"Wed Jun 28 2023 13:15:00 GMT+0530 (India Standard Time)","502.75","503.45","492.70","493.10","479.45","56.66","57.62","57.06","483.02","294993.00","481.41"
"Fri Jun 30 2023 09:15:00 GMT+0530 (India Standard Time)","496.80","499.90","487.70","490.65","480.14","55.44","57.08","56.27","483.30","253812.00","481.66"
"Fri Jun 30 2023 13:15:00 GMT+0530 (India Standard Time)","490.65","491.95","488.50","489.45","480.77","54.83","56.82","55.88","483.66","108075.00","481.60"
"Mon Jul 03 2023 09:15:00 GMT+0530 (India Standard Time)","492.90","499.50","485.30","493.50","481.36","56.52","57.50","56.91","483.99","210439.00","481.89"
"Mon Jul 03 2023 13:15:00 GMT+0530 (India Standard Time)","493.50","494.85","491.05","494.00","481.95","56.73","57.58","57.04","484.09","53408.00","482.12"
"Tue Jul 04 2023 09:15:00 GMT+0530 (India Standard Time)","496.25","496.65","484.25","485.95","482.52","52.45","55.78","54.37","484.00","137522.00","482.41"
"Tue Jul 04 2023 13:15:00 GMT+0530 (India Standard Time)","485.95","487.50","482.30","484.50","483.06","51.71","55.47","53.91","483.77","71708.00","482.33"
"Wed Jul 05 2023 09:15:00 GMT+0530 (India Standard Time)","487.70","497.75","484.35","495.65","483.81","56.64","57.36","56.84","483.82","264827.00","482.88"
"Wed Jul 05 2023 13:15:00 GMT+0530 (India Standard Time)","495.65","507.75","495.00","507.70","484.81","61.14","59.28","59.69","484.41","232914.00","484.05"
"Thu Jul 06 2023 09:15:00 GMT+0530 (India Standard Time)","510.00","567.50","510.00","547.25","486.43","71.38","64.58","67.04","486.19","3624647.00","487.30"
"Thu Jul 06 2023 13:15:00 GMT+0530 (India Standard Time)","547.25","558.20","543.30","551.00","488.07","72.11","65.02","67.61","488.45","1003265.00","490.68"
"Fri Jul 07 2023 09:15:00 GMT+0530 (India Standard Time)","544.00","563.00","542.15","555.05","489.74","72.90","65.49","68.23","490.76","669436.00","494.13"
"Fri Jul 07 2023 13:15:00 GMT+0530 (India Standard Time)","555.05","602.60","554.00","602.00","492.06","79.82","70.23","74.10","494.46","1426217.00","499.62"
"Mon Jul 10 2023 09:15:00 GMT+0530 (India Standard Time)","594.00","605.00","571.15","602.90","494.22","79.92","70.31","74.20","498.26","656693.00","505.59"
"Mon Jul 10 2023 13:15:00 GMT+0530 (India Standard Time)","602.90","628.00","602.90","606.20","496.51","80.31","70.60","74.55","502.91","1172397.00","512.58"
"Tue Jul 11 2023 09:15:00 GMT+0530 (India Standard Time)","607.05","624.00","591.50","617.50","498.88","81.59","71.58","75.70","507.56","542943.00","519.92"
"Tue Jul 11 2023 13:15:00 GMT+0530 (India Standard Time)","617.50","623.20","613.05","614.60","501.42","80.18","70.96","74.81","512.63","190455.00","527.06"
"Wed Jul 12 2023 09:15:00 GMT+0530 (India Standard Time)","614.00","644.70","612.65","638.40","504.38","82.74","72.91","77.10","518.07","679691.00","534.90"
"Wed Jul 12 2023 13:15:00 GMT+0530 (India Standard Time)","638.40","640.00","608.20","614.00","507.00","72.65","68.13","70.35","523.06","468386.00","541.11"
"Thu Jul 13 2023 09:15:00 GMT+0530 (India Standard Time)","619.80","628.55","611.05","612.65","509.43","72.14","67.88","70.00","528.14","231762.00","546.77"
"Thu Jul 13 2023 13:15:00 GMT+0530 (India Standard Time)","612.65","614.65","596.25","602.70","511.66","68.41","66.06","67.47","532.94","220657.00","551.47"
"Fri Jul 14 2023 09:15:00 GMT+0530 (India Standard Time)","604.05","609.90","590.00","601.00","513.91","67.79","65.75","67.04","537.78","129031.00","556.47"
"Fri Jul 14 2023 13:15:00 GMT+0530 (India Standard Time)","601.00","604.90","593.00","602.00","516.16","67.97","65.85","67.17","542.82","76658.00","561.62"
"Mon Jul 17 2023 09:15:00 GMT+0530 (India Standard Time)","605.00","618.00","598.15","609.90","518.65","69.40","66.59","68.15","547.95","172854.00","567.29"
"Mon Jul 17 2023 13:15:00 GMT+0530 (India Standard Time)","608.35","627.00","600.35","620.25","521.40","71.17","67.54","69.39","553.22","509713.00","573.20"
"Tue Jul 18 2023 09:15:00 GMT+0530 (India Standard Time)","622.00","623.90","605.00","609.85","523.95","67.07","65.64","66.71","557.71","93344.00","578.85"
"Tue Jul 18 2023 13:15:00 GMT+0530 (India Standard Time)","609.50","611.45","605.00","606.90","526.28","65.94","65.11","65.96","561.66","42667.00","584.53"
"Wed Jul 19 2023 09:15:00 GMT+0530 (India Standard Time)","609.50","616.40","607.90","608.25","528.67","66.22","65.24","66.14","565.40","70494.00","590.51"
"Wed Jul 19 2023 13:15:00 GMT+0530 (India Standard Time)","608.25","615.00","606.45","609.00","531.04","66.37","65.31","66.24","569.47","49119.00","596.06"
"Thu Jul 20 2023 09:15:00 GMT+0530 (India Standard Time)","615.65","615.65","606.00","610.00","533.44","66.59","65.41","66.38","573.67","73618.00","601.10"
"Thu Jul 20 2023 13:15:00 GMT+0530 (India Standard Time)","610.00","612.65","608.20","610.00","535.91","66.59","65.41","66.38","577.97","42967.00","604.30"
"Fri Jul 21 2023 09:15:00 GMT+0530 (India Standard Time)","611.95","614.95","608.40","613.35","538.33","67.37","65.75","66.86","582.24","29273.00","607.24"
"Fri Jul 21 2023 13:15:00 GMT+0530 (India Standard Time)","613.35","616.05","610.50","615.80","540.89","67.95","66.00","67.21","586.55","57972.00","610.13"
"Mon Jul 24 2023 09:15:00 GMT+0530 (India Standard Time)","619.90","694.70","616.05","673.95","544.41","77.74","71.08","73.93","592.72","1797947.00","613.68"
"Mon Jul 24 2023 13:15:00 GMT+0530 (India Standard Time)","673.95","674.75","662.25","669.90","548.15","76.04","70.34","72.86","599.29","393715.00","617.19"
"Tue Jul 25 2023 09:15:00 GMT+0530 (India Standard Time)","674.90","694.90","672.40","691.00","552.17","78.60","71.90","74.82","606.21","956089.00","620.83"
"Tue Jul 25 2023 13:15:00 GMT+0530 (India Standard Time)","690.50","693.90","671.10","675.50","556.11","72.62","69.17","70.96","612.52","302750.00","623.99"
"Wed Jul 26 2023 09:15:00 GMT+0530 (India Standard Time)","677.90","737.00","672.00","726.20","560.82","78.29","72.63","75.25","618.59","1515575.00","628.70"
"Wed Jul 26 2023 13:15:00 GMT+0530 (India Standard Time)","726.20","730.20","716.05","724.80","565.80","77.83","72.40","74.94","624.77","442631.00","633.01"
"Thu Jul 27 2023 09:15:00 GMT+0530 (India Standard Time)","732.00","744.70","716.10","720.50","570.71","76.36","71.70","73.96","630.97","774693.00","638.08"
"Thu Jul 27 2023 13:15:00 GMT+0530 (India Standard Time)","720.50","739.70","720.10","735.90","575.75","77.92","72.67","75.15","636.17","232407.00","643.63"
"Fri Jul 28 2023 09:15:00 GMT+0530 (India Standard Time)","735.90","742.50","670.00","687.85","580.19","64.01","65.53","65.51","640.00","731148.00","648.06"
"Fri Jul 28 2023 13:15:00 GMT+0530 (India Standard Time)","687.85","698.80","682.90","696.90","584.66","65.24","66.17","66.35","642.87","245353.00","652.51"
"Mon Jul 31 2023 09:15:00 GMT+0530 (India Standard Time)","696.90","724.50","689.85","721.45","589.67","68.32","67.81","68.48","646.48","513711.00","657.93"
"Mon Jul 31 2023 13:15:00 GMT+0530 (India Standard Time)","721.45","725.00","712.25","724.00","594.92","68.62","67.98","68.69","650.17","135149.00","663.28"
"Tue Aug 01 2023 09:15:00 GMT+0530 (India Standard Time)","729.50","729.90","706.85","710.00","599.88","65.03","66.09","66.18","653.16","133238.00","667.91"
"Tue Aug 01 2023 13:15:00 GMT+0530 (India Standard Time)","710.00","728.70","709.50","726.10","604.96","67.11","67.16","67.58","656.76","127350.00","673.17"
"Wed Aug 02 2023 09:15:00 GMT+0530 (India Standard Time)","722.95","723.00","712.20","716.15","609.52","64.62","65.85","65.85","660.32","106789.00","678.37"
"Wed Aug 02 2023 13:15:00 GMT+0530 (India Standard Time)","716.15","717.00","705.05","716.00","613.84","64.58","65.83","65.82","664.18","114644.00","683.29"
"Thu Aug 03 2023 09:15:00 GMT+0530 (India Standard Time)","715.00","729.95","703.05","726.50","618.17","66.05","66.54","66.77","668.45","141234.00","688.61"
"Thu Aug 03 2023 13:15:00 GMT+0530 (India Standard Time)","726.50","726.95","725.00","726.20","622.78","65.96","66.50","66.72","672.95","96552.00","694.12"
"Fri Aug 04 2023 09:15:00 GMT+0530 (India Standard Time)","729.40","739.70","726.05","726.30","627.52","65.98","66.51","66.73","677.31","174828.00","699.80"
"Fri Aug 04 2023 13:15:00 GMT+0530 (India Standard Time)","726.30","726.95","720.00","721.80","632.18","64.66","65.89","65.87","681.13","79708.00","705.04"
"Mon Aug 07 2023 09:15:00 GMT+0530 (India Standard Time)","724.30","736.95","705.10","725.50","636.79","65.26","66.15","66.24","685.05","137279.00","710.22"
"Mon Aug 07 2023 13:15:00 GMT+0530 (India Standard Time)","725.50","735.00","725.00","734.90","641.57","66.77","66.82","67.16","689.47","70139.00","713.45"
"Tue Aug 08 2023 09:15:00 GMT+0530 (India Standard Time)","744.00","783.00","742.05","765.00","647.08","71.00","68.82","69.87","694.92","494770.00","717.95"
"Tue Aug 08 2023 13:15:00 GMT+0530 (India Standard Time)","765.55","765.60","744.80","761.00","652.54","69.76","68.26","69.09","700.17","159350.00","721.32"
"Wed Aug 09 2023 09:15:00 GMT+0530 (India Standard Time)","760.00","780.00","757.05","760.00","657.96","69.44","68.12","68.89","705.71","203295.00","725.38"
"Wed Aug 09 2023 13:15:00 GMT+0530 (India Standard Time)","760.00","798.00","759.60","796.00","663.62","73.94","70.35","71.86","711.93","304189.00","728.81"
"Thu Aug 10 2023 09:15:00 GMT+0530 (India Standard Time)","795.00","801.75","763.05","787.70","668.46","71.40","69.21","70.27","718.07","374576.00","731.72"
"Thu Aug 10 2023 13:15:00 GMT+0530 (India Standard Time)","787.70","789.00","770.10","774.80","672.99","67.60","67.49","67.87","723.92","79774.00","734.19"
"Fri Aug 11 2023 09:15:00 GMT+0530 (India Standard Time)","774.95","786.00","762.05","767.10","677.32","65.42","66.48","66.47","727.86","245902.00","735.98"
"Fri Aug 11 2023 13:15:00 GMT+0530 (India Standard Time)","767.10","785.00","755.15","762.00","680.84","63.99","65.82","65.55","731.37","229671.00","739.26"
"Mon Aug 14 2023 09:15:00 GMT+0530 (India Standard Time)","790.00","790.00","765.00","777.00","684.48","66.27","66.81","66.93","734.63","200273.00","743.23"
"Mon Aug 14 2023 13:15:00 GMT+0530 (India Standard Time)","777.00","777.00","768.10","774.00","687.72","65.40","66.42","66.38","737.95","70841.00","746.04"
"Wed Aug 16 2023 09:15:00 GMT+0530 (India Standard Time)","771.70","787.00","770.25","780.95","691.07","66.47","66.87","67.03","740.36","160425.00","748.83"
"Wed Aug 16 2023 13:15:00 GMT+0530 (India Standard Time)","780.95","786.55","778.05","784.00","694.40","66.94","67.08","67.31","742.48","52153.00","752.11"
"Thu Aug 17 2023 09:15:00 GMT+0530 (India Standard Time)","788.00","798.00","783.45","792.55","697.57","68.26","67.64","68.10","744.77","146723.00","755.40"
"Thu Aug 17 2023 13:15:00 GMT+0530 (India Standard Time)","792.55","795.00","789.15","794.00","701.04","68.48","67.73","68.23","746.94","51192.00","759.03"
"Fri Aug 18 2023 09:15:00 GMT+0530 (India Standard Time)","799.00","821.00","783.55","783.85","704.58","65.12","66.35","66.24","750.37","352498.00","762.81"
"Fri Aug 18 2023 13:15:00 GMT+0530 (India Standard Time)","783.85","800.00","780.00","793.30","708.33","66.72","66.99","67.16","753.88","134352.00","766.15"
"Mon Aug 21 2023 09:15:00 GMT+0530 (India Standard Time)","797.85","797.90","783.10","784.95","712.08","63.99","65.86","65.53","756.62","94050.00","769.09"
"Mon Aug 21 2023 13:15:00 GMT+0530 (India Standard Time)","784.95","784.95","766.90","770.00","715.53","59.43","63.90","62.74","758.53","78977.00","771.15"
"Tue Aug 22 2023 09:15:00 GMT+0530 (India Standard Time)","770.00","787.00","765.45","783.70","718.95","62.04","64.88","64.18","760.79","103955.00","773.88"
"Tue Aug 22 2023 13:15:00 GMT+0530 (India Standard Time)","783.70","784.95","778.85","782.20","722.25","61.58","64.68","63.90","762.95","54069.00","776.68"
"Wed Aug 23 2023 09:15:00 GMT+0530 (India Standard Time)","790.00","790.00","772.55","777.05","725.59","60.00","64.01","62.94","765.19","72329.00","778.91"
"Wed Aug 23 2023 13:15:00 GMT+0530 (India Standard Time)","777.05","780.00","772.05","778.50","728.98","60.30","64.12","63.10","767.48","42299.00","779.55"
"Thu Aug 24 2023 09:15:00 GMT+0530 (India Standard Time)","784.90","793.00","766.55","783.60","732.41","61.38","64.49","63.67","769.67","100706.00","780.67"
"Thu Aug 24 2023 13:15:00 GMT+0530 (India Standard Time)","783.60","785.00","774.00","780.00","735.81","60.17","64.01","62.96","771.58","43975.00","781.41"
"Fri Aug 25 2023 09:15:00 GMT+0530 (India Standard Time)","780.00","780.00","742.90","762.10","738.84","54.56","61.67","59.58","772.69","133070.00","780.19"
"Fri Aug 25 2023 13:15:00 GMT+0530 (India Standard Time)","762.10","762.90","752.95","754.50","741.76","52.38","60.71","58.21","773.90","73392.00","778.82"
"Mon Aug 28 2023 09:15:00 GMT+0530 (India Standard Time)","790.00","792.00","766.00","770.50","745.00","56.24","61.98","60.19","775.82","100268.00","778.70"
"Mon Aug 28 2023 13:15:00 GMT+0530 (India Standard Time)","770.50","771.30","765.50","768.90","748.09","55.76","61.77","59.90","777.14","41583.00","778.61"
"Tue Aug 29 2023 09:15:00 GMT+0530 (India Standard Time)","769.95","779.25","769.95","778.35","750.32","57.97","62.51","61.04","777.58","46234.00","779.11"
"Tue Aug 29 2023 13:15:00 GMT+0530 (India Standard Time)","779.00","779.00","770.35","778.50","752.47","58.00","62.52","61.06","778.25","34524.00","779.08"
"Wed Aug 30 2023 09:15:00 GMT+0530 (India Standard Time)","775.50","787.90","774.80","784.00","754.38","59.30","62.96","61.73","778.84","59290.00","779.52"
"Wed Aug 30 2023 13:15:00 GMT+0530 (India Standard Time)","784.00","785.95","770.00","773.85","756.31","55.95","61.62","59.77","778.56","50574.00","779.34"
"Thu Aug 31 2023 09:15:00 GMT+0530 (India Standard Time)","774.95","775.15","750.00","757.05","757.20","50.94","59.50","56.70","777.72","171381.00","778.23"
"Thu Aug 31 2023 13:15:00 GMT+0530 (India Standard Time)","756.20","774.00","748.00","764.75","757.98","52.97","60.14","57.73","777.16","184582.00","776.86"
"Fri Sep 01 2023 09:15:00 GMT+0530 (India Standard Time)","765.10","772.60","756.05","759.15","758.71","51.35","59.44","56.72","776.84","85831.00","775.37"
"Fri Sep 01 2023 13:15:00 GMT+0530 (India Standard Time)","759.15","764.25","755.50","757.50","759.22","50.87","59.24","56.43","776.54","60419.00","773.73"
"Mon Sep 04 2023 09:15:00 GMT+0530 (India Standard Time)","757.00","764.85","715.55","720.85","759.89","41.75","54.93","50.40","774.98","426814.00","770.82"
"Mon Sep 04 2023 13:15:00 GMT+0530 (India Standard Time)","720.85","723.25","710.00","721.60","760.40","41.98","55.00","50.51","773.03","227458.00","767.55"
"Tue Sep 05 2023 09:15:00 GMT+0530 (India Standard Time)","710.00","752.00","677.00","735.00","760.61","45.87","56.20","52.47","770.96","1413451.00","765.26"
"Tue Sep 05 2023 13:15:00 GMT+0530 (India Standard Time)","735.35","735.90","709.20","717.70","760.58","42.05","54.29","49.85","768.74","238216.00","762.41"
"Wed Sep 06 2023 09:15:00 GMT+0530 (India Standard Time)","701.00","720.00","700.00","710.85","760.51","40.64","53.56","48.85","765.85","271493.00","759.00"
"Wed Sep 06 2023 13:15:00 GMT+0530 (India Standard Time)","710.85","711.20","702.00","707.95","760.20","40.04","53.25","48.43","762.79","117777.00","755.57"
"Thu Sep 07 2023 09:15:00 GMT+0530 (India Standard Time)","701.00","723.00","701.00","716.45","760.15","42.63","54.04","49.74","759.84","205184.00","752.57"
"Thu Sep 07 2023 13:15:00 GMT+0530 (India Standard Time)","716.45","718.95","710.00","714.00","760.16","42.08","53.78","49.37","757.10","78167.00","749.36"
"Fri Sep 08 2023 09:15:00 GMT+0530 (India Standard Time)","713.95","723.05","713.95","719.95","760.12","43.93","54.34","50.29","754.61","76547.00","746.48"
"Fri Sep 08 2023 13:15:00 GMT+0530 (India Standard Time)","719.95","721.00","710.65","711.00","759.86","41.82","53.35","48.91","752.47","65262.00","744.18"
"Mon Sep 11 2023 09:15:00 GMT+0530 (India Standard Time)","716.00","719.95","708.00","713.70","759.55","42.69","53.60","49.34","750.16","128246.00","742.16"
"Mon Sep 11 2023 13:15:00 GMT+0530 (India Standard Time)","713.70","714.95","709.90","711.00","759.33","42.03","53.30","48.92","747.66","50105.00","739.16"
"Tue Sep 12 2023 09:15:00 GMT+0530 (India Standard Time)","715.45","728.45","644.35","690.50","758.63","37.42","51.08","45.83","744.37","291948.00","735.34"
"Tue Sep 12 2023 13:15:00 GMT+0530 (India Standard Time)","690.50","691.95","676.65","689.90","757.73","37.29","51.01","45.75","741.13","62468.00","731.08"
"Wed Sep 13 2023 09:15:00 GMT+0530 (India Standard Time)","682.00","708.00","676.05","689.00","756.26","37.10","50.92","45.61","737.91","149095.00","726.98"
"Wed Sep 13 2023 13:15:00 GMT+0530 (India Standard Time)","689.00","689.80","678.00","684.90","754.79","36.19","50.47","45.00","734.50","40648.00","722.30"
"Thu Sep 14 2023 09:15:00 GMT+0530 (India Standard Time)","693.80","721.50","690.15","703.55","753.60","42.89","52.39","48.26","732.48","148522.00","718.91"
"Thu Sep 14 2023 13:15:00 GMT+0530 (India Standard Time)","703.55","709.00","700.05","708.55","751.98","44.53","52.89","49.09","730.66","45953.00","716.37"
"Fri Sep 15 2023 09:15:00 GMT+0530 (India Standard Time)","709.80","715.50","695.85","697.35","750.31","41.71","51.66","47.34","728.05","79107.00","713.45"
"Fri Sep 15 2023 13:15:00 GMT+0530 (India Standard Time)","697.35","710.00","696.25","708.50","748.88","45.33","52.78","49.20","725.78","73232.00","710.79"
"Mon Sep 18 2023 09:15:00 GMT+0530 (India Standard Time)","706.00","731.95","701.00","713.65","747.77","46.92","53.28","50.04","723.62","197997.00","708.71"
"Mon Sep 18 2023 13:15:00 GMT+0530 (India Standard Time)","713.65","715.85","705.00","711.10","746.67","46.22","53.00","49.62","721.29","53163.00","707.77"
"Wed Sep 20 2023 09:15:00 GMT+0530 (India Standard Time)","713.65","713.65","695.00","696.50","745.13","42.41","51.38","47.30","718.41","76013.00","706.88"
"Wed Sep 20 2023 13:15:00 GMT+0530 (India Standard Time)","696.50","697.40","690.40","695.00","743.55","42.03","51.22","47.06","715.47","48207.00","705.44"
"Thu Sep 21 2023 09:15:00 GMT+0530 (India Standard Time)","692.10","702.70","688.00","689.70","741.81","40.70","50.64","46.24","713.07","63232.00","704.12"
"Thu Sep 21 2023 13:15:00 GMT+0530 (India Standard Time)","689.70","693.00","682.00","686.10","739.88","39.80","50.25","45.68","710.38","44738.00","703.00"
"Fri Sep 22 2023 09:15:00 GMT+0530 (India Standard Time)","693.00","696.40","663.00","685.05","737.69","39.53","50.13","45.51","707.49","206352.00","701.81"
"Fri Sep 22 2023 13:15:00 GMT+0530 (India Standard Time)","685.05","690.00","673.20","690.00","735.55","41.48","50.67","46.45","704.82","65849.00","700.46"
"Mon Sep 25 2023 09:15:00 GMT+0530 (India Standard Time)","679.90","684.40","653.75","666.15","733.04","35.67","48.10","42.79","702.48","191925.00","698.24"
"Mon Sep 25 2023 13:15:00 GMT+0530 (India Standard Time)","666.15","675.30","665.00","670.30","730.61","37.28","48.56","43.59","700.76","90064.00","695.90"
"Tue Sep 26 2023 09:15:00 GMT+0530 (India Standard Time)","670.15","708.95","670.15","683.80","728.59","42.20","50.04","46.10","699.55","196016.00","694.63"
"Tue Sep 26 2023 13:15:00 GMT+0530 (India Standard Time)","683.40","684.25","674.55","680.00","726.73","41.25","49.63","45.51","698.08","117150.00","693.01"
"Wed Sep 27 2023 09:15:00 GMT+0530 (India Standard Time)","684.60","704.75","680.60","697.40","725.03","47.03","51.48","48.59","697.51","132586.00","692.21"
"Wed Sep 27 2023 13:15:00 GMT+0530 (India Standard Time)","697.40","706.00","697.00","706.00","723.46","49.60","52.36","50.02","697.36","63202.00","692.94"
"Thu Sep 28 2023 09:15:00 GMT+0530 (India Standard Time)","707.80","715.15","701.70","702.15","721.98","48.49","51.93","49.39","697.11","135219.00","693.81"
"Thu Sep 28 2023 13:15:00 GMT+0530 (India Standard Time)","702.15","702.70","695.00","698.50","720.41","47.44","51.52","48.79","696.55","39326.00","694.20"
"Fri Sep 29 2023 09:15:00 GMT+0530 (India Standard Time)","709.00","709.00","686.10","688.80","718.64","44.72","50.45","47.21","695.68","60185.00","694.61"
"Fri Sep 29 2023 13:15:00 GMT+0530 (India Standard Time)","689.10","696.95","686.00","692.25","716.88","45.88","50.82","47.82","694.88","69244.00","694.00"
"Tue Oct 03 2023 09:15:00 GMT+0530 (India Standard Time)","688.50","690.15","672.80","675.60","715.22","41.48","49.02","45.20","693.65","115436.00","692.67"
"Tue Oct 03 2023 13:15:00 GMT+0530 (India Standard Time)","675.60","677.85","670.70","675.90","713.60","41.59","49.05","45.26","692.32","92387.00","691.41"
"Wed Oct 04 2023 09:15:00 GMT+0530 (India Standard Time)","669.05","682.85","665.85","675.60","711.60","41.51","49.02","45.21","691.86","144346.00","689.94"
"Wed Oct 04 2023 13:15:00 GMT+0530 (India Standard Time)","675.60","710.00","675.00","697.00","710.12","48.79","51.35","49.11","692.14","126253.00","688.98"
"Thu Oct 05 2023 09:15:00 GMT+0530 (India Standard Time)","703.00","713.40","691.00","693.15","708.55","47.67","50.93","48.47","692.43","228444.00","688.35"
"Thu Oct 05 2023 13:15:00 GMT+0530 (India Standard Time)","693.15","696.25","685.00","690.00","706.82","46.74","50.58","47.94","692.65","85365.00","687.87"
"Fri Oct 06 2023 09:15:00 GMT+0530 (India Standard Time)","694.95","703.35","687.00","701.50","705.14","50.42","51.81","49.98","692.37","81869.00","688.06"
"Fri Oct 06 2023 13:15:00 GMT+0530 (India Standard Time)","701.50","723.00","699.75","704.00","703.77","51.19","52.07","50.41","692.48","285836.00","688.78"
"Mon Oct 09 2023 09:15:00 GMT+0530 (India Standard Time)","717.50","727.45","703.00","704.55","702.77","51.36","52.13","50.51","692.79","300564.00","689.88"
"Mon Oct 09 2023 13:15:00 GMT+0530 (India Standard Time)","703.85","704.20","685.50","687.90","701.34","46.13","50.23","47.61","692.35","86032.00","690.31"
"Tue Oct 10 2023 09:15:00 GMT+0530 (India Standard Time)","699.00","708.95","692.20","701.00","700.12","50.31","51.64","49.93","691.82","108619.00","691.02"
"Tue Oct 10 2023 13:15:00 GMT+0530 (India Standard Time)","701.00","702.00","695.15","699.00","698.93","49.69","51.42","49.59","691.40","51382.00","692.50"
"Wed Oct 11 2023 09:15:00 GMT+0530 (India Standard Time)","701.00","726.95","701.00","713.05","698.59","53.88","52.90","51.99","691.82","164005.00","694.57"
"Wed Oct 11 2023 13:15:00 GMT+0530 (India Standard Time)","713.05","715.00","711.15","713.25","698.47","53.93","52.92","52.02","692.50","58043.00","695.83"
"Thu Oct 12 2023 09:15:00 GMT+0530 (India Standard Time)","713.25","720.85","709.00","711.35","698.23","53.27","52.69","51.67","693.22","108209.00","697.42"
"Thu Oct 12 2023 13:15:00 GMT+0530 (India Standard Time)","711.35","714.60","696.40","707.00","697.96","51.75","52.18","50.86","693.90","60930.00","697.95"
"Fri Oct 13 2023 09:15:00 GMT+0530 (India Standard Time)","703.00","710.95","697.05","706.25","697.85","51.49","52.09","50.72","694.73","126098.00","698.02"
"Fri Oct 13 2023 13:15:00 GMT+0530 (India Standard Time)","706.25","718.00","705.00","711.80","697.94","53.35","52.70","51.74","695.70","77210.00","698.32"
"Mon Oct 16 2023 09:15:00 GMT+0530 (India Standard Time)","703.10","715.75","702.10","710.20","697.84","52.74","52.50","51.42","697.17","66743.00","698.84"
"Mon Oct 16 2023 13:15:00 GMT+0530 (India Standard Time)","710.20","712.00","702.00","703.50","697.66","50.20","51.68","50.11","698.45","34249.00","699.41"
"Tue Oct 17 2023 09:15:00 GMT+0530 (India Standard Time)","711.85","715.00","703.20","706.25","697.43","51.21","51.99","50.64","699.18","57498.00","700.17"
"Tue Oct 17 2023 13:15:00 GMT+0530 (India Standard Time)","706.35","707.75","701.05","704.75","697.26","50.62","51.81","50.34","700.07","43611.00","701.41"
"Wed Oct 18 2023 09:15:00 GMT+0530 (India Standard Time)","709.00","710.00","693.00","696.55","696.96","47.49","50.79","48.71","700.27","102777.00","702.55"
"Wed Oct 18 2023 13:15:00 GMT+0530 (India Standard Time)","696.55","701.90","695.45","700.25","696.72","48.98","51.23","49.47","700.13","53942.00","703.71"
"Thu Oct 19 2023 09:15:00 GMT+0530 (India Standard Time)","700.00","709.75","699.85","704.00","697.03","50.49","51.67","50.24","700.07","75471.00","704.17"
"Thu Oct 19 2023 13:15:00 GMT+0530 (India Standard Time)","704.00","722.45","702.80","712.00","697.54","53.55","52.62","51.84","700.56","167313.00","704.87"
"Fri Oct 20 2023 09:15:00 GMT+0530 (India Standard Time)","711.95","756.60","708.55","738.80","698.44","61.85","55.57","56.66","701.99","561800.00","707.03"
"Fri Oct 20 2023 13:15:00 GMT+0530 (India Standard Time)","738.80","746.80","735.00","738.00","699.54","61.51","55.47","56.49","703.71","111933.00","708.99"
"Mon Oct 23 2023 09:15:00 GMT+0530 (India Standard Time)","746.50","762.00","731.00","731.60","700.23","58.76","54.62","55.10","705.92","335752.00","710.48"
"Mon Oct 23 2023 13:15:00 GMT+0530 (India Standard Time)","731.00","740.00","705.00","710.80","700.43","50.98","52.01","50.91","707.49","124635.00","710.80"
"Wed Oct 25 2023 09:15:00 GMT+0530 (India Standard Time)","719.00","732.95","706.50","706.50","700.67","49.56","51.49","50.11","708.94","169153.00","711.84"
"Wed Oct 25 2023 13:15:00 GMT+0530 (India Standard Time)","706.50","711.80","697.00","700.55","700.60","47.62","50.78","49.00","709.26","70414.00","711.92"
"Thu Oct 26 2023 09:15:00 GMT+0530 (India Standard Time)","700.05","715.00","657.30","712.85","700.29","51.71","52.17","51.29","709.11","244272.00","711.95"
"Thu Oct 26 2023 13:15:00 GMT+0530 (India Standard Time)","712.90","719.45","706.25","715.00","700.35","52.39","52.41","51.68","709.94","80703.00","711.97"
"Fri Oct 27 2023 09:15:00 GMT+0530 (India Standard Time)","719.00","754.95","719.00","748.70","701.20","61.37","55.94","57.20","711.50","262183.00","713.39"
"Fri Oct 27 2023 13:15:00 GMT+0530 (India Standard Time)","749.00","755.00","746.05","751.00","702.33","61.89","56.17","57.55","712.99","116856.00","715.18"
"Mon Oct 30 2023 09:15:00 GMT+0530 (India Standard Time)","755.00","785.50","742.05","767.40","703.79","65.35","57.74","59.89","714.89","463799.00","718.00"
"Mon Oct 30 2023 13:15:00 GMT+0530 (India Standard Time)","767.40","780.50","764.00","769.00","705.46","65.66","57.89","60.11","717.70","87203.00","721.12"
"Tue Oct 31 2023 09:15:00 GMT+0530 (India Standard Time)","774.70","828.95","774.65","821.15","708.04","73.90","62.33","66.33","721.54","701420.00","725.88"
"Tue Oct 31 2023 13:15:00 GMT+0530 (India Standard Time)","821.45","842.00","818.35","838.45","711.02","75.91","63.62","68.03","726.34","432928.00","731.82"
"Wed Nov 01 2023 09:15:00 GMT+0530 (India Standard Time)","841.95","864.35","826.30","853.80","714.65","77.52","64.72","69.44","731.14","373644.00","738.69"
"Wed Nov 01 2023 13:15:00 GMT+0530 (India Standard Time)","853.80","856.70","835.10","846.75","718.18","75.10","63.82","68.02","735.89","125578.00","745.29"
"Thu Nov 02 2023 09:15:00 GMT+0530 (India Standard Time)","856.00","859.55","830.15","836.65","721.26","71.72","62.55","66.04","740.48","147451.00","751.78"
"Thu Nov 02 2023 13:15:00 GMT+0530 (India Standard Time)","836.65","850.00","833.00","842.00","724.50","72.41","62.95","66.57","745.32","69098.00","758.57"
"Fri Nov 03 2023 09:15:00 GMT+0530 (India Standard Time)","847.95","863.00","838.55","854.90","727.65","74.01","63.89","67.82","750.59","140717.00","765.88"
"Fri Nov 03 2023 13:15:00 GMT+0530 (India Standard Time)","854.90","855.00","822.00","834.85","730.31","67.60","61.42","64.00","755.07","75769.00","772.17"
"Mon Nov 06 2023 09:15:00 GMT+0530 (India Standard Time)","865.00","879.70","842.00","873.00","733.55","72.38","64.10","67.57","760.63","226212.00","779.54"
"Mon Nov 06 2023 13:15:00 GMT+0530 (India Standard Time)","873.00","875.00","846.65","866.00","736.84","70.38","63.28","66.33","766.23","138432.00","785.62"
"Tue Nov 07 2023 09:15:00 GMT+0530 (India Standard Time)","867.00","877.90","841.75","843.20","740.01","64.30","60.70","62.48","771.45","119745.00","790.96"
"Tue Nov 07 2023 13:15:00 GMT+0530 (India Standard Time)","843.35","849.80","829.00","843.00","742.99","64.25","60.68","62.44","776.31","91852.00","795.82"
"Wed Nov 08 2023 09:15:00 GMT+0530 (India Standard Time)","841.70","850.75","836.40","841.85","746.28","63.94","60.55","62.25","781.42","56995.00","801.82"
"Wed Nov 08 2023 13:15:00 GMT+0530 (India Standard Time)","843.30","848.00","840.70","847.00","749.69","64.73","60.93","62.78","786.63","38576.00","808.14"
"Thu Nov 09 2023 09:15:00 GMT+0530 (India Standard Time)","854.00","867.95","828.75","837.00","753.04","61.96","59.79","61.07","791.63","101890.00","814.81"
"Thu Nov 09 2023 13:15:00 GMT+0530 (India Standard Time)","837.00","838.00","800.00","810.00","755.44","55.24","56.88","56.78","795.33","176242.00","820.29"
"Fri Nov 10 2023 09:15:00 GMT+0530 (India Standard Time)","850.00","894.70","843.70","845.80","758.63","61.11","59.54","60.56","799.86","742537.00","827.12"
"Fri Nov 10 2023 13:15:00 GMT+0530 (India Standard Time)","845.80","865.00","843.70","861.50","761.99","63.32","60.63","62.06","804.03","153844.00","832.60"
"Sun Nov 12 2023 17:15:00 GMT+0530 (India Standard Time)","869.95","878.85","869.00","873.50","765.49","64.93","61.43","63.16","808.76","90692.00","838.46"
"Mon Nov 13 2023 09:15:00 GMT+0530 (India Standard Time)","872.95","872.95","845.25","854.75","768.48","60.58","59.50","60.35","813.72","122160.00","842.81"
"Mon Nov 13 2023 13:15:00 GMT+0530 (India Standard Time)","854.75","862.95","853.60","854.00","771.40","60.41","59.42","60.23","818.78","72955.00","846.88"
"Wed Nov 15 2023 09:15:00 GMT+0530 (India Standard Time)","870.05","873.55","862.10","869.20","774.95","62.64","60.47","61.69","824.68","105668.00","849.60"
"Wed Nov 15 2023 13:15:00 GMT+0530 (India Standard Time)","869.50","872.45","867.50","869.30","778.32","62.66","60.47","61.70","830.91","50339.00","851.28"
"Thu Nov 16 2023 09:15:00 GMT+0530 (India Standard Time)","875.80","895.00","869.80","879.50","781.97","64.15","61.17","62.68","836.91","188318.00","852.77"
"Thu Nov 16 2023 13:15:00 GMT+0530 (India Standard Time)","879.50","880.00","869.80","869.80","785.14","61.69","60.14","61.16","841.64","51331.00","854.01"
"Fri Nov 17 2023 09:15:00 GMT+0530 (India Standard Time)","871.90","884.00","862.75","881.70","788.43","63.49","60.96","62.31","846.12","82582.00","855.76"
"Fri Nov 17 2023 13:15:00 GMT+0530 (India Standard Time)","881.70","881.70","858.35","870.00","791.57","60.55","59.73","60.49","849.87","309311.00","857.11"
"Mon Nov 20 2023 09:15:00 GMT+0530 (India Standard Time)","870.00","879.95","857.90","858.00","794.71","57.67","58.50","58.69","853.23","84657.00","857.62"
"Mon Nov 20 2023 13:15:00 GMT+0530 (India Standard Time)","858.00","860.40","845.15","850.50","797.64","55.92","57.75","57.59","854.79","73876.00","858.33"
"Tue Nov 21 2023 09:15:00 GMT+0530 (India Standard Time)","856.00","865.75","830.10","835.10","800.24","52.50","56.23","55.39","855.17","124772.00","857.12"
"Tue Nov 21 2023 13:15:00 GMT+0530 (India Standard Time)","835.30","840.00","830.65","835.40","802.76","52.56","56.25","55.42","854.72","63929.00","855.78"
"Wed Nov 22 2023 09:15:00 GMT+0530 (India Standard Time)","838.00","844.90","825.00","827.40","805.28","50.78","55.47","54.28","854.23","68126.00","854.81"
"Wed Nov 22 2023 13:15:00 GMT+0530 (India Standard Time)","827.65","841.80","822.30","834.40","807.79","52.26","56.01","55.11","853.89","46855.00","854.44"
"Thu Nov 23 2023 09:15:00 GMT+0530 (India Standard Time)","838.00","842.30","819.00","821.95","810.22","49.48","54.79","53.34","853.40","106274.00","853.65"
"Thu Nov 23 2023 13:15:00 GMT+0530 (India Standard Time)","821.95","825.00","814.35","823.00","812.67","49.71","54.88","53.47","852.28","65954.00","852.49"
"Fri Nov 24 2023 09:15:00 GMT+0530 (India Standard Time)","823.00","847.05","816.80","820.20","815.20","49.07","54.60","53.06","851.95","176600.00","851.70"
"Fri Nov 24 2023 13:15:00 GMT+0530 (India Standard Time)","820.20","821.10","810.00","812.75","817.39","47.35","53.87","51.99","850.15","78461.00","851.69"
"Tue Nov 28 2023 09:15:00 GMT+0530 (India Standard Time)","813.20","839.00","813.20","819.65","819.61","49.08","54.44","52.90","848.77","289665.00","850.04"
"Tue Nov 28 2023 13:15:00 GMT+0530 (India Standard Time)","819.65","820.75","809.95","818.00","821.23","48.68","54.28","52.65","847.41","107380.00","848.07"
"Wed Nov 29 2023 09:15:00 GMT+0530 (India Standard Time)","821.90","833.00","818.00","830.15","822.99","51.74","55.30","54.26","846.93","76554.00","845.89"
"Wed Nov 29 2023 13:15:00 GMT+0530 (India Standard Time)","830.15","833.70","823.35","831.95","824.82","52.18","55.45","54.50","846.45","47204.00","844.62"
"Thu Nov 30 2023 09:15:00 GMT+0530 (India Standard Time)","835.70","838.65","815.10","821.10","826.96","49.32","54.33","52.81","845.73","105351.00","843.09"
"Thu Nov 30 2023 13:15:00 GMT+0530 (India Standard Time)","821.05","849.00","818.50","840.00","829.44","53.95","55.91","55.29","845.42","288226.00","841.58"
"Fri Dec 01 2023 09:15:00 GMT+0530 (India Standard Time)","844.95","854.35","821.00","826.10","832.03","50.39","54.50","53.18","846.05","136362.00","839.78"
"Fri Dec 01 2023 13:15:00 GMT+0530 (India Standard Time)","826.65","829.85","819.15","825.15","834.53","50.15","54.40","53.03","844.74","75250.00","837.11"
"Mon Dec 04 2023 09:15:00 GMT+0530 (India Standard Time)","840.00","843.70","823.00","824.95","836.84","50.10","54.38","53.00","843.81","90256.00","835.05"
"Mon Dec 04 2023 13:15:00 GMT+0530 (India Standard Time)","824.95","825.65","815.05","820.90","838.39","49.02","53.96","52.37","841.91","78209.00","832.34"
"Tue Dec 05 2023 09:15:00 GMT+0530 (India Standard Time)","825.00","826.00","805.55","812.60","839.66","46.84","53.11","51.08","840.37","118620.00","829.68"
"Tue Dec 05 2023 13:15:00 GMT+0530 (India Standard Time)","812.60","816.05","807.00","816.05","840.63","47.85","53.42","51.59","838.81","60844.00","827.32"
"Wed Dec 06 2023 09:15:00 GMT+0530 (India Standard Time)","810.95","828.45","807.05","807.40","841.46","45.57","52.53","50.25","836.88","154731.00","825.46"
"Wed Dec 06 2023 13:15:00 GMT+0530 (India Standard Time)","807.45","812.85","790.00","795.00","841.20","42.51","51.29","48.39","834.36","123277.00","823.40"
"Thu Dec 07 2023 09:15:00 GMT+0530 (India Standard Time)","798.95","835.85","798.70","830.00","840.99","52.04","54.40","53.40","832.22","187317.00","822.84"
"Thu Dec 07 2023 13:15:00 GMT+0530 (India Standard Time)","830.00","842.00","828.05","832.90","840.67","52.72","54.64","53.78","830.83","128878.00","822.97"
"Fri Dec 08 2023 09:15:00 GMT+0530 (India Standard Time)","839.00","846.80","818.00","819.50","840.27","49.32","53.30","51.76","829.12","100225.00","822.63"
"Fri Dec 08 2023 13:15:00 GMT+0530 (India Standard Time)","819.50","820.90","810.10","815.00","839.76","48.22","52.85","51.10","827.17","74487.00","822.10"
"Mon Dec 11 2023 09:15:00 GMT+0530 (India Standard Time)","819.90","821.40","805.25","807.00","839.12","46.30","52.07","49.93","825.23","87190.00","821.57"
"Mon Dec 11 2023 13:15:00 GMT+0530 (India Standard Time)","807.00","815.00","806.05","812.00","838.29","47.67","52.52","50.65","823.77","39747.00","820.86"
"Tue Dec 12 2023 09:15:00 GMT+0530 (India Standard Time)","817.40","820.00","800.35","803.00","837.69","45.48","51.63","49.33","822.49","122001.00","820.50"
"Tue Dec 12 2023 13:15:00 GMT+0530 (India Standard Time)","803.00","805.00","800.00","804.00","836.42","45.77","51.72","49.48","821.33","58139.00","819.57"
"Wed Dec 13 2023 09:15:00 GMT+0530 (India Standard Time)","807.70","808.40","796.20","802.50","835.20","45.39","51.57","49.26","820.26","62096.00","818.89"
"Wed Dec 13 2023 13:15:00 GMT+0530 (India Standard Time)","802.00","825.00","801.00","813.65","834.43","48.72","52.61","50.97","819.56","166324.00","818.20"
"Thu Dec 14 2023 09:15:00 GMT+0530 (India Standard Time)","825.00","828.55","820.00","822.00","834.07","51.07","53.38","52.21","819.41","85775.00","817.86"
"Thu Dec 14 2023 13:15:00 GMT+0530 (India Standard Time)","822.00","822.05","814.00","819.00","833.59","50.20","53.07","51.73","819.32","36285.00","817.60"
"Fri Dec 15 2023 09:15:00 GMT+0530 (India Standard Time)","826.80","860.00","820.00","854.40","833.62","58.86","56.16","56.62","819.92","470038.00","818.09"
"Fri Dec 15 2023 13:15:00 GMT+0530 (India Standard Time)","854.40","860.00","845.00","847.70","833.77","56.90","55.45","55.52","821.22","198592.00","818.96"
"Mon Dec 18 2023 09:15:00 GMT+0530 (India Standard Time)","860.00","872.00","851.10","852.50","834.62","57.95","55.86","56.15","822.45","211968.00","820.49"
"Mon Dec 18 2023 13:15:00 GMT+0530 (India Standard Time)","852.50","852.50","840.00","843.20","834.36","55.20","54.88","54.62","823.49","77646.00","821.23"
"Tue Dec 19 2023 09:15:00 GMT+0530 (India Standard Time)","848.00","850.00","826.00","834.55","833.93","52.75","53.98","53.23","823.84","125257.00","821.98"
"Tue Dec 19 2023 13:15:00 GMT+0530 (India Standard Time)","834.55","842.00","830.10","841.95","833.24","54.56","54.62","54.25","824.14","43345.00","823.16"
"Wed Dec 20 2023 09:15:00 GMT+0530 (India Standard Time)","842.95","881.00","842.00","850.95","833.22","56.68","55.40","55.47","825.32","312063.00","825.18"
"Wed Dec 20 2023 13:15:00 GMT+0530 (India Standard Time)","850.95","851.00","806.05","818.00","832.56","48.07","52.08","50.42","824.93","163275.00","825.69"
"Thu Dec 21 2023 09:15:00 GMT+0530 (India Standard Time)","796.05","832.75","780.00","823.90","831.50","49.51","52.60","51.24","824.16","135369.00","826.49"
"Thu Dec 21 2023 13:15:00 GMT+0530 (India Standard Time)","823.90","885.00","820.55","885.00","831.48","61.22","57.45","58.52","825.54","162430.00","828.65"
"Fri Dec 22 2023 09:15:00 GMT+0530 (India Standard Time)","869.05","881.95","844.00","850.45","831.00","53.81","54.25","53.84","826.55","121135.00","829.73"
"Fri Dec 22 2023 13:15:00 GMT+0530 (India Standard Time)","851.00","859.70","847.30","855.40","830.64","54.64","54.62","54.38","827.75","48490.00","831.09"
"Tue Dec 26 2023 09:15:00 GMT+0530 (India Standard Time)","855.00","865.00","847.00","849.85","830.15","53.51","54.12","53.66","829.15","95274.00","832.88"
"Tue Dec 26 2023 13:15:00 GMT+0530 (India Standard Time)","849.85","851.50","842.05","851.50","829.73","53.81","54.25","53.85","830.41","42259.00","834.74"
"Wed Dec 27 2023 09:15:00 GMT+0530 (India Standard Time)","851.05","857.10","836.00","836.85","829.29","50.78","52.93","51.93","831.45","78271.00","836.19"
"Wed Dec 27 2023 13:15:00 GMT+0530 (India Standard Time)","836.00","842.80","833.00","838.05","829.02","51.02","53.03","52.08","832.83","31471.00","837.68"
"Thu Dec 28 2023 09:15:00 GMT+0530 (India Standard Time)","846.00","849.70","830.00","832.40","828.91","49.83","52.52","51.33","833.40","64250.00","839.25"
"Thu Dec 28 2023 13:15:00 GMT+0530 (India Standard Time)","832.40","833.70","816.60","830.00","828.76","49.32","52.31","51.02","833.13","57280.00","840.45"
"Fri Dec 29 2023 09:15:00 GMT+0530 (India Standard Time)","821.15","839.95","821.00","827.25","828.71","48.72","52.05","50.65","833.18","48663.00","841.19"
"Fri Dec 29 2023 13:15:00 GMT+0530 (India Standard Time)","827.25","836.40","822.05","835.60","828.69","50.64","52.75","51.74","833.75","43690.00","841.63"
"Mon Jan 01 2024 09:15:00 GMT+0530 (India Standard Time)","834.00","848.00","834.00","838.85","828.97","51.38","53.03","52.16","834.79","77262.00","842.65"
"Mon Jan 01 2024 13:15:00 GMT+0530 (India Standard Time)","838.85","852.00","838.15","847.00","829.46","53.24","53.71","53.22","836.02","67213.00","842.59"
"Tue Jan 02 2024 09:15:00 GMT+0530 (India Standard Time)","851.00","869.90","837.00","864.40","830.12","56.92","55.12","55.39","837.79","278998.00","843.01"
"Tue Jan 02 2024 13:15:00 GMT+0530 (India Standard Time)","865.30","880.00","862.40","870.00","831.25","58.04","55.56","56.07","840.21","303812.00","843.66"
"Wed Jan 03 2024 09:15:00 GMT+0530 (India Standard Time)","875.90","928.00","867.00","915.05","832.92","65.58","58.89","60.95","843.81","1058277.00","846.59"
"Wed Jan 03 2024 13:15:00 GMT+0530 (India Standard Time)","915.05","927.95","915.00","926.00","835.06","67.09","59.64","62.01","847.73","311485.00","850.76"
"Thu Jan 04 2024 09:15:00 GMT+0530 (India Standard Time)","931.10","937.00","901.25","910.65","836.80","63.02","58.13","59.68","851.05","309854.00","854.37"
"Thu Jan 04 2024 13:15:00 GMT+0530 (India Standard Time)","910.65","910.65","895.00","902.00","838.24","60.84","57.30","58.41","854.05","138007.00","856.57"
"Fri Jan 05 2024 09:15:00 GMT+0530 (India Standard Time)","906.95","921.25","898.05","910.55","839.96","62.20","57.90","59.29","856.38","150302.00","860.70"
"Fri Jan 05 2024 13:15:00 GMT+0530 (India Standard Time)","910.55","916.95","896.05","908.50","841.38","61.66","57.70","58.98","858.39","81476.00","865.10"
"Mon Jan 08 2024 09:15:00 GMT+0530 (India Standard Time)","913.75","916.45","899.10","906.35","842.88","61.08","57.49","58.65","860.13","78798.00","866.92"
"Mon Jan 08 2024 13:15:00 GMT+0530 (India Standard Time)","906.35","915.00","900.30","915.00","844.61","62.57","58.12","59.58","862.45","52891.00","869.52"
"Tue Jan 09 2024 09:15:00 GMT+0530 (India Standard Time)","923.00","927.95","909.00","916.00","846.37","62.75","58.19","59.69","865.34","123584.00","872.51"
"Tue Jan 09 2024 13:15:00 GMT+0530 (India Standard Time)","916.00","916.25","895.00","901.90","848.03","58.71","56.77","57.46","867.71","67076.00","874.93"
"Wed Jan 10 2024 09:15:00 GMT+0530 (India Standard Time)","896.00","908.05","885.35","889.50","849.61","55.43","55.56","55.59","869.00","143326.00","877.03"
"Wed Jan 10 2024 13:15:00 GMT+0530 (India Standard Time)","889.50","896.15","882.25","895.00","851.18","56.56","55.98","56.24","871.36","66697.00","879.43"
"Thu Jan 11 2024 09:15:00 GMT+0530 (India Standard Time)","902.00","910.90","900.05","904.65","853.03","58.50","56.72","57.37","874.68","68007.00","882.62"
"Thu Jan 11 2024 13:15:00 GMT+0530 (India Standard Time)","904.65","908.80","896.90","901.35","855.11","57.58","56.39","56.85","876.07","50159.00","885.76"
"Fri Jan 12 2024 09:15:00 GMT+0530 (India Standard Time)","908.00","910.90","897.15","899.55","856.67","57.06","56.21","56.57","877.63","67494.00","889.30"
"Fri Jan 12 2024 13:15:00 GMT+0530 (India Standard Time)","899.55","902.00","897.00","898.00","857.96","56.60","56.05","56.32","879.24","40296.00","892.62"
"Mon Jan 15 2024 09:15:00 GMT+0530 (India Standard Time)","900.00","924.10","899.05","906.45","859.63","58.51","56.73","57.37","881.23","113174.00","896.27"
"Mon Jan 15 2024 13:15:00 GMT+0530 (India Standard Time)","906.50","910.00","900.00","900.05","861.37","56.53","56.06","56.31","883.20","44219.00","899.25"
"Tue Jan 16 2024 09:15:00 GMT+0530 (India Standard Time)","903.70","910.95","886.20","888.05","863.03","53.00","54.83","54.37","885.05","89597.00","901.50"
"Tue Jan 16 2024 13:15:00 GMT+0530 (India Standard Time)","886.85","890.40","876.70","884.95","864.49","52.12","54.52","53.87","886.69","113699.00","902.71"
"Wed Jan 17 2024 09:15:00 GMT+0530 (India Standard Time)","880.75","894.00","871.25","889.90","866.09","53.42","54.94","54.55","888.39","102900.00","903.46"
"Wed Jan 17 2024 13:15:00 GMT+0530 (India Standard Time)","889.90","904.00","888.40","902.00","868.00","56.46","55.95","56.17","890.94","69916.00","903.11"
"Thu Jan 18 2024 09:15:00 GMT+0530 (India Standard Time)","899.75","919.00","876.00","905.85","869.99","57.39","56.27","56.68","893.47","199252.00","902.06"
"Thu Jan 18 2024 13:15:00 GMT+0530 (India Standard Time)","905.85","910.05","900.00","906.35","871.84","57.51","56.31","56.74","896.12","56959.00","901.63"
"Fri Jan 19 2024 09:15:00 GMT+0530 (India Standard Time)","909.50","943.45","908.15","914.00","873.77","59.40","56.95","57.77","899.03","172033.00","902.46"
"Fri Jan 19 2024 13:15:00 GMT+0530 (India Standard Time)","914.00","915.10","905.00","912.00","875.62","58.68","56.73","57.40","901.36","45470.00","902.50"
"Sat Jan 20 2024 09:15:00 GMT+0530 (India Standard Time)","918.70","919.05","906.20","910.00","876.91","57.95","56.51","57.03","903.31","53474.00","902.68"
"Sat Jan 20 2024 13:15:00 GMT+0530 (India Standard Time)","910.00","914.50","901.05","907.00","878.05","56.83","56.17","56.47","904.62","35799.00","902.70"
"Tue Jan 23 2024 09:15:00 GMT+0530 (India Standard Time)","908.05","929.85","893.05","895.25","878.98","52.64","54.86","54.31","904.71","149853.00","902.32"
"Tue Jan 23 2024 13:15:00 GMT+0530 (India Standard Time)","895.25","895.90","855.00","869.90","879.54","45.12","52.19","50.07","902.95","135109.00","900.20"
"Wed Jan 24 2024 09:15:00 GMT+0530 (India Standard Time)","872.90","909.95","861.05","897.55","880.64","52.84","54.64","54.09","901.99","174874.00","899.61"
"Wed Jan 24 2024 13:15:00 GMT+0530 (India Standard Time)","897.55","912.50","896.85","910.00","882.01","55.78","55.68","55.74","902.13","67194.00","900.29"
"Thu Jan 25 2024 09:15:00 GMT+0530 (India Standard Time)","908.95","916.35","896.20","898.70","882.93","52.65","54.53","53.93","901.91","85887.00","900.79"
"Thu Jan 25 2024 13:15:00 GMT+0530 (India Standard Time)","898.70","902.20","895.00","897.35","884.43","52.28","54.39","53.72","901.59","43372.00","900.45"
"Mon Jan 29 2024 09:15:00 GMT+0530 (India Standard Time)","903.35","921.00","900.95","904.00","886.27","53.95","54.96","54.63","901.64","104077.00","900.71"
"Mon Jan 29 2024 13:15:00 GMT+0530 (India Standard Time)","904.00","922.00","904.00","918.10","887.21","57.27","56.14","56.51","901.80","98108.00","901.36"
"Tue Jan 30 2024 09:15:00 GMT+0530 (India Standard Time)","923.95","968.00","921.00","945.15","888.97","62.68","58.28","59.79","902.77","565028.00","903.56"
"Tue Jan 30 2024 13:15:00 GMT+0530 (India Standard Time)","945.15","946.00","927.30","936.90","890.62","60.24","57.41","58.40","903.93","107367.00","904.88"
"Wed Jan 31 2024 09:15:00 GMT+0530 (India Standard Time)","939.90","992.50","939.50","991.85","893.14","68.76","61.33","64.09","906.79","644059.00","908.52"
"Wed Jan 31 2024 13:15:00 GMT+0530 (India Standard Time)","991.85","994.00","972.20","980.00","895.79","65.58","60.11","62.20","910.04","181242.00","912.72"
"Thu Feb 01 2024 09:15:00 GMT+0530 (India Standard Time)","983.95","984.00","967.55","972.45","898.43","63.61","59.35","61.03","912.52","148350.00","917.00"
"Thu Feb 01 2024 13:15:00 GMT+0530 (India Standard Time)","972.45","975.00","965.10","970.00","901.07","62.96","59.10","60.64","914.94","73877.00","920.99"
"Fri Feb 02 2024 09:15:00 GMT+0530 (India Standard Time)","976.90","983.40","948.00","956.70","903.58","59.53","57.77","58.59","917.09","157870.00","923.94"
"Fri Feb 02 2024 13:15:00 GMT+0530 (India Standard Time)","956.70","960.00","946.00","954.00","906.09","58.84","57.51","58.18","919.03","70376.00","926.41"
"Mon Feb 05 2024 09:15:00 GMT+0530 (India Standard Time)","962.25","1005.00","956.65","999.55","909.32","65.81","60.64","62.72","921.79","399381.00","930.43"
"Mon Feb 05 2024 13:15:00 GMT+0530 (India Standard Time)","999.55","1000.00","981.10","997.00","912.55","65.16","60.39","62.33","924.98","99468.00","933.95"
"Tue Feb 06 2024 09:15:00 GMT+0530 (India Standard Time)","998.90","1020.50","965.45","977.20","915.45","60.32","58.45","59.38","928.29","250507.00","937.48"
"Tue Feb 06 2024 13:15:00 GMT+0530 (India Standard Time)","977.20","999.40","968.80","990.00","918.27","62.22","59.31","60.62","931.93","124145.00","941.09"
"Wed Feb 07 2024 09:15:00 GMT+0530 (India Standard Time)","1035.00","1170.00","1025.00","1135.25","923.42","75.97","67.15","70.95","939.97","2064481.00","951.04"
"Wed Feb 07 2024 13:15:00 GMT+0530 (India Standard Time)","1135.25","1135.25","1092.20","1120.00","928.35","73.04","65.79","69.00","947.74","405909.00","961.20"
"Thu Feb 08 2024 09:15:00 GMT+0530 (India Standard Time)","1129.80","1175.20","1116.90","1148.75","933.17","74.96","67.07","70.57","956.55","534029.00","974.29"
"Thu Feb 08 2024 13:15:00 GMT+0530 (India Standard Time)","1150.20","1156.95","1140.00","1144.00","937.62","74.04","66.65","69.97","965.18","179355.00","986.42"
"Fri Feb 09 2024 09:15:00 GMT+0530 (India Standard Time)","1143.10","1143.90","1075.05","1096.95","941.38","65.73","62.71","64.36","971.73","370306.00","995.74"
"Fri Feb 09 2024 13:15:00 GMT+0530 (India Standard Time)","1096.95","1113.00","1089.60","1100.00","945.35","65.99","62.85","64.55","978.52","100116.00","1005.18"
"Mon Feb 12 2024 09:15:00 GMT+0530 (India Standard Time)","1113.70","1125.95","1092.50","1110.65","949.35","66.91","63.36","65.22","985.59","277070.00","1015.27"
"Mon Feb 12 2024 13:15:00 GMT+0530 (India Standard Time)","1110.65","1125.00","1097.95","1107.70","953.39","66.39","63.12","64.87","992.83","124203.00","1024.90"
"Tue Feb 13 2024 09:15:00 GMT+0530 (India Standard Time)","1106.45","1142.00","1066.30","1114.85","957.44","67.04","63.46","65.33","1000.03","368803.00","1034.13"
"Tue Feb 13 2024 13:15:00 GMT+0530 (India Standard Time)","1114.85","1160.00","1113.00","1149.00","962.07","69.98","65.05","67.42","1009.57","199444.00","1043.56"
"Wed Feb 14 2024 09:15:00 GMT+0530 (India Standard Time)","1146.70","1191.80","1124.05","1182.00","967.12","72.46","66.49","69.26","1019.44","411842.00","1054.66"
"Wed Feb 14 2024 13:15:00 GMT+0530 (India Standard Time)","1182.00","1198.00","1167.55","1178.00","972.65","71.71","66.15","68.77","1029.25","240337.00","1064.25"
"Thu Feb 15 2024 09:15:00 GMT+0530 (India Standard Time)","1189.00","1210.90","1158.40","1161.85","978.26","68.67","64.81","66.83","1039.02","237339.00","1073.38"
"Thu Feb 15 2024 13:15:00 GMT+0530 (India Standard Time)","1161.85","1167.95","1142.10","1154.00","983.50","67.22","64.16","65.90","1048.18","115563.00","1081.97"
"Fri Feb 16 2024 09:15:00 GMT+0530 (India Standard Time)","1159.00","1181.00","1155.00","1165.55","988.74","68.26","64.69","66.61","1057.41","122202.00","1091.34"
"Fri Feb 16 2024 13:15:00 GMT+0530 (India Standard Time)","1165.55","1184.70","1163.50","1175.00","994.19","69.10","65.12","67.18","1066.68","73731.00","1101.50"
"Mon Feb 19 2024 09:15:00 GMT+0530 (India Standard Time)","1185.00","1199.95","1174.75","1178.00","999.80","69.37","65.25","67.36","1075.24","120386.00","1112.42"
"Mon Feb 19 2024 13:15:00 GMT+0530 (India Standard Time)","1178.00","1178.75","1165.20","1168.55","1005.23","67.42","64.45","66.17","1083.60","58129.00","1120.99"
"Tue Feb 20 2024 09:15:00 GMT+0530 (India Standard Time)","1173.10","1173.50","1127.00","1131.00","1009.87","60.34","61.38","61.72","1089.64","162971.00","1127.98"
"Tue Feb 20 2024 13:15:00 GMT+0530 (India Standard Time)","1131.00","1136.00","1127.00","1132.00","1014.45","60.45","61.43","61.79","1094.99","71254.00","1134.97"
"Wed Feb 21 2024 09:15:00 GMT+0530 (India Standard Time)","1137.60","1154.65","1124.00","1125.65","1019.24","59.30","60.93","61.06","1100.70","132685.00","1141.89"
"Wed Feb 21 2024 13:15:00 GMT+0530 (India Standard Time)","1125.65","1127.90","1100.00","1111.00","1023.80","56.67","59.77","59.39","1105.81","105886.00","1141.71"
"Thu Feb 22 2024 09:15:00 GMT+0530 (India Standard Time)","1120.10","1128.35","1086.90","1100.00","1028.15","54.76","58.91","58.16","1110.89","148250.00","1141.09"
"Thu Feb 22 2024 13:15:00 GMT+0530 (India Standard Time)","1100.00","1103.05","1089.55","1090.00","1032.03","53.05","58.14","57.05","1115.92","93397.00","1138.50"
"Fri Feb 23 2024 09:15:00 GMT+0530 (India Standard Time)","1100.00","1146.65","1095.50","1141.50","1036.62","59.83","60.83","60.98","1120.95","190378.00","1137.79"
"Fri Feb 23 2024 13:15:00 GMT+0530 (India Standard Time)","1141.50","1179.00","1137.00","1174.95","1041.84","63.43","62.43","63.22","1127.06","230560.00","1140.80"
"Mon Feb 26 2024 09:15:00 GMT+0530 (India Standard Time)","1176.15","1179.90","1151.10","1168.80","1046.78","62.35","61.95","62.54","1133.45","109411.00","1143.97"
"Mon Feb 26 2024 13:15:00 GMT+0530 (India Standard Time)","1168.80","1170.60","1155.00","1155.05","1051.74","59.96","60.90","61.03","1139.67","41662.00","1146.30"
"Tue Feb 27 2024 09:15:00 GMT+0530 (India Standard Time)","1155.55","1248.90","1150.00","1238.00","1057.89","67.79","64.59","66.11","1143.32","757276.00","1151.50"
"Tue Feb 27 2024 13:15:00 GMT+0530 (India Standard Time)","1238.00","1255.10","1224.50","1248.95","1064.63","68.64","65.03","66.70","1147.85","334842.00","1157.92"
"Wed Feb 28 2024 09:15:00 GMT+0530 (India Standard Time)","1257.90","1278.40","1215.20","1217.05","1071.20","63.51","62.71","63.40","1151.07","429328.00","1162.17"
"Wed Feb 28 2024 13:15:00 GMT+0530 (India Standard Time)","1216.40","1226.60","1202.35","1219.05","1078.08","63.69","62.79","63.51","1153.53","110121.00","1164.40"
"Thu Feb 29 2024 09:15:00 GMT+0530 (India Standard Time)","1220.10","1295.00","1220.10","1239.40","1085.22","65.50","63.65","64.69","1158.75","715053.00","1167.64"
"Thu Feb 29 2024 13:15:00 GMT+0530 (India Standard Time)","1239.40","1290.00","1222.35","1285.95","1092.50","69.18","65.50","67.18","1164.65","434371.00","1172.30"
"Fri Mar 01 2024 09:15:00 GMT+0530 (India Standard Time)","1299.00","1354.00","1276.25","1344.30","1101.04","72.97","67.61","69.92","1172.34","904574.00","1180.64"
"Fri Mar 01 2024 13:15:00 GMT+0530 (India Standard Time)","1344.30","1478.00","1341.55","1448.80","1111.67","78.05","70.86","73.92","1183.50","888465.00","1193.14"
"Sat Mar 02 2024 09:15:00 GMT+0530 (India Standard Time)","1439.70","1489.40","1439.70","1489.40","1123.06","79.62","71.97","75.24","1196.54","230731.00","1207.54"
"Mon Mar 04 2024 09:15:00 GMT+0530 (India Standard Time)","1489.40","1489.40","1388.00","1395.00","1133.08","67.82","66.01","67.13","1206.66","808150.00","1218.69"
"Mon Mar 04 2024 13:15:00 GMT+0530 (India Standard Time)","1395.00","1406.00","1376.35","1394.90","1142.05","67.81","66.00","67.12","1214.75","225154.00","1229.30"
"Tue Mar 05 2024 09:15:00 GMT+0530 (India Standard Time)","1402.00","1430.00","1390.05","1400.00","1151.41","68.09","66.16","67.32","1222.81","246392.00","1241.89"
"Tue Mar 05 2024 13:15:00 GMT+0530 (India Standard Time)","1400.00","1418.70","1391.35","1418.00","1160.06","69.09","66.71","68.03","1231.10","120167.00","1255.21"
"Wed Mar 06 2024 09:15:00 GMT+0530 (India Standard Time)","1414.50","1461.10","1260.45","1369.70","1167.74","63.48","63.86","64.18","1238.57","293582.00","1266.30"
"Wed Mar 06 2024 13:15:00 GMT+0530 (India Standard Time)","1367.05","1399.00","1344.60","1392.00","1175.89","64.86","64.57","65.12","1246.12","122308.00","1279.13"
"Thu Mar 07 2024 09:15:00 GMT+0530 (India Standard Time)","1391.00","1424.40","1350.50","1398.80","1184.36","65.29","64.79","65.40","1253.86","179605.00","1292.90"
"Thu Mar 07 2024 13:15:00 GMT+0530 (India Standard Time)","1398.80","1401.30","1375.00","1382.00","1192.83","63.32","63.82","64.08","1261.07","76829.00","1306.80"
"Mon Mar 11 2024 09:15:00 GMT+0530 (India Standard Time)","1382.00","1382.00","1285.90","1303.25","1200.14","55.13","59.54","58.37","1266.53","212437.00","1315.72"
"Mon Mar 11 2024 13:15:00 GMT+0530 (India Standard Time)","1303.25","1312.00","1285.10","1289.00","1206.21","53.81","58.82","57.42","1271.94","93533.00","1321.79"
"Tue Mar 12 2024 09:15:00 GMT+0530 (India Standard Time)","1307.70","1309.50","1211.10","1246.50","1211.40","50.05","56.72","54.68","1276.37","414424.00","1325.89"
"Tue Mar 12 2024 13:15:00 GMT+0530 (India Standard Time)","1246.50","1286.95","1240.00","1260.00","1216.93","51.19","57.21","55.38","1280.93","124572.00","1330.79"
"Wed Mar 13 2024 09:15:00 GMT+0530 (India Standard Time)","1265.05","1305.00","1146.80","1155.10","1221.00","43.17","52.47","49.34","1284.12","398470.00","1329.44"
"Wed Mar 13 2024 13:15:00 GMT+0530 (India Standard Time)","1155.10","1170.00","1044.30","1073.95","1220.49","38.30","49.26","45.39","1283.80","401189.00","1322.12"
"Thu Mar 14 2024 09:15:00 GMT+0530 (India Standard Time)","1074.95","1285.00","1050.00","1230.95","1222.13","49.81","54.72","52.89","1287.17","1103654.00","1320.56"
"Thu Mar 14 2024 13:15:00 GMT+0530 (India Standard Time)","1230.95","1294.00","1228.25","1286.80","1224.66","53.08","56.42","55.14","1292.24","345890.00","1323.29"
"Fri Mar 15 2024 09:15:00 GMT+0530 (India Standard Time)","1278.00","1331.95","1205.05","1211.00","1226.53","48.57","53.64","51.69","1295.30","549445.00","1322.87"
"Fri Mar 15 2024 13:15:00 GMT+0530 (India Standard Time)","1211.00","1253.80","1208.35","1243.00","1229.21","50.43","54.60","52.97","1297.74","203624.00","1321.25"
"Mon Mar 18 2024 09:15:00 GMT+0530 (India Standard Time)","1238.40","1310.00","1230.05","1270.95","1232.61","52.03","55.42","54.06","1301.67","445316.00","1318.43"
"Mon Mar 18 2024 13:15:00 GMT+0530 (India Standard Time)","1270.95","1286.95","1263.15","1269.50","1235.85","51.94","55.37","53.99","1303.85","103007.00","1310.95"
"Tue Mar 19 2024 09:15:00 GMT+0530 (India Standard Time)","1276.85","1285.85","1232.60","1263.70","1238.89","51.56","55.16","53.72","1304.49","206084.00","1300.69"
"Tue Mar 19 2024 13:15:00 GMT+0530 (India Standard Time)","1264.90","1294.00","1257.40","1293.05","1242.39","53.37","56.03","54.91","1306.08","136420.00","1294.38"
"Wed Mar 20 2024 09:15:00 GMT+0530 (India Standard Time)","1286.10","1295.00","1243.05","1278.00","1245.00","52.32","55.47","54.17","1308.08","180583.00","1288.69"
"Wed Mar 20 2024 13:15:00 GMT+0530 (India Standard Time)","1278.00","1282.00","1260.85","1278.60","1247.11","52.36","55.48","54.20","1308.88","63907.00","1282.50"
"Thu Mar 21 2024 09:15:00 GMT+0530 (India Standard Time)","1296.80","1398.00","1294.00","1391.60","1250.87","59.03","58.74","58.59","1312.27","1154526.00","1280.47"
"Thu Mar 21 2024 13:15:00 GMT+0530 (India Standard Time)","1391.60","1424.95","1387.10","1394.95","1255.42","59.21","58.83","58.71","1315.04","567577.00","1282.15"
"Fri Mar 22 2024 09:15:00 GMT+0530 (India Standard Time)","1409.00","1428.20","1370.40","1396.90","1260.29","59.32","58.88","58.78","1314.17","523204.00","1282.92"
"Fri Mar 22 2024 13:15:00 GMT+0530 (India Standard Time)","1397.90","1405.65","1375.25","1389.95","1264.76","58.74","58.60","58.41","1311.22","147647.00","1282.78"
"Tue Mar 26 2024 09:15:00 GMT+0530 (India Standard Time)","1380.00","1401.25","1345.00","1386.80","1268.87","58.47","58.48","58.24","1309.57","346554.00","1282.53"
"Tue Mar 26 2024 13:15:00 GMT+0530 (India Standard Time)","1386.15","1415.85","1375.75","1395.50","1273.13","59.02","58.73","58.58","1309.68","173869.00","1286.20"
"Wed Mar 27 2024 09:15:00 GMT+0530 (India Standard Time)","1397.00","1444.70","1393.10","1417.40","1278.08","60.41","59.36","59.46","1310.10","342524.00","1292.13"
"Wed Mar 27 2024 13:15:00 GMT+0530 (India Standard Time)","1417.40","1420.00","1380.00","1412.00","1283.39","59.88","59.13","59.14","1309.91","258725.00","1299.39"
"Thu Mar 28 2024 09:15:00 GMT+0530 (India Standard Time)","1419.45","1472.90","1419.45","1437.00","1289.59","61.51","59.85","60.15","1312.74","439366.00","1307.96"
"Thu Mar 28 2024 13:15:00 GMT+0530 (India Standard Time)","1437.00","1445.20","1416.10","1433.00","1295.58","61.10","59.68","59.90","1314.63","114715.00","1319.45"
"Mon Apr 01 2024 09:15:00 GMT+0530 (India Standard Time)","1440.05","1587.65","1440.05","1554.10","1304.01","68.00","62.96","64.39","1319.49","1639858.00","1340.56"
"Mon Apr 01 2024 13:15:00 GMT+0530 (India Standard Time)","1554.10","1635.00","1551.70","1616.00","1314.02","70.78","64.47","66.37","1327.16","799242.00","1359.87"
"Tue Apr 02 2024 09:15:00 GMT+0530 (India Standard Time)","1610.00","1695.00","1601.75","1615.50","1324.80","70.73","64.45","66.34","1338.37","1436303.00","1376.92"
"Tue Apr 02 2024 13:15:00 GMT+0530 (India Standard Time)","1616.85","1616.90","1584.55","1594.00","1334.12","68.45","63.52","65.01","1349.19","439028.00","1393.95"
"Wed Apr 03 2024 09:15:00 GMT+0530 (India Standard Time)","1592.45","1626.20","1557.40","1568.00","1342.39","65.76","62.41","63.43","1360.91","466799.00","1410.27"
"Wed Apr 03 2024 13:15:00 GMT+0530 (India Standard Time)","1567.50","1580.60","1564.00","1570.10","1350.47","65.88","62.46","63.51","1371.96","139671.00","1424.59"
"Thu Apr 04 2024 09:15:00 GMT+0530 (India Standard Time)","1588.90","1621.85","1553.35","1558.10","1358.75","64.59","61.95","62.77","1385.37","348959.00","1438.91"
"Thu Apr 04 2024 13:15:00 GMT+0530 (India Standard Time)","1558.10","1563.80","1556.00","1560.95","1365.58","64.76","62.02","62.87","1401.94","117946.00","1453.14"
"Fri Apr 05 2024 09:15:00 GMT+0530 (India Standard Time)","1563.80","1589.35","1559.05","1574.15","1372.18","65.57","62.38","63.37","1415.71","259097.00","1466.94"
"Fri Apr 05 2024 13:15:00 GMT+0530 (India Standard Time)","1574.15","1587.40","1569.05","1572.65","1379.05","65.39","62.31","63.27","1426.67","143726.00","1481.32"
"Mon Apr 08 2024 09:15:00 GMT+0530 (India Standard Time)","1596.00","1609.95","1585.05","1594.25","1386.63","66.77","62.90","64.10","1439.06","248894.00","1496.60"
"Mon Apr 08 2024 13:15:00 GMT+0530 (India Standard Time)","1594.25","1597.50","1581.85","1591.95","1393.48","66.47","62.79","63.94","1451.75","76717.00","1507.17"
"Tue Apr 09 2024 09:15:00 GMT+0530 (India Standard Time)","1606.45","1606.45","1555.00","1565.30","1399.52","63.08","61.57","62.11","1462.66","105334.00","1515.39"
"Tue Apr 09 2024 13:15:00 GMT+0530 (India Standard Time)","1565.30","1565.30","1525.00","1550.00","1403.87","61.19","60.88","61.08","1472.43","94789.00","1522.50"
"Wed Apr 10 2024 09:15:00 GMT+0530 (India Standard Time)","1554.50","1558.90","1453.00","1494.90","1405.30","54.98","58.46","57.54","1481.05","247889.00","1527.75"
"Wed Apr 10 2024 13:15:00 GMT+0530 (India Standard Time)","1494.90","1497.75","1479.25","1485.00","1405.49","53.94","58.04","56.93","1488.41","114145.00","1532.84"
"Fri Apr 12 2024 09:15:00 GMT+0530 (India Standard Time)","1484.40","1527.25","1466.20","1480.80","1406.93","53.50","57.86","56.67","1496.24","185041.00","1537.27"
"Fri Apr 12 2024 13:15:00 GMT+0530 (India Standard Time)","1480.45","1500.00","1473.95","1490.00","1408.84","54.37","58.15","57.11","1503.89","87763.00","1540.62"
"Mon Apr 15 2024 09:15:00 GMT+0530 (India Standard Time)","1440.00","1460.00","1388.20","1453.80","1409.52","50.46","56.60","54.84","1506.49","234773.00","1542.19"
"Mon Apr 15 2024 13:15:00 GMT+0530 (India Standard Time)","1453.80","1457.40","1432.85","1453.00","1410.27","50.38","56.56","54.79","1508.11","68592.00","1542.55"
"Tue Apr 16 2024 09:15:00 GMT+0530 (India Standard Time)","1429.65","1457.90","1422.40","1430.00","1411.67","47.97","55.58","53.36","1509.48","147632.00","1542.70"
"Tue Apr 16 2024 13:15:00 GMT+0530 (India Standard Time)","1429.90","1441.95","1425.70","1434.00","1412.71","48.42","55.72","53.57","1511.04","78110.00","1537.94"
"Thu Apr 18 2024 09:15:00 GMT+0530 (India Standard Time)","1447.80","1460.00","1425.10","1440.30","1413.67","49.14","55.94","53.92","1513.33","138065.00","1530.16"
"Thu Apr 18 2024 13:15:00 GMT+0530 (India Standard Time)","1440.30","1441.00","1345.80","1400.05","1413.90","44.89","54.22","51.40","1513.32","143282.00","1518.96"
"Fri Apr 19 2024 09:15:00 GMT+0530 (India Standard Time)","1381.75","1407.15","1373.70","1400.45","1415.44","44.94","54.23","51.42","1512.44","162107.00","1509.35"
"Fri Apr 19 2024 13:15:00 GMT+0530 (India Standard Time)","1400.45","1440.00","1396.00","1411.00","1417.86","46.28","54.61","52.04","1512.86","128159.00","1501.47"
"Mon Apr 22 2024 09:15:00 GMT+0530 (India Standard Time)","1433.00","1525.00","1433.00","1512.25","1422.70","56.88","58.01","57.42","1514.54","444884.00","1497.87"
"Mon Apr 22 2024 13:15:00 GMT+0530 (India Standard Time)","1512.25","1525.00","1500.00","1509.00","1427.68","56.50","57.87","57.21","1517.39","158446.00","1494.91"
"Tue Apr 23 2024 09:15:00 GMT+0530 (India Standard Time)","1530.00","1540.00","1482.00","1503.80","1434.02","55.88","57.64","56.87","1516.72","169293.00","1492.39"
"Tue Apr 23 2024 13:15:00 GMT+0530 (India Standard Time)","1503.80","1521.90","1498.60","1502.00","1442.33","55.66","57.56","56.74","1513.39","83791.00","1489.15"
"Wed Apr 24 2024 09:15:00 GMT+0530 (India Standard Time)","1513.90","1550.10","1507.00","1530.35","1448.93","58.39","58.49","58.20","1509.52","240849.00","1486.96"
"Wed Apr 24 2024 13:15:00 GMT+0530 (India Standard Time)","1530.35","1544.00","1530.30","1540.75","1454.23","59.36","58.82","58.72","1507.37","91713.00","1484.25"
"Thu Apr 25 2024 09:15:00 GMT+0530 (India Standard Time)","1540.00","1570.00","1524.00","1548.85","1460.40","60.11","59.08","59.13","1506.08","192094.00","1482.21"
"Thu Apr 25 2024 13:15:00 GMT+0530 (India Standard Time)","1548.85","1556.05","1547.00","1554.00","1466.71","60.60","59.25","59.39","1505.39","69967.00","1481.24"
"Fri Apr 26 2024 09:15:00 GMT+0530 (India Standard Time)","1540.10","1565.90","1530.00","1535.00","1472.13","57.85","58.35","57.97","1504.17","176859.00","1480.95"
"Fri Apr 26 2024 13:15:00 GMT+0530 (India Standard Time)","1535.00","1544.25","1520.20","1524.00","1477.25","56.30","57.83","57.16","1503.08","64750.00","1482.27"
"Mon Apr 29 2024 09:15:00 GMT+0530 (India Standard Time)","1539.90","1540.20","1501.15","1527.30","1482.50","56.67","57.95","57.35","1501.24","113765.00","1484.04"
"Mon Apr 29 2024 13:15:00 GMT+0530 (India Standard Time)","1527.30","1550.00","1522.10","1541.00","1487.58","58.19","58.42","58.12","1499.86","67678.00","1486.41"
"Tue Apr 30 2024 09:15:00 GMT+0530 (India Standard Time)","1541.00","1585.20","1528.00","1543.90","1493.12","58.52","58.52","58.28","1498.29","145605.00","1489.35"
"Tue Apr 30 2024 13:15:00 GMT+0530 (India Standard Time)","1543.90","1548.00","1510.50","1525.00","1498.16","55.56","57.59","56.79","1496.05","63448.00","1493.55"
"Thu May 02 2024 09:15:00 GMT+0530 (India Standard Time)","1523.95","1533.00","1500.00","1514.60","1501.09","53.99","57.08","55.98","1493.92","97917.00","1496.72"
"Thu May 02 2024 13:15:00 GMT+0530 (India Standard Time)","1514.60","1514.60","1465.80","1490.00","1502.89","50.43","55.90","54.10","1491.90","103371.00","1499.34"
"Fri May 03 2024 09:15:00 GMT+0530 (India Standard Time)","1501.45","1542.95","1472.35","1472.95","1504.73","48.13","55.09","52.84","1491.68","148902.00","1502.02"
"Fri May 03 2024 13:15:00 GMT+0530 (India Standard Time)","1473.00","1479.70","1455.00","1478.00","1506.38","48.85","55.28","53.17","1491.09","104813.00","1503.51"
"Mon May 06 2024 09:15:00 GMT+0530 (India Standard Time)","1474.25","1499.00","1428.00","1432.95","1507.75","43.18","53.18","49.93","1489.73","181751.00","1505.96"
"Mon May 06 2024 13:15:00 GMT+0530 (India Standard Time)","1432.95","1437.85","1426.60","1434.25","1508.50","43.38","53.23","50.02","1487.76","84376.00","1507.76"
"Tue May 07 2024 09:15:00 GMT+0530 (India Standard Time)","1442.00","1442.90","1386.05","1389.45","1508.17","38.50","51.23","47.01","1486.77","186047.00","1507.17"
"Tue May 07 2024 13:15:00 GMT+0530 (India Standard Time)","1389.45","1409.40","1385.00","1408.00","1508.11","41.37","51.99","48.34","1485.09","65698.00","1502.74"
"Wed May 08 2024 09:15:00 GMT+0530 (India Standard Time)","1404.00","1443.90","1384.20","1433.60","1507.75","45.08","53.02","50.10","1484.51","140625.00","1498.60"
"Wed May 08 2024 13:15:00 GMT+0530 (India Standard Time)","1433.60","1438.90","1422.05","1430.00","1507.72","44.66","52.86","49.86","1484.38","42529.00","1494.92"
"Thu May 09 2024 09:15:00 GMT+0530 (India Standard Time)","1434.10","1435.90","1380.00","1386.50","1504.98","39.97","50.94","46.98","1482.92","123714.00","1489.74"
"Thu May 09 2024 13:15:00 GMT+0530 (India Standard Time)","1386.50","1399.00","1386.00","1386.00","1500.67","39.92","50.92","46.95","1482.73","51760.00","1483.06"
"Fri May 10 2024 09:15:00 GMT+0530 (India Standard Time)","1381.05","1408.75","1353.00","1384.35","1495.69","39.74","50.84","46.84","1482.31","272734.00","1475.62"
"Fri May 10 2024 13:15:00 GMT+0530 (India Standard Time)","1384.60","1404.90","1382.65","1399.85","1491.68","42.23","51.51","48.00","1481.60","64450.00","1468.42"
"Mon May 13 2024 09:15:00 GMT+0530 (India Standard Time)","1381.00","1384.95","1283.00","1320.40","1486.62","34.55","48.12","43.05","1475.87","661502.00","1457.68"
"Mon May 13 2024 13:15:00 GMT+0530 (India Standard Time)","1320.40","1352.00","1310.00","1346.00","1481.97","38.34","49.22","44.93","1469.60","178317.00","1448.01"
"Tue May 14 2024 09:15:00 GMT+0530 (India Standard Time)","1343.55","1395.00","1336.90","1378.95","1477.96","42.83","50.58","47.24","1464.66","281348.00","1440.60"
"Tue May 14 2024 13:15:00 GMT+0530 (India Standard Time)","1378.95","1388.00","1368.00","1381.05","1474.34","43.10","50.67","47.39","1460.08","94377.00","1433.72"
"Wed May 15 2024 09:15:00 GMT+0530 (India Standard Time)","1388.40","1396.90","1370.10","1385.10","1470.55","43.66","50.84","47.67","1454.89","146393.00","1426.38"
"Wed May 15 2024 13:15:00 GMT+0530 (India Standard Time)","1385.90","1410.00","1385.10","1390.45","1466.92","44.40","51.06","48.05","1449.78","111136.00","1418.94"
"Thu May 16 2024 09:15:00 GMT+0530 (India Standard Time)","1402.50","1422.10","1377.60","1393.50","1462.93","44.84","51.19","48.27","1444.43","223090.00","1412.73"
"Thu May 16 2024 13:15:00 GMT+0530 (India Standard Time)","1393.50","1400.85","1381.10","1394.95","1458.98","45.06","51.25","48.38","1438.71","102727.00","1406.89"
"Fri May 17 2024 09:15:00 GMT+0530 (India Standard Time)","1396.00","1447.00","1384.45","1411.95","1455.79","47.59","51.99","49.64","1434.10","264240.00","1403.26"
"Fri May 17 2024 13:15:00 GMT+0530 (India Standard Time)","1411.95","1425.95","1407.70","1419.90","1453.21","48.75","52.33","50.23","1430.11","112083.00","1399.83"
"Sat May 18 2024 09:15:00 GMT+0530 (India Standard Time)","1429.50","1480.00","1429.00","1478.50","1452.53","56.24","54.74","54.26","1427.95","132630.00","1399.54"
"Tue May 21 2024 09:15:00 GMT+0530 (India Standard Time)","1489.80","1561.40","1447.00","1556.15","1453.40","63.64","57.63","58.81","1427.38","719854.00","1403.44"
"Tue May 21 2024 13:15:00 GMT+0530 (India Standard Time)","1556.15","1580.00","1551.20","1567.00","1454.95","64.52","58.01","59.39","1427.86","390645.00","1409.78"
"Wed May 22 2024 09:15:00 GMT+0530 (India Standard Time)","1640.00","1649.00","1505.10","1532.60","1456.28","59.71","56.37","56.78","1429.09","1377170.00","1417.06"
"Wed May 22 2024 13:15:00 GMT+0530 (India Standard Time)","1532.60","1540.00","1514.00","1529.05","1458.06","59.23","56.21","56.52","1429.52","207525.00","1423.03"
"Thu May 23 2024 09:15:00 GMT+0530 (India Standard Time)","1531.60","1558.95","1528.70","1534.85","1459.86","59.78","56.42","56.85","1431.33","219542.00","1428.53"
"Thu May 23 2024 13:15:00 GMT+0530 (India Standard Time)","1534.85","1534.95","1480.00","1490.00","1461.14","53.85","54.33","53.56","1431.53","138558.00","1431.79"
"Fri May 24 2024 09:15:00 GMT+0530 (India Standard Time)","1499.95","1535.50","1475.00","1476.45","1462.27","52.21","53.71","52.61","1432.41","259544.00","1436.25"
"Fri May 24 2024 13:15:00 GMT+0530 (India Standard Time)","1476.45","1480.00","1442.30","1458.00","1462.64","50.03","52.88","51.34","1432.65","213440.00","1439.60"
"Mon May 27 2024 09:15:00 GMT+0530 (India Standard Time)","1456.60","1465.00","1408.00","1433.45","1463.40","47.27","51.80","49.69","1432.74","386290.00","1442.09"
"Mon May 27 2024 13:15:00 GMT+0530 (India Standard Time)","1432.00","1451.10","1418.05","1430.00","1464.14","46.89","51.65","49.46","1433.70","161593.00","1443.78"
"Tue May 28 2024 09:15:00 GMT+0530 (India Standard Time)","1428.40","1428.75","1377.15","1385.05","1463.73","42.22","49.72","46.58","1433.57","291676.00","1446.96"
"Tue May 28 2024 13:15:00 GMT+0530 (India Standard Time)","1385.05","1389.30","1370.00","1380.90","1461.42","41.82","49.55","46.33","1432.12","118978.00","1448.95"
"Wed May 29 2024 09:15:00 GMT+0530 (India Standard Time)","1370.00","1408.50","1360.05","1400.35","1459.05","44.43","50.38","47.71","1430.67","188000.00","1449.90"
"Wed May 29 2024 13:15:00 GMT+0530 (India Standard Time)","1400.35","1431.65","1398.05","1429.40","1457.35","48.09","51.58","49.71","1431.34","203575.00","1451.93"
"Thu May 30 2024 09:15:00 GMT+0530 (India Standard Time)","1423.95","1470.00","1406.15","1433.00","1455.94","48.53","51.73","49.95","1432.99","180703.00","1454.37"
"Thu May 30 2024 13:15:00 GMT+0530 (India Standard Time)","1433.40","1435.75","1410.00","1428.70","1453.86","48.02","51.54","49.65","1434.52","79639.00","1455.88"
"Fri May 31 2024 09:15:00 GMT+0530 (India Standard Time)","1428.20","1435.00","1398.00","1417.70","1451.43","46.70","51.05","48.89","1435.27","158398.00","1456.85"
"Fri May 31 2024 13:15:00 GMT+0530 (India Standard Time)","1417.70","1447.95","1411.00","1415.00","1448.91","46.37","50.93","48.71","1438.67","193156.00","1458.25"
"Mon Jun 03 2024 09:15:00 GMT+0530 (India Standard Time)","1500.00","1520.00","1439.85","1449.00","1447.15","50.93","52.38","51.14","1443.44","244859.00","1460.66"
"Mon Jun 03 2024 13:15:00 GMT+0530 (India Standard Time)","1449.00","1454.70","1444.05","1453.00","1445.34","51.44","52.55","51.42","1446.31","88805.00","1462.22"
"Tue Jun 04 2024 09:15:00 GMT+0530 (India Standard Time)","1450.10","1452.00","1181.00","1353.70","1441.48","40.47","48.23","44.87","1444.52","751944.00","1455.96"
"Tue Jun 04 2024 13:15:00 GMT+0530 (India Standard Time)","1351.00","1377.00","1258.05","1348.00","1437.66","39.95","48.00","44.54","1442.51","286209.00","1446.56"
"Wed Jun 05 2024 09:15:00 GMT+0530 (India Standard Time)","1347.20","1421.85","1278.00","1387.35","1434.26","45.01","49.69","47.33","1441.34","595500.00","1437.15"
"Wed Jun 05 2024 13:15:00 GMT+0530 (India Standard Time)","1387.55","1387.65","1337.00","1350.00","1430.38","41.52","48.18","45.11","1439.93","206106.00","1427.69"
"Thu Jun 06 2024 09:15:00 GMT+0530 (India Standard Time)","1386.55","1419.00","1376.00","1403.95","1427.85","47.67","50.40","48.68","1440.19","290446.00","1421.63"
"Thu Jun 06 2024 13:15:00 GMT+0530 (India Standard Time)","1402.30","1412.00","1396.00","1403.00","1425.61","47.58","50.36","48.63","1439.80","89906.00","1415.16"
"Fri Jun 07 2024 09:15:00 GMT+0530 (India Standard Time)","1398.05","1456.00","1390.05","1451.90","1424.55","52.56","52.28","51.64","1440.33","241653.00","1412.24"
"Fri Jun 07 2024 13:15:00 GMT+0530 (India Standard Time)","1451.90","1471.45","1448.00","1465.00","1424.00","53.79","52.78","52.41","1440.29","148910.00","1410.88"
"Mon Jun 10 2024 09:15:00 GMT+0530 (India Standard Time)","1479.80","1525.00","1475.05","1489.75","1424.44","56.06","53.71","53.83","1439.40","412118.00","1412.57"
"Mon Jun 10 2024 13:15:00 GMT+0530 (India Standard Time)","1488.85","1498.65","1450.00","1472.95","1424.95","54.17","52.99","52.73","1436.11","126841.00","1414.41"
"Tue Jun 11 2024 09:15:00 GMT+0530 (India Standard Time)","1478.00","1507.00","1387.65","1433.65","1425.09","50.01","51.35","50.25","1431.85","1171589.00","1414.80"
"Tue Jun 11 2024 13:15:00 GMT+0530 (India Standard Time)","1433.65","1444.90","1428.40","1435.00","1425.77","50.15","51.40","50.34","1428.57","274803.00","1416.79"
"Wed Jun 12 2024 09:15:00 GMT+0530 (India Standard Time)","1440.00","1467.70","1431.05","1448.55","1426.70","51.56","51.93","51.17","1425.30","304359.00","1420.06"
"Wed Jun 12 2024 13:15:00 GMT+0530 (India Standard Time)","1447.50","1458.70","1441.05","1448.00","1427.20","51.50","51.91","51.13","1423.43","118067.00","1422.76"
"Thu Jun 13 2024 09:15:00 GMT+0530 (India Standard Time)","1459.90","1480.85","1440.00","1452.00","1427.72","51.94","52.07","51.39","1422.07","214256.00","1424.38"
"Thu Jun 13 2024 13:15:00 GMT+0530 (India Standard Time)","1453.35","1465.00","1450.10","1456.00","1428.91","52.39","52.23","51.65","1421.96","77961.00","1425.39"
"Fri Jun 14 2024 09:15:00 GMT+0530 (India Standard Time)","1455.30","1493.70","1441.00","1469.40","1430.49","53.93","52.78","52.52","1423.12","372268.00","1427.42"
"Fri Jun 14 2024 13:15:00 GMT+0530 (India Standard Time)","1469.40","1482.00","1469.00","1476.00","1432.36","54.68","53.05","52.96","1424.64","137435.00","1430.21"
"Tue Jun 18 2024 09:15:00 GMT+0530 (India Standard Time)","1490.00","1532.00","1463.25","1482.40","1434.22","55.42","53.31","53.38","1428.06","564116.00","1433.44"
"Tue Jun 18 2024 13:15:00 GMT+0530 (India Standard Time)","1483.70","1492.25","1469.20","1482.20","1437.31","55.39","53.30","53.36","1431.67","179417.00","1434.25"
"Wed Jun 19 2024 09:15:00 GMT+0530 (India Standard Time)","1485.00","1491.70","1441.00","1453.65","1439.74","51.26","51.96","51.19","1434.26","197461.00","1434.67"
"Wed Jun 19 2024 13:15:00 GMT+0530 (India Standard Time)","1453.65","1524.80","1443.10","1524.00","1442.37","59.15","54.81","55.75","1437.03","972966.00","1442.71"
"Thu Jun 20 2024 09:15:00 GMT+0530 (India Standard Time)","1544.00","1560.00","1515.60","1519.40","1445.35","58.50","54.60","55.40","1440.43","736029.00","1452.04"
"Thu Jun 20 2024 13:15:00 GMT+0530 (India Standard Time)","1519.15","1534.50","1510.05","1513.00","1448.01","57.57","54.29","54.91","1443.80","213677.00","1459.13"
"Fri Jun 21 2024 09:15:00 GMT+0530 (India Standard Time)","1525.00","1528.00","1478.00","1484.30","1450.01","53.59","52.95","52.76","1446.65","224463.00","1465.68"
"Fri Jun 21 2024 13:15:00 GMT+0530 (India Standard Time)","1484.30","1498.50","1480.00","1490.35","1451.87","54.29","53.20","53.16","1448.98","133385.00","1469.92"
"Mon Jun 24 2024 09:15:00 GMT+0530 (India Standard Time)","1477.65","1499.10","1455.00","1477.65","1453.56","52.54","52.60","52.21","1449.25","191380.00","1473.44"
"Mon Jun 24 2024 13:15:00 GMT+0530 (India Standard Time)","1478.00","1482.00","1465.20","1477.00","1454.79","52.45","52.57","52.16","1450.11","79365.00","1475.24"
"Tue Jun 25 2024 09:15:00 GMT+0530 (India Standard Time)","1481.90","1517.45","1475.00","1508.00","1456.46","56.24","53.88","54.27","1456.23","173367.00","1477.13"
"Tue Jun 25 2024 13:15:00 GMT+0530 (India Standard Time)","1508.00","1520.00","1484.80","1495.00","1457.11","54.33","53.25","53.25","1462.38","227543.00","1477.31"
"Wed Jun 26 2024 09:15:00 GMT+0530 (India Standard Time)","1499.80","1522.00","1484.25","1500.00","1456.53","54.95","53.46","53.60","1467.37","213092.00","1478.64"
"Wed Jun 26 2024 13:15:00 GMT+0530 (India Standard Time)","1500.00","1515.00","1498.00","1504.00","1455.31","55.45","53.63","53.88","1472.63","136637.00","1481.73"
"Thu Jun 27 2024 09:15:00 GMT+0530 (India Standard Time)","1509.00","1545.00","1492.00","1497.75","1454.38","54.45","53.32","53.36","1476.63","252589.00","1485.17"
"Thu Jun 27 2024 13:15:00 GMT+0530 (India Standard Time)","1497.75","1510.00","1480.00","1508.00","1453.85","55.82","53.77","54.10","1480.05","131735.00","1487.67"
"Fri Jun 28 2024 09:15:00 GMT+0530 (India Standard Time)","1518.80","1519.00","1494.00","1497.70","1453.10","54.10","53.25","53.23","1482.58","132837.00","1490.20"
"Fri Jun 28 2024 13:15:00 GMT+0530 (India Standard Time)","1498.35","1502.00","1480.50","1484.00","1452.88","51.87","52.56","52.08","1483.56","85128.00","1491.70"
"Mon Jul 01 2024 09:15:00 GMT+0530 (India Standard Time)","1480.00","1486.00","1451.20","1459.85","1452.35","48.19","51.36","50.12","1482.45","303015.00","1492.05"
"Mon Jul 01 2024 13:15:00 GMT+0530 (India Standard Time)","1459.00","1467.00","1455.05","1462.00","1452.39","48.53","51.46","50.29","1482.01","86028.00","1491.73"
"Tue Jul 02 2024 09:15:00 GMT+0530 (India Standard Time)","1460.50","1498.90","1460.50","1480.80","1453.29","51.47","52.33","51.78","1483.34","236020.00","1491.94"
"Tue Jul 02 2024 13:15:00 GMT+0530 (India Standard Time)","1480.55","1493.85","1476.45","1493.00","1454.43","53.28","52.89","52.73","1485.18","81636.00","1491.90"
"Wed Jul 03 2024 09:15:00 GMT+0530 (India Standard Time)","1500.85","1603.00","1487.00","1543.40","1457.43","59.81","55.11","56.36","1488.59","1949446.00","1494.88"
"Wed Jul 03 2024 13:15:00 GMT+0530 (India Standard Time)","1543.40","1545.00","1515.35","1533.00","1460.46","58.05","54.57","55.46","1491.51","294265.00","1498.29"
"Thu Jul 04 2024 09:15:00 GMT+0530 (India Standard Time)","1534.55","1549.00","1514.85","1527.00","1463.20","57.04","54.26","54.93","1494.11","249000.00","1499.51"
"Thu Jul 04 2024 13:15:00 GMT+0530 (India Standard Time)","1527.00","1539.40","1520.00","1527.00","1465.33","57.04","54.26","54.93","1496.67","95336.00","1499.49"
"Fri Jul 05 2024 09:15:00 GMT+0530 (India Standard Time)","1522.20","1523.90","1484.75","1496.95","1466.63","52.02","52.69","52.32","1497.88","245241.00","1498.68"
"Fri Jul 05 2024 13:15:00 GMT+0530 (India Standard Time)","1496.95","1497.50","1489.25","1497.50","1468.02","52.10","52.72","52.36","1498.56","112113.00","1498.77"
"Mon Jul 08 2024 09:15:00 GMT+0530 (India Standard Time)","1497.45","1498.00","1456.00","1462.55","1469.07","46.82","50.95","49.46","1497.83","216932.00","1497.82"
"Mon Jul 08 2024 13:15:00 GMT+0530 (India Standard Time)","1462.55","1467.40","1459.00","1462.45","1469.89","46.81","50.94","49.45","1497.18","93958.00","1497.12"
"Tue Jul 09 2024 09:15:00 GMT+0530 (India Standard Time)","1476.45","1476.95","1435.00","1454.00","1469.70","45.58","50.52","48.76","1496.94","215926.00","1496.16"
"Tue Jul 09 2024 13:15:00 GMT+0530 (India Standard Time)","1454.00","1483.00","1441.60","1478.00","1470.08","49.53","51.68","50.77","1495.88","164111.00","1494.64"
"Wed Jul 10 2024 09:15:00 GMT+0530 (India Standard Time)","1477.00","1483.95","1422.40","1424.45","1472.15","42.32","49.05","46.58","1492.73","206353.00","1491.78"
"Wed Jul 10 2024 13:15:00 GMT+0530 (India Standard Time)","1423.25","1430.60","1414.00","1423.70","1473.96","42.23","49.02","46.53","1489.29","162107.00","1488.04"
"Thu Jul 11 2024 09:15:00 GMT+0530 (India Standard Time)","1435.10","1453.50","1427.05","1434.70","1475.33","44.07","49.56","47.47","1487.20","405252.00","1484.82"
"Thu Jul 11 2024 13:15:00 GMT+0530 (India Standard Time)","1435.60","1436.55","1420.00","1425.60","1476.75","42.89","49.12","46.77","1484.98","197441.00","1480.95"
"Fri Jul 12 2024 09:15:00 GMT+0530 (India Standard Time)","1423.90","1424.65","1397.00","1402.00","1476.86","39.96","47.99","45.00","1482.50","296212.00","1476.42"
"Fri Jul 12 2024 13:15:00 GMT+0530 (India Standard Time)","1402.00","1408.00","1401.00","1405.00","1476.89","40.50","48.14","45.27","1480.00","100048.00","1471.79"
"Mon Jul 15 2024 09:15:00 GMT+0530 (India Standard Time)","1410.00","1432.80","1407.05","1422.70","1476.56","43.65","49.05","46.86","1477.17","171316.00","1468.63"
"Mon Jul 15 2024 13:15:00 GMT+0530 (India Standard Time)","1422.70","1451.60","1419.25","1447.30","1476.14","47.70","50.29","48.97","1475.01","150846.00","1467.54"
"Tue Jul 16 2024 09:15:00 GMT+0530 (India Standard Time)","1464.00","1469.00","1440.10","1444.95","1475.24","47.36","50.17","48.78","1473.19","178560.00","1466.98"
"Tue Jul 16 2024 13:15:00 GMT+0530 (India Standard Time)","1444.95","1447.85","1433.35","1444.00","1474.61","47.21","50.12","48.70","1470.91","84922.00","1465.17"
"Thu Jul 18 2024 09:15:00 GMT+0530 (India Standard Time)","1449.00","1457.40","1409.25","1424.90","1474.39","44.38","49.15","47.13","1468.01","193468.00","1462.32"
"Thu Jul 18 2024 13:15:00 GMT+0530 (India Standard Time)","1424.90","1427.00","1403.00","1416.40","1473.98","43.17","48.72","46.44","1465.02","92078.00","1456.20"
"Fri Jul 19 2024 09:15:00 GMT+0530 (India Standard Time)","1400.00","1419.90","1365.00","1374.15","1472.67","37.79","46.66","43.21","1460.83","231497.00","1449.14"
"Fri Jul 19 2024 13:15:00 GMT+0530 (India Standard Time)","1374.15","1381.00","1360.10","1370.00","1471.10","37.31","46.46","42.91","1456.60","89910.00","1441.56"
"Mon Jul 22 2024 09:15:00 GMT+0530 (India Standard Time)","1360.00","1399.00","1339.70","1387.85","1469.55","40.71","47.43","44.62","1453.38","123373.00","1434.43"
"Mon Jul 22 2024 13:15:00 GMT+0530 (India Standard Time)","1387.85","1414.00","1385.35","1412.80","1468.53","45.08","48.75","46.90","1451.34","67436.00","1429.93"
"Tue Jul 23 2024 09:15:00 GMT+0530 (India Standard Time)","1416.00","1417.80","1335.00","1379.30","1466.72","40.83","47.13","44.38","1447.67","240984.00","1424.33"
"Tue Jul 23 2024 13:15:00 GMT+0530 (India Standard Time)","1379.30","1395.25","1368.10","1394.50","1464.97","43.37","47.93","45.74","1444.03","75661.00","1420.44"
"Wed Jul 24 2024 09:15:00 GMT+0530 (India Standard Time)","1385.00","1422.60","1380.55","1417.40","1463.36","46.97","49.11","47.73","1439.12","131018.00","1417.90"
"Wed Jul 24 2024 13:15:00 GMT+0530 (India Standard Time)","1417.40","1420.90","1409.40","1415.45","1462.04","46.71","49.02","47.57","1434.98","75113.00","1416.01"
"Thu Jul 25 2024 09:15:00 GMT+0530 (India Standard Time)","1408.00","1414.50","1387.60","1393.90","1460.79","43.83","47.96","45.91","1430.28","84486.00","1412.55"
"Thu Jul 25 2024 13:15:00 GMT+0530 (India Standard Time)","1393.90","1397.50","1387.00","1392.00","1458.55","43.58","47.87","45.76","1425.40","38713.00","1410.33"
"Fri Jul 26 2024 09:15:00 GMT+0530 (India Standard Time)","1394.25","1407.55","1385.75","1393.10","1455.87","43.78","47.93","45.86","1421.60","98374.00","1408.99"
"Fri Jul 26 2024 13:15:00 GMT+0530 (India Standard Time)","1393.00","1395.70","1386.00","1389.95","1453.33","43.33","47.77","45.61","1417.88","53576.00","1406.75"
"Mon Jul 29 2024 09:15:00 GMT+0530 (India Standard Time)","1401.00","1415.00","1390.65","1393.75","1451.42","44.05","47.98","45.98","1415.29","118679.00","1405.38"
"Mon Jul 29 2024 13:15:00 GMT+0530 (India Standard Time)","1393.75","1397.00","1377.85","1382.00","1449.32","42.30","47.37","45.01","1412.53","80786.00","1404.35"
"Tue Jul 30 2024 09:15:00 GMT+0530 (India Standard Time)","1391.35","1451.00","1383.05","1438.35","1448.33","51.94","50.42","50.21","1411.42","345632.00","1405.44"
"Tue Jul 30 2024 13:15:00 GMT+0530 (India Standard Time)","1438.35","1440.65","1430.10","1435.00","1447.53","51.40","50.24","49.92","1410.26","80265.00","1406.10"
"Wed Jul 31 2024 09:15:00 GMT+0530 (India Standard Time)","1448.75","1478.00","1430.95","1447.20","1446.50","53.25","50.88","50.97","1410.56","300021.00","1406.55"
"Wed Jul 31 2024 13:15:00 GMT+0530 (India Standard Time)","1447.20","1467.30","1383.10","1389.40","1444.67","44.79","47.93","46.23","1410.23","566702.00","1404.53"
"Thu Aug 01 2024 09:15:00 GMT+0530 (India Standard Time)","1385.10","1392.10","1360.00","1368.25","1442.08","42.21","46.91","44.66","1407.91","323592.00","1401.19"
"Thu Aug 01 2024 13:15:00 GMT+0530 (India Standard Time)","1368.25","1369.25","1355.70","1361.80","1439.22","41.45","46.60","44.19","1405.58","134639.00","1398.00"
"Fri Aug 02 2024 09:15:00 GMT+0530 (India Standard Time)","1351.00","1367.05","1337.20","1347.75","1436.06","39.80","45.94","43.17","1403.54","184097.00","1394.87"
"Fri Aug 02 2024 13:15:00 GMT+0530 (India Standard Time)","1346.75","1353.65","1340.05","1350.00","1433.00","40.20","46.06","43.39","1401.51","75768.00","1393.21"
"Mon Aug 05 2024 09:15:00 GMT+0530 (India Standard Time)","1324.80","1330.00","1278.75","1293.00","1428.93","34.17","43.46","39.50","1397.21","274154.00","1389.80"
"Mon Aug 05 2024 13:15:00 GMT+0530 (India Standard Time)","1293.05","1299.95","1270.25","1276.00","1424.79","32.64","42.73","38.44","1391.59","105607.00","1385.13"
"Tue Aug 06 2024 09:15:00 GMT+0530 (India Standard Time)","1299.85","1337.75","1280.00","1287.05","1421.46","34.64","43.36","39.53","1386.25","268899.00","1379.97"
"Tue Aug 06 2024 13:15:00 GMT+0530 (India Standard Time)","1287.05","1287.90","1261.65","1274.00","1417.72","33.41","42.79","38.70","1380.27","163182.00","1375.05"
"Wed Aug 07 2024 09:15:00 GMT+0530 (India Standard Time)","1289.85","1307.70","1276.00","1299.85","1414.03","37.99","44.26","41.20","1375.42","112106.00","1370.66"
"Wed Aug 07 2024 13:15:00 GMT+0530 (India Standard Time)","1299.85","1308.00","1297.45","1307.00","1410.35","39.21","44.67","41.88","1371.44","47690.00","1365.67"
"Thu Aug 08 2024 09:15:00 GMT+0530 (India Standard Time)","1305.00","1321.60","1301.70","1304.75","1405.63","38.96","44.56","41.72","1368.69","95594.00","1360.57"
"Thu Aug 08 2024 13:15:00 GMT+0530 (India Standard Time)","1304.75","1310.40","1295.00","1310.40","1401.13","39.97","44.89","42.27","1366.37","52314.00","1356.24"
"Fri Aug 09 2024 09:15:00 GMT+0530 (India Standard Time)","1315.35","1327.50","1287.00","1288.00","1396.49","37.38","43.85","40.70","1363.70","181221.00","1351.74"
"Fri Aug 09 2024 13:15:00 GMT+0530 (India Standard Time)","1288.90","1297.50","1284.00","1288.80","1391.72","37.53","43.90","40.78","1359.63","102814.00","1346.74"
"Mon Aug 12 2024 09:15:00 GMT+0530 (India Standard Time)","1284.10","1314.00","1262.00","1304.55","1387.63","40.52","44.83","42.38","1356.64","159151.00","1342.26"
"Mon Aug 12 2024 13:15:00 GMT+0530 (India Standard Time)","1304.55","1310.85","1291.35","1300.00","1383.73","39.94","44.61","42.04","1353.59","72572.00","1337.60"
"Tue Aug 13 2024 09:15:00 GMT+0530 (India Standard Time)","1297.00","1299.00","1275.00","1277.00","1379.98","37.12","43.52","40.38","1349.19","118048.00","1332.71"
"Tue Aug 13 2024 13:15:00 GMT+0530 (India Standard Time)","1277.00","1280.00","1252.05","1269.95","1376.08","36.30","43.20","39.88","1343.91","113501.00","1325.11"
"Wed Aug 14 2024 09:15:00 GMT+0530 (India Standard Time)","1272.00","1279.75","1245.00","1249.30","1372.10","33.98","42.25","38.45","1338.89","112313.00","1316.57"
"Wed Aug 14 2024 13:15:00 GMT+0530 (India Standard Time)","1249.30","1250.15","1227.55","1240.05","1367.48","32.99","41.83","37.83","1333.43","154017.00","1306.50"
"Fri Aug 16 2024 09:15:00 GMT+0530 (India Standard Time)","1245.00","1280.00","1245.00","1264.75","1363.98","38.05","43.36","40.48","1328.70","182544.00","1299.66"
"Fri Aug 16 2024 13:15:00 GMT+0530 (India Standard Time)","1264.75","1265.40","1261.00","1263.00","1360.78","37.84","43.27","40.35","1324.15","72340.00","1294.47"
"Mon Aug 19 2024 09:15:00 GMT+0530 (India Standard Time)","1292.20","1309.95","1274.00","1276.65","1357.72","40.56","44.11","41.80","1320.12","270805.00","1290.76"
"Mon Aug 19 2024 13:15:00 GMT+0530 (India Standard Time)","1276.70","1323.00","1275.90","1315.85","1355.33","47.50","46.43","45.69","1317.24","285219.00","1288.75"
"Tue Aug 20 2024 09:15:00 GMT+0530 (India Standard Time)","1316.80","1354.00","1315.05","1329.95","1353.85","49.72","47.23","47.01","1313.98","286407.00","1287.98"
"Tue Aug 20 2024 13:15:00 GMT+0530 (India Standard Time)","1328.80","1331.30","1300.00","1309.40","1352.00","46.70","46.21","45.36","1309.64","125642.00","1288.63"
"Wed Aug 21 2024 09:15:00 GMT+0530 (India Standard Time)","1308.00","1318.95","1295.60","1314.55","1349.80","47.54","46.50","45.85","1304.55","115076.00","1290.08"
"Wed Aug 21 2024 13:15:00 GMT+0530 (India Standard Time)","1314.55","1335.00","1307.10","1332.05","1347.50","50.32","47.50","47.49","1301.39","107278.00","1291.44"
"Thu Aug 22 2024 09:15:00 GMT+0530 (India Standard Time)","1338.60","1339.70","1315.25","1318.90","1344.97","48.30","46.83","46.40","1299.65","136119.00","1293.76"
"Thu Aug 22 2024 13:15:00 GMT+0530 (India Standard Time)","1318.90","1326.50","1315.55","1321.95","1342.55","48.80","47.01","46.69","1298.18","70083.00","1294.99"
"Fri Aug 23 2024 09:15:00 GMT+0530 (India Standard Time)","1323.10","1326.70","1306.00","1308.65","1340.22","46.73","46.33","45.59","1296.87","105047.00","1295.35"
"Fri Aug 23 2024 13:15:00 GMT+0530 (India Standard Time)","1308.65","1317.80","1301.50","1310.00","1338.10","46.97","46.41","45.72","1295.51","93541.00","1295.43"
"Mon Aug 26 2024 09:15:00 GMT+0530 (India Standard Time)","1313.00","1316.80","1291.10","1301.80","1336.49","45.65","45.98","45.03","1295.60","157844.00","1295.25"
"Mon Aug 26 2024 13:15:00 GMT+0530 (India Standard Time)","1302.00","1309.95","1295.10","1299.95","1335.11","45.35","45.88","44.87","1296.30","78548.00","1295.42"
"Tue Aug 27 2024 09:15:00 GMT+0530 (India Standard Time)","1304.95","1318.80","1298.85","1302.85","1333.66","45.94","46.06","45.18","1296.49","83776.00","1296.19"
"Tue Aug 27 2024 13:15:00 GMT+0530 (India Standard Time)","1302.85","1313.00","1293.00","1312.00","1331.68","47.79","46.64","46.16","1297.61","76050.00","1296.72"
"Wed Aug 28 2024 09:15:00 GMT+0530 (India Standard Time)","1299.90","1307.00","1273.00","1273.70","1329.76","41.53","44.61","42.85","1297.26","230619.00","1295.83"
"Wed Aug 28 2024 13:15:00 GMT+0530 (India Standard Time)","1273.70","1277.50","1265.05","1272.00","1327.43","41.28","44.53","42.71","1296.09","119556.00","1295.34"
"Thu Aug 29 2024 09:15:00 GMT+0530 (India Standard Time)","1270.00","1284.00","1262.40","1271.95","1324.70","41.27","44.52","42.70","1294.78","107231.00","1295.56"
"Thu Aug 29 2024 13:15:00 GMT+0530 (India Standard Time)","1272.00","1276.75","1262.15","1270.00","1321.78","40.96","44.42","42.53","1293.51","77028.00","1296.22"
"Fri Aug 30 2024 09:15:00 GMT+0530 (India Standard Time)","1274.90","1281.50","1264.00","1278.60","1319.35","42.97","44.99","43.55","1292.58","62414.00","1297.94"
"Fri Aug 30 2024 13:15:00 GMT+0530 (India Standard Time)","1278.60","1295.00","1276.85","1294.60","1317.31","46.53","46.05","45.39","1292.53","103032.00","1299.21"
"Mon Sep 02 2024 09:15:00 GMT+0530 (India Standard Time)","1294.60","1295.00","1265.00","1269.10","1314.91","42.13","44.66","43.08","1291.92","105386.00","1299.76"
"Mon Sep 02 2024 13:15:00 GMT+0530 (India Standard Time)","1269.10","1274.15","1265.40","1269.75","1312.49","42.28","44.70","43.16","1290.81","65606.00","1299.06"
"Tue Sep 03 2024 09:15:00 GMT+0530 (India Standard Time)","1277.95","1291.65","1270.90","1281.50","1310.15","44.91","45.49","44.53","1290.73","108352.00","1297.81"
"Tue Sep 03 2024 13:15:00 GMT+0530 (India Standard Time)","1281.50","1309.75","1279.50","1293.00","1308.34","47.38","46.25","45.84","1291.69","156651.00","1295.98"
"Wed Sep 04 2024 09:15:00 GMT+0530 (India Standard Time)","1292.00","1303.80","1278.25","1281.00","1305.50","45.16","45.57","44.71","1292.75","118261.00","1294.72"
"Wed Sep 04 2024 13:15:00 GMT+0530 (India Standard Time)","1281.00","1285.65","1276.95","1278.50","1302.40","44.71","45.43","44.47","1294.21","70137.00","1293.25"
"Thu Sep 05 2024 09:15:00 GMT+0530 (India Standard Time)","1281.05","1289.95","1265.10","1269.95","1298.86","43.14","44.95","43.66","1294.63","195489.00","1290.73"
"Thu Sep 05 2024 13:15:00 GMT+0530 (India Standard Time)","1270.00","1281.00","1267.05","1276.00","1296.21","44.58","45.37","44.40","1295.05","101917.00","1288.44"
"Fri Sep 06 2024 09:15:00 GMT+0530 (India Standard Time)","1282.05","1299.95","1262.00","1263.25","1294.21","42.21","44.64","43.17","1294.63","121562.00","1286.09"
"Fri Sep 06 2024 13:15:00 GMT+0530 (India Standard Time)","1263.25","1271.20","1260.00","1263.05","1292.25","42.17","44.63","43.15","1293.19","65558.00","1283.79"
"Mon Sep 09 2024 09:15:00 GMT+0530 (India Standard Time)","1262.90","1264.15","1225.05","1234.30","1290.04","37.24","43.01","40.49","1289.91","123412.00","1280.44"
"Mon Sep 09 2024 13:15:00 GMT+0530 (India Standard Time)","1234.30","1242.00","1231.05","1242.00","1287.86","39.24","43.57","41.48","1287.23","46734.00","1277.41"
"Tue Sep 10 2024 09:15:00 GMT+0530 (India Standard Time)","1265.00","1278.00","1243.00","1245.00","1286.94","40.02","43.79","41.87","1285.28","180428.00","1275.10"
"Tue Sep 10 2024 13:15:00 GMT+0530 (India Standard Time)","1245.00","1268.00","1244.00","1260.05","1286.49","43.82","44.87","43.80","1282.88","90802.00","1272.83"
"Wed Sep 11 2024 09:15:00 GMT+0530 (India Standard Time)","1252.00","1269.90","1251.20","1253.20","1285.67","42.53","44.48","43.13","1280.50","100009.00","1270.41"
"Wed Sep 11 2024 13:15:00 GMT+0530 (India Standard Time)","1253.20","1255.95","1247.00","1251.00","1285.21","42.11","44.35","42.92","1278.00","45747.00","1268.96"
"Thu Sep 12 2024 09:15:00 GMT+0530 (India Standard Time)","1265.00","1268.00","1246.00","1246.50","1284.32","41.24","44.08","42.47","1275.85","64521.00","1268.01"
"Thu Sep 12 2024 13:15:00 GMT+0530 (India Standard Time)","1246.50","1251.50","1245.00","1249.75","1283.21","42.15","44.33","42.91","1273.67","50158.00","1266.89"
"Fri Sep 13 2024 09:15:00 GMT+0530 (India Standard Time)","1255.95","1262.00","1245.00","1252.30","1282.10","42.88","44.52","43.26","1271.88","71583.00","1266.09"
"Fri Sep 13 2024 13:15:00 GMT+0530 (India Standard Time)","1252.30","1255.00","1249.00","1253.00","1281.02","43.08","44.58","43.36","1270.12","42099.00","1264.98"
"Mon Sep 16 2024 09:15:00 GMT+0530 (India Standard Time)","1256.50","1298.20","1249.10","1291.10","1280.71","52.80","47.42","48.41","1269.14","310190.00","1264.61"
"Mon Sep 16 2024 13:15:00 GMT+0530 (India Standard Time)","1291.10","1329.00","1287.15","1328.00","1281.28","59.79","49.95","52.61","1269.45","448007.00","1266.68"
"Tue Sep 17 2024 09:15:00 GMT+0530 (India Standard Time)","1333.45","1369.05","1325.45","1360.25","1282.43","64.60","52.01","55.85","1271.84","703239.00","1270.68"
"Tue Sep 17 2024 13:15:00 GMT+0530 (India Standard Time)","1360.25","1376.00","1356.30","1368.00","1283.76","65.63","52.49","56.58","1275.25","323412.00","1274.76"
"Wed Sep 18 2024 09:15:00 GMT+0530 (India Standard Time)","1371.85","1398.00","1350.05","1373.00","1285.59","66.30","52.80","57.06","1278.85","387952.00","1278.55"
"Wed Sep 18 2024 13:15:00 GMT+0530 (India Standard Time)","1373.00","1373.85","1342.35","1347.90","1287.29","60.14","51.10","54.02","1281.89","110962.00","1281.74"
"Thu Sep 19 2024 09:15:00 GMT+0530 (India Standard Time)","1355.95","1358.00","1297.95","1313.90","1288.59","53.11","48.93","50.29","1283.62","191015.00","1283.70"
"Thu Sep 19 2024 13:15:00 GMT+0530 (India Standard Time)","1313.90","1336.00","1310.65","1334.00","1290.38","56.28","50.20","52.29","1284.98","55672.00","1286.31"
"Fri Sep 20 2024 09:15:00 GMT+0530 (India Standard Time)","1330.00","1388.05","1311.65","1366.25","1292.26","60.75","52.15","55.27","1287.80","314911.00","1290.27"
"Fri Sep 20 2024 13:15:00 GMT+0530 (India Standard Time)","1366.25","1425.00","1320.50","1414.95","1294.88","66.23","54.86","59.22","1291.98","1345737.00","1296.06"
"Mon Sep 23 2024 09:15:00 GMT+0530 (India Standard Time)","1428.60","1464.90","1420.00","1437.90","1298.00","68.41","56.06","60.89","1297.68","701864.00","1304.44"
"Mon Sep 23 2024 13:15:00 GMT+0530 (India Standard Time)","1437.90","1449.00","1436.00","1444.80","1300.72","69.04","56.41","61.38","1303.01","148090.00","1314.16"
"Tue Sep 24 2024 09:15:00 GMT+0530 (India Standard Time)","1448.95","1453.00","1430.60","1444.70","1302.94","69.02","56.41","61.37","1308.55","243821.00","1323.87"
"Tue Sep 24 2024 13:15:00 GMT+0530 (India Standard Time)","1444.70","1449.00","1440.00","1447.00","1305.60","69.24","56.53","61.54","1314.44","79329.00","1333.06"
"Wed Sep 25 2024 09:15:00 GMT+0530 (India Standard Time)","1445.50","1445.95","1421.45","1426.35","1307.98","64.79","55.13","59.14","1320.02","128537.00","1341.26"
"Wed Sep 25 2024 13:15:00 GMT+0530 (India Standard Time)","1426.35","1433.90","1422.15","1427.00","1310.00","64.87","55.17","59.19","1325.48","44450.00","1349.38"
"Thu Sep 26 2024 09:15:00 GMT+0530 (India Standard Time)","1427.80","1427.80","1392.15","1406.40","1311.70","60.59","53.79","56.85","1330.26","165297.00","1356.85"
"Thu Sep 26 2024 13:15:00 GMT+0530 (India Standard Time)","1406.40","1417.80","1402.95","1417.80","1313.56","62.05","54.43","57.80","1335.55","64252.00","1364.59"
"Fri Sep 27 2024 09:15:00 GMT+0530 (India Standard Time)","1411.90","1432.00","1410.00","1418.60","1315.70","62.15","54.48","57.86","1341.94","116751.00","1372.72"
"Fri Sep 27 2024 13:15:00 GMT+0530 (India Standard Time)","1418.95","1425.00","1416.00","1420.00","1317.91","62.34","54.56","57.98","1348.44","49518.00","1380.69"
"Mon Sep 30 2024 09:15:00 GMT+0530 (India Standard Time)","1418.00","1418.00","1390.15","1400.75","1319.90","58.18","53.25","55.74","1353.72","108209.00","1387.83"
"Mon Sep 30 2024 13:15:00 GMT+0530 (India Standard Time)","1400.70","1400.75","1384.05","1397.70","1321.78","57.54","53.04","55.39","1358.60","81165.00","1393.19"
"Tue Oct 01 2024 09:15:00 GMT+0530 (India Standard Time)","1396.05","1413.50","1389.40","1398.85","1323.66","57.72","53.11","55.50","1363.69","107117.00","1397.10"
"Tue Oct 01 2024 13:15:00 GMT+0530 (India Standard Time)","1398.85","1399.45","1385.00","1385.00","1325.29","54.72","52.16","53.88","1368.64","63792.00","1398.76"
"Thu Oct 03 2024 09:15:00 GMT+0530 (India Standard Time)","1368.60","1389.80","1355.00","1368.25","1327.05","51.34","51.04","51.99","1372.83","149722.00","1398.92"
"Thu Oct 03 2024 13:15:00 GMT+0530 (India Standard Time)","1368.25","1376.00","1360.80","1376.00","1329.07","52.76","51.53","52.78","1377.20","67522.00","1398.85"
"Fri Oct 04 2024 09:15:00 GMT+0530 (India Standard Time)","1370.60","1370.60","1326.00","1327.70","1330.37","44.30","48.46","47.76","1380.35","516706.00","1398.14"
"Fri Oct 04 2024 13:15:00 GMT+0530 (India Standard Time)","1327.70","1331.80","1315.00","1324.00","1331.45","43.74","48.23","47.41","1382.90","173356.00","1398.27"
"Mon Oct 07 2024 09:15:00 GMT+0530 (India Standard Time)","1321.50","1334.00","1285.00","1289.10","1331.93","38.84","46.18","44.22","1383.73","206228.00","1396.87"
"Mon Oct 07 2024 13:15:00 GMT+0530 (India Standard Time)","1289.10","1295.00","1273.55","1280.00","1331.76","37.69","45.66","43.44","1382.59","202567.00","1393.26"
"Tue Oct 08 2024 09:15:00 GMT+0530 (India Standard Time)","1280.70","1295.70","1262.00","1276.90","1331.83","37.29","45.48","43.17","1379.97","174330.00","1387.74"
"Tue Oct 08 2024 13:15:00 GMT+0530 (India Standard Time)","1276.90","1294.00","1270.40","1290.00","1332.16","40.09","46.37","44.65","1377.04","60837.00","1380.40"
"Wed Oct 09 2024 09:15:00 GMT+0530 (India Standard Time)","1304.00","1359.00","1299.05","1346.85","1333.29","50.21","49.99","50.43","1375.66","305610.00","1375.36"
"Wed Oct 09 2024 13:15:00 GMT+0530 (India Standard Time)","1346.85","1359.95","1339.20","1355.00","1334.46","51.45","50.48","51.18","1375.54","113610.00","1371.03"
"Thu Oct 10 2024 09:15:00 GMT+0530 (India Standard Time)","1360.00","1365.40","1345.00","1347.70","1335.77","50.27","50.03","50.48","1376.59","90428.00","1366.54"
"Thu Oct 10 2024 13:15:00 GMT+0530 (India Standard Time)","1347.70","1351.95","1343.05","1350.00","1337.14","50.65","50.17","50.70","1377.36","33734.00","1362.67"
"Fri Oct 11 2024 09:15:00 GMT+0530 (India Standard Time)","1355.00","1356.20","1342.05","1347.05","1338.63","50.14","49.99","50.40","1377.11","43650.00","1358.89"
"Fri Oct 11 2024 13:15:00 GMT+0530 (India Standard Time)","1347.05","1348.45","1340.10","1344.00","1340.01","49.60","49.80","50.09","1375.59","25764.00","1355.84"
"Mon Oct 14 2024 09:15:00 GMT+0530 (India Standard Time)","1348.90","1354.00","1330.05","1333.55","1341.33","47.76","49.14","49.03","1371.95","54579.00","1352.21"
"Mon Oct 14 2024 13:15:00 GMT+0530 (India Standard Time)","1333.80","1344.90","1332.35","1339.00","1342.82","48.80","49.49","49.60","1368.22","30290.00","1348.35"
"Tue Oct 15 2024 09:15:00 GMT+0530 (India Standard Time)","1341.00","1353.00","1332.10","1347.85","1344.93","50.48","50.07","50.53","1364.71","59054.00","1344.78"
"Tue Oct 15 2024 13:15:00 GMT+0530 (India Standard Time)","1347.85","1349.65","1340.00","1348.50","1347.08","50.61","50.11","50.60","1361.16","30821.00","1342.12"
"Wed Oct 16 2024 09:15:00 GMT+0530 (India Standard Time)","1342.20","1421.30","1331.00","1414.00","1349.93","61.03","54.13","56.84","1359.64","876877.00","1342.12"
"Wed Oct 16 2024 13:15:00 GMT+0530 (India Standard Time)","1414.00","1435.00","1411.35","1422.00","1353.22","62.06","54.58","57.51","1359.47","556772.00","1343.19"
"Thu Oct 17 2024 09:15:00 GMT+0530 (India Standard Time)","1425.00","1437.05","1387.00","1395.00","1356.15","56.76","52.78","54.56","1359.38","185577.00","1343.90"
"Thu Oct 17 2024 13:15:00 GMT+0530 (India Standard Time)","1395.00","1400.00","1385.00","1393.00","1358.98","56.38","52.65","54.34","1358.66","57868.00","1344.97"
"Fri Oct 18 2024 09:15:00 GMT+0530 (India Standard Time)","1382.80","1382.80","1344.90","1369.50","1361.28","52.14","51.14","51.90","1356.71","92333.00","1344.71"
"Fri Oct 18 2024 13:15:00 GMT+0530 (India Standard Time)","1369.30","1388.50","1367.85","1388.50","1363.97","55.01","52.27","53.63","1355.33","35687.00","1346.86"
"Mon Oct 21 2024 09:15:00 GMT+0530 (India Standard Time)","1390.00","1418.00","1390.00","1397.45","1366.92","56.31","52.79","54.43","1355.29","209139.00","1350.53"
"Mon Oct 21 2024 13:15:00 GMT+0530 (India Standard Time)","1397.45","1400.80","1373.65","1387.80","1369.62","54.53","52.16","53.41","1355.05","83032.00","1354.73"
"Tue Oct 22 2024 09:15:00 GMT+0530 (India Standard Time)","1383.55","1386.45","1305.00","1312.45","1370.56","43.30","47.65","46.43","1352.69","205354.00","1356.97"
"Tue Oct 22 2024 13:15:00 GMT+0530 (India Standard Time)","1312.45","1330.00","1297.20","1324.85","1370.58","45.25","48.40","47.59","1350.11","119103.00","1358.94"
"Wed Oct 23 2024 09:15:00 GMT+0530 (India Standard Time)","1290.00","1293.05","1241.35","1280.85","1368.99","40.11","46.03","44.11","1346.56","450524.00","1358.36"
"Wed Oct 23 2024 13:15:00 GMT+0530 (India Standard Time)","1280.85","1285.85","1270.00","1284.00","1367.26","40.62","46.22","44.41","1343.31","80926.00","1355.65"
"Thu Oct 24 2024 09:15:00 GMT+0530 (India Standard Time)","1284.00","1287.90","1267.10","1273.35","1365.30","39.44","45.66","43.60","1340.98","82782.00","1351.99"
"Thu Oct 24 2024 13:15:00 GMT+0530 (India Standard Time)","1273.35","1278.90","1263.60","1269.40","1363.65","38.99","45.45","43.30","1339.09","43841.00","1348.13"
"Fri Oct 25 2024 09:15:00 GMT+0530 (India Standard Time)","1269.00","1274.95","1225.50","1234.55","1362.08","35.32","43.66","40.73","1337.03","171547.00","1343.06"
"Fri Oct 25 2024 13:15:00 GMT+0530 (India Standard Time)","1234.55","1234.90","1216.80","1232.00","1360.08","35.07","43.54","40.55","1335.06","88996.00","1337.39"
"Mon Oct 28 2024 09:15:00 GMT+0530 (India Standard Time)","1194.05","1205.80","1128.40","1169.15","1356.28","29.57","40.56","36.45","1331.12","626250.00","1329.01"
"Mon Oct 28 2024 13:15:00 GMT+0530 (India Standard Time)","1169.15","1175.90","1167.05","1174.00","1351.86","30.45","40.88","36.96","1327.10","124847.00","1321.15"
"Tue Oct 29 2024 09:15:00 GMT+0530 (India Standard Time)","1152.50","1166.15","1115.50","1154.75","1346.01","28.94","40.02","35.80","1320.34","539025.00","1312.05"
"Tue Oct 29 2024 13:15:00 GMT+0530 (India Standard Time)","1154.75","1197.90","1150.00","1180.00","1340.68","33.49","41.66","38.41","1314.07","146019.00","1304.04"
"Wed Oct 30 2024 09:15:00 GMT+0530 (India Standard Time)","1166.05","1284.75","1163.65","1274.90","1336.81","46.91","47.20","46.79","1310.09","966133.00","1299.41"
"Wed Oct 30 2024 13:15:00 GMT+0530 (India Standard Time)","1274.90","1324.45","1270.00","1321.05","1334.07","51.87","49.57","50.18","1308.54","563119.00","1295.32"
"Thu Oct 31 2024 09:15:00 GMT+0530 (India Standard Time)","1304.80","1310.30","1282.20","1301.70","1331.45","49.82","48.64","48.84","1306.74","215106.00","1289.44"
"Thu Oct 31 2024 13:15:00 GMT+0530 (India Standard Time)","1301.70","1374.95","1288.05","1368.70","1329.90","56.12","51.84","53.28","1306.73","223830.00","1286.89"
"Fri Nov 01 2024 17:15:00 GMT+0530 (India Standard Time)","1349.15","1368.70","1340.00","1342.40","1328.71","53.36","50.58","51.48","1307.13","74648.00","1284.78"
"Mon Nov 04 2024 09:15:00 GMT+0530 (India Standard Time)","1343.05","1344.90","1282.25","1293.95","1326.50","48.72","48.38","48.37","1306.00","177691.00","1281.78"
"Mon Nov 04 2024 13:15:00 GMT+0530 (India Standard Time)","1293.95","1307.30","1289.65","1306.00","1324.15","49.86","48.94","49.15","1304.45","73090.00","1277.92"
"Tue Nov 05 2024 09:15:00 GMT+0530 (India Standard Time)","1302.25","1318.00","1291.00","1298.35","1321.77","49.13","48.60","48.67","1302.90","120536.00","1273.19"
"Tue Nov 05 2024 13:15:00 GMT+0530 (India Standard Time)","1298.35","1310.00","1297.65","1301.45","1319.78","49.45","48.75","48.88","1299.83","52808.00","1269.15"
"Wed Nov 06 2024 09:15:00 GMT+0530 (India Standard Time)","1305.70","1347.70","1305.70","1321.00","1318.35","51.43","49.68","50.20","1296.33","92652.00","1268.90"
"Wed Nov 06 2024 13:15:00 GMT+0530 (India Standard Time)","1321.00","1328.00","1320.00","1326.00","1316.85","51.93","49.91","50.54","1293.42","56926.00","1269.18"
"Thu Nov 07 2024 09:15:00 GMT+0530 (India Standard Time)","1333.45","1340.55","1314.85","1326.70","1315.62","52.01","49.95","50.58","1291.09","96423.00","1271.71"
"Thu Nov 07 2024 13:15:00 GMT+0530 (India Standard Time)","1326.70","1329.85","1310.85","1319.00","1314.61","51.11","49.57","50.03","1289.45","38727.00","1273.55"
"Fri Nov 08 2024 09:15:00 GMT+0530 (India Standard Time)","1322.95","1326.30","1299.65","1310.00","1313.40","50.04","49.14","49.39","1286.96","65776.00","1275.27"
"Fri Nov 08 2024 13:15:00 GMT+0530 (India Standard Time)","1310.00","1406.00","1290.10","1370.00","1313.82","56.41","52.00","53.50","1285.30","563290.00","1279.49"
"Mon Nov 11 2024 09:15:00 GMT+0530 (India Standard Time)","1359.05","1375.00","1325.00","1364.30","1314.49","55.70","51.72","53.08","1284.14","229048.00","1284.96"
"Mon Nov 11 2024 13:15:00 GMT+0530 (India Standard Time)","1364.30","1369.45","1329.55","1345.00","1315.44","53.32","50.77","51.66","1284.61","88917.00","1290.59"
"Tue Nov 12 2024 09:15:00 GMT+0530 (India Standard Time)","1340.55","1363.05","1331.05","1335.65","1316.63","52.18","50.32","50.98","1285.54","72573.00","1298.84"
"Tue Nov 12 2024 13:15:00 GMT+0530 (India Standard Time)","1335.65","1344.90","1293.90","1305.90","1317.32","48.72","48.90","48.88","1287.08","81570.00","1305.50"
"Wed Nov 13 2024 09:15:00 GMT+0530 (India Standard Time)","1303.95","1303.95","1230.15","1237.00","1316.64","41.95","45.85","44.52","1286.26","192962.00","1310.47"
"Wed Nov 13 2024 13:15:00 GMT+0530 (India Standard Time)","1237.00","1241.20","1225.00","1235.00","1314.57","41.78","45.76","44.40","1284.75","73980.00","1313.19"
"Thu Nov 14 2024 09:15:00 GMT+0530 (India Standard Time)","1228.25","1279.70","1228.25","1257.80","1312.64","44.57","46.90","46.08","1284.20","168901.00","1313.49"
"Thu Nov 14 2024 13:15:00 GMT+0530 (India Standard Time)","1257.80","1258.55","1236.05","1245.00","1310.53","43.35","46.34","45.29","1284.25","39345.00","1310.49"
"Mon Nov 18 2024 09:15:00 GMT+0530 (India Standard Time)","1243.50","1251.95","1223.00","1236.25","1308.29","42.51","45.97","44.75","1284.58","92839.00","1307.53"
"Mon Nov 18 2024 13:15:00 GMT+0530 (India Standard Time)","1237.45","1247.00","1197.65","1209.50","1305.65","40.02","44.83","43.14","1286.38","156977.00","1301.14"
"Tue Nov 19 2024 09:15:00 GMT+0530 (India Standard Time)","1212.95","1263.90","1206.65","1257.10","1303.69","45.93","47.20","46.66","1288.88","144132.00","1296.28"
"Tue Nov 19 2024 13:15:00 GMT+0530 (India Standard Time)","1257.10","1259.00","1233.45","1236.00","1301.76","43.92","46.30","45.38","1292.36","60603.00","1293.29"
"Thu Nov 21 2024 09:15:00 GMT+0530 (India Standard Time)","1237.95","1237.95","1186.30","1202.40","1299.13","40.91","44.92","43.42","1293.54","235953.00","1288.77"
"Thu Nov 21 2024 13:15:00 GMT+0530 (India Standard Time)","1203.35","1209.90","1197.00","1203.00","1296.29","40.99","44.95","43.47","1292.19","65293.00","1284.09"
"Fri Nov 22 2024 09:15:00 GMT+0530 (India Standard Time)","1205.65","1225.00","1199.90","1219.25","1293.67","43.06","45.76","44.69","1288.96","92217.00","1279.96"
"Fri Nov 22 2024 13:15:00 GMT+0530 (India Standard Time)","1219.30","1230.00","1218.00","1228.00","1290.29","44.17","46.19","45.34","1286.36","61226.00","1275.30"
"Mon Nov 25 2024 09:15:00 GMT+0530 (India Standard Time)","1250.00","1274.65","1246.25","1264.55","1287.09","48.57","47.97","47.98","1283.43","129433.00","1272.32"
"Mon Nov 25 2024 13:15:00 GMT+0530 (India Standard Time)","1264.55","1265.25","1252.50","1255.00","1284.16","47.54","47.55","47.36","1280.11","40001.00","1268.98"
"Tue Nov 26 2024 09:15:00 GMT+0530 (India Standard Time)","1255.10","1276.00","1252.05","1256.55","1281.51","47.73","47.63","47.48","1278.49","64994.00","1266.15"
"Tue Nov 26 2024 13:15:00 GMT+0530 (India Standard Time)","1256.55","1263.50","1255.05","1261.00","1279.38","48.29","47.85","47.80","1277.02","26307.00","1263.71"
"Wed Nov 27 2024 09:15:00 GMT+0530 (India Standard Time)","1261.00","1290.00","1253.20","1284.15","1277.27","51.14","48.98","49.50","1276.07","102087.00","1259.84"
"Wed Nov 27 2024 13:15:00 GMT+0530 (India Standard Time)","1284.15","1299.35","1278.75","1292.75","1275.07","52.17","49.39","50.11","1275.61","89662.00","1256.69"
"Thu Nov 28 2024 09:15:00 GMT+0530 (India Standard Time)","1294.00","1314.50","1282.55","1286.15","1273.17","51.30","49.08","49.63","1274.53","110884.00","1254.07"
"Thu Nov 28 2024 13:15:00 GMT+0530 (India Standard Time)","1286.15","1299.00","1283.10","1288.00","1272.38","51.54","49.17","49.77","1273.29","49884.00","1251.60"
"Fri Nov 29 2024 09:15:00 GMT+0530 (India Standard Time)","1290.00","1298.00","1272.20","1289.60","1271.74","51.76","49.25","49.89","1271.83","71008.00","1250.40"
"Fri Nov 29 2024 13:15:00 GMT+0530 (India Standard Time)","1289.60","1312.00","1288.05","1302.10","1272.28","53.45","49.88","50.86","1271.15","72544.00","1252.73"
"Mon Dec 02 2024 09:15:00 GMT+0530 (India Standard Time)","1288.50","1338.95","1268.95","1325.20","1272.95","56.41","51.03","52.59","1271.11","188142.00","1256.57"
"Mon Dec 02 2024 13:15:00 GMT+0530 (India Standard Time)","1325.20","1359.00","1321.00","1350.50","1274.35","59.38","52.24","54.40","1270.69","210050.00","1260.82"
"Tue Dec 03 2024 09:15:00 GMT+0530 (India Standard Time)","1360.00","1363.00","1335.10","1348.00","1275.91","58.96","52.11","54.19","1270.47","121454.00","1265.70"
"Tue Dec 03 2024 13:15:00 GMT+0530 (India Standard Time)","1348.00","1361.35","1345.60","1357.45","1278.17","60.08","52.57","54.87","1270.72","69717.00","1271.35"
"Wed Dec 04 2024 09:15:00 GMT+0530 (India Standard Time)","1359.00","1383.10","1336.15","1347.95","1280.67","58.40","52.06","54.04","1271.16","150369.00","1277.91"
"Wed Dec 04 2024 13:15:00 GMT+0530 (India Standard Time)","1347.95","1350.00","1336.80","1342.95","1284.17","57.52","51.79","53.60","1272.17","53492.00","1282.53"
"Thu Dec 05 2024 09:15:00 GMT+0530 (India Standard Time)","1344.00","1412.00","1339.80","1400.65","1288.48","64.11","54.54","57.67","1276.71","427780.00","1289.54"
"Thu Dec 05 2024 13:15:00 GMT+0530 (India Standard Time)","1400.65","1429.90","1400.15","1428.00","1293.96","66.68","55.75","59.41","1283.34","459187.00","1299.74"
"Fri Dec 06 2024 09:15:00 GMT+0530 (India Standard Time)","1430.00","1459.95","1410.00","1425.80","1299.02","66.28","55.63","59.21","1289.65","803723.00","1310.56"
"Fri Dec 06 2024 13:15:00 GMT+0530 (India Standard Time)","1425.80","1430.75","1410.50","1418.00","1302.42","64.83","55.19","58.49","1295.84","109255.00","1320.25"
"Mon Dec 09 2024 09:15:00 GMT+0530 (India Standard Time)","1416.35","1452.80","1403.10","1428.15","1304.80","65.85","55.65","59.15","1302.66","225154.00","1329.87"
"Mon Dec 09 2024 13:15:00 GMT+0530 (India Standard Time)","1428.15","1433.95","1418.40","1424.00","1307.32","65.04","55.42","58.76","1310.07","53874.00","1337.61"
"Tue Dec 10 2024 09:15:00 GMT+0530 (India Standard Time)","1424.20","1449.50","1409.05","1413.60","1308.75","63.00","54.82","57.76","1316.55","145201.00","1345.44"
"Tue Dec 10 2024 13:15:00 GMT+0530 (India Standard Time)","1413.60","1436.00","1409.05","1426.00","1310.26","64.40","55.40","58.62","1323.01","144472.00","1353.25"
"Wed Dec 11 2024 09:15:00 GMT+0530 (India Standard Time)","1430.95","1435.15","1408.15","1412.60","1312.53","61.75","54.63","57.32","1330.50","80770.00","1360.73"
"Wed Dec 11 2024 13:15:00 GMT+0530 (India Standard Time)","1412.60","1416.50","1402.10","1402.10","1314.60","59.72","54.03","56.32","1337.77","53735.00","1366.81"
"Thu Dec 12 2024 09:15:00 GMT+0530 (India Standard Time)","1409.80","1413.95","1370.85","1375.00","1316.25","54.85","52.51","53.81","1343.91","125046.00","1371.23"
"Thu Dec 12 2024 13:15:00 GMT+0530 (India Standard Time)","1375.00","1375.50","1354.00","1362.00","1317.46","52.69","51.80","52.65","1348.86","78962.00","1374.62"
"Fri Dec 13 2024 09:15:00 GMT+0530 (India Standard Time)","1362.55","1382.70","1338.00","1341.05","1318.00","49.39","50.67","50.84","1352.14","190657.00","1377.53"
"Fri Dec 13 2024 13:15:00 GMT+0530 (India Standard Time)","1341.05","1345.95","1332.00","1332.00","1318.21","48.03","50.19","50.07","1354.97","72310.00","1379.82"
"Mon Dec 16 2024 09:15:00 GMT+0530 (India Standard Time)","1343.00","1399.00","1342.95","1373.95","1319.11","54.18","52.32","53.42","1358.91","345197.00","1383.22"
"Mon Dec 16 2024 13:15:00 GMT+0530 (India Standard Time)","1373.95","1419.90","1371.05","1415.00","1320.82","59.15","54.27","56.36","1363.99","302776.00","1387.54"
"Tue Dec 17 2024 09:15:00 GMT+0530 (India Standard Time)","1415.25","1477.00","1406.00","1474.95","1323.76","64.98","56.89","60.14","1370.31","1089617.00","1392.92"
"Tue Dec 17 2024 13:15:00 GMT+0530 (India Standard Time)","1474.95","1482.00","1444.05","1454.00","1325.75","61.75","55.76","58.33","1376.37","632844.00","1398.16"
"Wed Dec 18 2024 09:15:00 GMT+0530 (India Standard Time)","1458.00","1515.00","1454.05","1504.80","1328.50","66.05","57.84","61.25","1383.40","1897921.00","1404.78"
"Wed Dec 18 2024 13:15:00 GMT+0530 (India Standard Time)","1504.80","1509.60","1496.65","1504.00","1331.63","65.92","57.79","61.18","1391.02","500760.00","1411.92"
"Thu Dec 19 2024 09:15:00 GMT+0530 (India Standard Time)","1479.80","1514.30","1462.70","1512.65","1334.81","66.63","58.14","61.66","1398.52","326619.00","1419.41"
"Thu Dec 19 2024 13:15:00 GMT+0530 (India Standard Time)","1512.65","1524.70","1509.45","1511.90","1338.85","66.50","58.10","61.59","1406.18","278103.00","1425.42"
"Fri Dec 20 2024 09:15:00 GMT+0530 (India Standard Time)","1515.00","1542.00","1481.00","1496.55","1343.89","63.93","57.23","60.19","1413.16","439326.00","1429.35"
"Fri Dec 20 2024 13:15:00 GMT+0530 (India Standard Time)","1496.55","1505.00","1485.10","1492.90","1349.09","63.32","57.03","59.85","1418.55","201518.00","1432.38"
"Mon Dec 23 2024 09:15:00 GMT+0530 (India Standard Time)","1506.05","1524.00","1463.00","1492.65","1353.83","63.27","57.01","59.83","1423.71","297095.00","1435.89"
"Mon Dec 23 2024 13:15:00 GMT+0530 (India Standard Time)","1492.65","1506.25","1483.95","1493.00","1358.79","63.31","57.03","59.85","1428.70","89595.00","1439.03"
"Tue Dec 24 2024 09:15:00 GMT+0530 (India Standard Time)","1499.00","1499.00","1470.10","1470.10","1363.60","59.20","55.70","57.67","1433.13","93783.00","1441.52"
"Tue Dec 24 2024 13:15:00 GMT+0530 (India Standard Time)","1470.10","1480.70","1462.00","1462.00","1368.61","57.81","55.24","56.91","1437.59","50956.00","1443.68"
"Thu Dec 26 2024 09:15:00 GMT+0530 (India Standard Time)","1469.90","1479.55","1435.60","1446.85","1372.73","55.25","54.38","55.51","1440.09","164483.00","1445.01"
"Thu Dec 26 2024 13:15:00 GMT+0530 (India Standard Time)","1446.85","1458.85","1440.35","1458.60","1376.99","56.81","54.94","56.37","1441.27","55461.00","1446.77"
"Fri Dec 27 2024 09:15:00 GMT+0530 (India Standard Time)","1450.00","1464.85","1446.00","1453.40","1381.94","55.90","54.64","55.88","1442.09","64523.00","1449.09"
"Fri Dec 27 2024 13:15:00 GMT+0530 (India Standard Time)","1453.40","1460.00","1441.40","1450.00","1386.88","55.30","54.44","55.56","1443.19","61617.00","1452.26"
"Mon Dec 30 2024 09:15:00 GMT+0530 (India Standard Time)","1446.25","1524.00","1428.10","1511.50","1392.44","62.90","57.28","59.89","1445.32","585108.00","1458.47"
"Mon Dec 30 2024 13:15:00 GMT+0530 (India Standard Time)","1511.20","1535.90","1490.00","1526.20","1398.31","64.42","57.92","60.82","1448.61","516915.00","1466.51"
"Tue Dec 31 2024 09:15:00 GMT+0530 (India Standard Time)","1528.00","1529.70","1495.75","1505.95","1403.24","60.82","56.73","58.87","1451.69","135095.00","1474.79"
"Tue Dec 31 2024 13:15:00 GMT+0530 (India Standard Time)","1505.95","1516.95","1500.25","1503.35","1408.22","60.36","56.58","58.62","1454.66","86499.00","1481.15"
"Wed Jan 01 2025 09:15:00 GMT+0530 (India Standard Time)","1506.00","1600.00","1501.75","1553.05","1414.06","65.54","58.73","61.79","1459.41","1232207.00","1488.14"
"Wed Jan 01 2025 13:15:00 GMT+0530 (India Standard Time)","1553.05","1570.00","1541.10","1551.00","1419.92","65.17","58.60","61.59","1464.67","267009.00","1492.66"
"Thu Jan 02 2025 09:15:00 GMT+0530 (India Standard Time)","1558.80","1558.80","1531.50","1540.25","1425.22","63.21","57.96","60.54","1470.27","138339.00","1496.67"
"Thu Jan 02 2025 13:15:00 GMT+0530 (India Standard Time)","1540.25","1569.80","1536.00","1550.00","1430.43","64.24","58.38","61.16","1476.99","128463.00","1499.38"
"Fri Jan 03 2025 09:15:00 GMT+0530 (India Standard Time)","1554.00","1558.70","1530.05","1537.20","1435.40","61.86","57.61","59.88","1483.70","154644.00","1501.15"
"Fri Jan 03 2025 13:15:00 GMT+0530 (India Standard Time)","1537.20","1538.00","1510.05","1525.00","1440.10","59.66","56.88","58.68","1490.41","81252.00","1502.29"
"Mon Jan 06 2025 09:15:00 GMT+0530 (India Standard Time)","1523.00","1542.55","1466.00","1468.70","1444.08","50.88","53.69","53.59","1494.71","200886.00","1500.95"
"Mon Jan 06 2025 13:15:00 GMT+0530 (India Standard Time)","1469.85","1469.85","1436.85","1451.00","1447.10","48.52","52.74","52.13","1496.52","120337.00","1498.49"
"Tue Jan 07 2025 09:15:00 GMT+0530 (India Standard Time)","1452.85","1488.55","1452.85","1488.00","1450.40","53.28","54.45","54.78","1497.37","139539.00","1497.79"
"Tue Jan 07 2025 13:15:00 GMT+0530 (India Standard Time)","1488.00","1502.15","1477.80","1490.90","1453.30","53.63","54.58","54.98","1498.45","104702.00","1497.66"
"Wed Jan 08 2025 09:15:00 GMT+0530 (India Standard Time)","1492.60","1503.70","1431.00","1437.30","1455.38","46.78","51.78","50.69","1497.24","158524.00","1495.68"
"Wed Jan 08 2025 13:15:00 GMT+0530 (India Standard Time)","1437.30","1446.00","1431.00","1443.00","1457.08","47.53","52.04","51.11","1494.97","84998.00","1493.93"
"Thu Jan 09 2025 09:15:00 GMT+0530 (India Standard Time)","1442.40","1448.50","1408.00","1408.00","1458.37","43.58","50.30","48.52","1492.29","98089.00","1491.62"
"Thu Jan 09 2025 13:15:00 GMT+0530 (India Standard Time)","1408.30","1410.50","1390.00","1395.00","1459.46","42.21","49.67","47.60","1488.12","73347.00","1489.02"
"Fri Jan 10 2025 09:15:00 GMT+0530 (India Standard Time)","1386.00","1412.00","1348.05","1362.90","1459.12","39.04","48.16","45.40","1483.40","162971.00","1485.09"
"Fri Jan 10 2025 13:15:00 GMT+0530 (India Standard Time)","1363.70","1366.85","1332.05","1345.00","1457.64","37.39","47.34","44.24","1478.17","63919.00","1479.98"
"Mon Jan 13 2025 09:15:00 GMT+0530 (India Standard Time)","1325.05","1362.95","1240.00","1246.45","1454.51","30.06","43.22","38.61","1470.67","447343.00","1471.58"
"Mon Jan 13 2025 13:15:00 GMT+0530 (India Standard Time)","1246.45","1256.65","1221.10","1251.20","1451.02","30.75","43.46","38.99","1461.69","253187.00","1459.74"
"Tue Jan 14 2025 09:15:00 GMT+0530 (India Standard Time)","1254.95","1275.50","1228.10","1254.35","1447.52","31.22","43.62","39.25","1453.58","198592.00","1447.05"
"Tue Jan 14 2025 13:15:00 GMT+0530 (India Standard Time)","1254.35","1271.85","1241.00","1269.35","1444.28","33.48","44.40","40.49","1446.17","93752.00","1435.31"
"Wed Jan 15 2025 09:15:00 GMT+0530 (India Standard Time)","1273.00","1283.35","1235.75","1263.60","1441.08","33.04","44.16","40.17","1439.27","155961.00","1423.68"
"Wed Jan 15 2025 13:15:00 GMT+0530 (India Standard Time)","1263.60","1263.60","1242.00","1245.55","1437.58","31.68","43.42","39.16","1432.05","68763.00","1409.26"
"Thu Jan 16 2025 09:15:00 GMT+0530 (India Standard Time)","1255.35","1313.00","1255.35","1291.05","1434.99","38.40","45.75","42.88","1426.04","213257.00","1396.61"
"Thu Jan 16 2025 13:15:00 GMT+0530 (India Standard Time)","1291.05","1309.00","1290.10","1302.95","1432.90","40.02","46.34","43.81","1420.69","69077.00","1385.11"
"Fri Jan 17 2025 09:15:00 GMT+0530 (India Standard Time)","1300.00","1307.00","1282.75","1287.75","1431.05","38.66","45.69","42.90","1413.71","57289.00","1372.72"
"Fri Jan 17 2025 13:15:00 GMT+0530 (India Standard Time)","1287.75","1303.25","1281.65","1297.90","1429.69","40.09","46.20","43.70","1405.74","50516.00","1361.03"
"Mon Jan 20 2025 09:15:00 GMT+0530 (India Standard Time)","1297.90","1324.00","1291.00","1320.40","1428.95","43.18","47.31","45.46","1398.65","113158.00","1351.00"
"Mon Jan 20 2025 13:15:00 GMT+0530 (India Standard Time)","1320.40","1335.00","1315.00","1318.00","1428.68","42.93","47.21","45.30","1392.07","70622.00","1343.14"
"Tue Jan 21 2025 09:15:00 GMT+0530 (India Standard Time)","1330.00","1343.90","1290.05","1293.70","1427.33","40.46","46.14","43.75","1383.41","118144.00","1336.15"
"Tue Jan 21 2025 13:15:00 GMT+0530 (India Standard Time)","1293.70","1296.05","1276.00","1285.55","1424.94","39.66","45.79","43.24","1373.84","50370.00","1326.93"
"Wed Jan 22 2025 09:15:00 GMT+0530 (India Standard Time)","1290.00","1290.00","1236.95","1248.20","1420.90","36.20","44.21","40.98","1363.65","129319.00","1315.76"
"Wed Jan 22 2025 13:15:00 GMT+0530 (India Standard Time)","1248.20","1278.30","1239.00","1269.00","1417.00","39.30","45.28","42.69","1353.30","65597.00","1306.79"
"Thu Jan 23 2025 09:15:00 GMT+0530 (India Standard Time)","1271.00","1304.95","1261.90","1302.00","1412.96","43.84","46.92","45.29","1344.29","61550.00","1299.74"
"Thu Jan 23 2025 13:15:00 GMT+0530 (India Standard Time)","1302.00","1302.00","1285.05","1294.50","1408.77","43.07","46.60","44.81","1336.06","31323.00","1293.83"
"Fri Jan 24 2025 09:15:00 GMT+0530 (India Standard Time)","1295.00","1301.85","1261.05","1262.80","1404.20","39.96","45.25","42.86","1328.30","69158.00","1287.85"
"Fri Jan 24 2025 13:15:00 GMT+0530 (India Standard Time)","1262.80","1262.80","1228.00","1244.95","1398.82","38.32","44.52","41.81","1320.89","77739.00","1281.84"
"Mon Jan 27 2025 09:15:00 GMT+0530 (India Standard Time)","1232.00","1232.00","1163.40","1212.45","1392.84","35.54","43.21","39.97","1311.11","350533.00","1275.07"
"Mon Jan 27 2025 13:15:00 GMT+0530 (India Standard Time)","1212.90","1268.95","1197.05","1264.90","1387.94","42.60","45.82","44.06","1302.31","109688.00","1273.88"
"Tue Jan 28 2025 09:15:00 GMT+0530 (India Standard Time)","1256.00","1279.50","1205.35","1257.80","1383.08","41.95","45.53","43.64","1294.81","217485.00","1274.12"
"Tue Jan 28 2025 13:15:00 GMT+0530 (India Standard Time)","1257.80","1257.95","1224.00","1245.00","1378.06","40.76","45.01","42.90","1287.75","75599.00","1273.64"
"Wed Jan 29 2025 09:15:00 GMT+0530 (India Standard Time)","1240.00","1277.35","1237.10","1268.00","1373.76","43.76","46.14","44.65","1282.01","99931.00","1273.62"
"Wed Jan 29 2025 13:15:00 GMT+0530 (India Standard Time)","1268.00","1315.00","1264.70","1298.20","1370.31","47.42","47.57","46.85","1278.23","97589.00","1275.17"
"Thu Jan 30 2025 09:15:00 GMT+0530 (India Standard Time)","1318.00","1321.40","1293.75","1303.10","1367.37","48.00","47.80","47.20","1275.80","70445.00","1277.84"
"Thu Jan 30 2025 13:15:00 GMT+0530 (India Standard Time)","1303.10","1303.10","1280.00","1295.00","1364.16","47.10","47.45","46.67","1273.82","51010.00","1278.11"
"Fri Jan 31 2025 09:15:00 GMT+0530 (India Standard Time)","1281.00","1292.60","1266.00","1289.10","1360.75","46.44","47.20","46.29","1273.80","98701.00","1277.30"
"Fri Jan 31 2025 13:15:00 GMT+0530 (India Standard Time)","1287.55","1292.50","1270.95","1275.00","1357.31","44.85","46.58","45.37","1275.11","60994.00","1276.68"
"Sat Feb 01 2025 09:15:00 GMT+0530 (India Standard Time)","1287.95","1299.00","1255.05","1259.30","1352.80","43.13","45.91","44.36","1275.77","108499.00","1275.40"
"Sat Feb 01 2025 13:15:00 GMT+0530 (India Standard Time)","1257.60","1275.50","1252.45","1270.05","1347.75","44.66","46.45","45.22","1275.95","42478.00","1273.16"
"Mon Feb 03 2025 09:15:00 GMT+0530 (India Standard Time)","1267.90","1276.80","1244.50","1252.40","1342.69","42.68","45.69","44.07","1275.85","63183.00","1270.07"
"Mon Feb 03 2025 13:15:00 GMT+0530 (India Standard Time)","1252.50","1258.35","1245.10","1248.00","1337.57","42.19","45.50","43.79","1275.85","30854.00","1267.43"
"Tue Feb 04 2025 09:15:00 GMT+0530 (India Standard Time)","1250.00","1268.25","1244.00","1246.50","1331.56","42.02","45.43","43.69","1274.65","55046.00","1265.79"
"Tue Feb 04 2025 13:15:00 GMT+0530 (India Standard Time)","1246.50","1248.50","1223.70","1225.00","1325.10","39.59","44.50","42.28","1272.21","76133.00","1264.58"
"Wed Feb 05 2025 09:15:00 GMT+0530 (India Standard Time)","1232.55","1252.90","1231.55","1234.10","1319.01","41.10","44.98","43.08","1270.32","84359.00","1263.36"
"Wed Feb 05 2025 13:15:00 GMT+0530 (India Standard Time)","1234.10","1251.50","1223.15","1233.00","1312.69","40.97","44.94","43.01","1268.24","127680.00","1260.62"
"Thu Feb 06 2025 09:15:00 GMT+0530 (India Standard Time)","1239.95","1250.95","1222.95","1241.80","1306.66","42.50","45.42","43.80","1265.62","78438.00","1258.02"
"Thu Feb 06 2025 13:15:00 GMT+0530 (India Standard Time)","1241.80","1249.95","1230.25","1249.75","1301.07","43.89","45.85","44.52","1262.79","63700.00","1256.72"
"Fri Feb 07 2025 09:15:00 GMT+0530 (India Standard Time)","1247.80","1264.35","1232.00","1252.00","1296.34","44.28","45.98","44.73","1260.65","90572.00","1256.96"
"Fri Feb 07 2025 13:15:00 GMT+0530 (India Standard Time)","1252.05","1266.40","1244.00","1260.00","1292.45","45.72","46.42","45.47","1259.61","85504.00","1259.46"
"Mon Feb 10 2025 09:15:00 GMT+0530 (India Standard Time)","1283.10","1319.85","1256.00","1276.30","1288.50","48.56","47.32","46.95","1260.53","824916.00","1261.04"
"Mon Feb 10 2025 13:15:00 GMT+0530 (India Standard Time)","1276.30","1280.00","1221.95","1230.00","1283.50","42.01","45.13","43.49","1259.88","245002.00","1260.58"
"Tue Feb 11 2025 09:15:00 GMT+0530 (India Standard Time)","1233.00","1249.95","1211.95","1211.95","1278.88","39.81","44.32","42.24","1257.56","185065.00","1259.55"
"Tue Feb 11 2025 13:15:00 GMT+0530 (India Standard Time)","1212.50","1219.45","1190.15","1216.75","1274.29","40.68","44.59","42.69","1254.52","118180.00","1257.08"
"Wed Feb 12 2025 09:15:00 GMT+0530 (India Standard Time)","1214.00","1214.00","1146.75","1208.65","1269.81","39.66","44.22","42.12","1251.47","249467.00","1252.35"
"Wed Feb 12 2025 13:15:00 GMT+0530 (India Standard Time)","1208.65","1208.65","1182.25","1198.00","1265.80","38.35","43.73","41.37","1249.72","61362.00","1247.17"
"Thu Feb 13 2025 09:15:00 GMT+0530 (India Standard Time)","1207.20","1242.85","1198.55","1226.60","1262.84","43.63","45.37","44.11","1250.44","140614.00","1243.86"
"Thu Feb 13 2025 13:15:00 GMT+0530 (India Standard Time)","1226.60","1229.95","1215.00","1222.50","1260.34","43.07","45.18","43.81","1249.69","45817.00","1240.92"
"Fri Feb 14 2025 09:15:00 GMT+0530 (India Standard Time)","1232.00","1238.80","1181.25","1184.65","1258.81","38.34","43.45","41.13","1248.04","80402.00","1237.06"
"Fri Feb 14 2025 13:15:00 GMT+0530 (India Standard Time)","1184.65","1217.40","1177.45","1203.95","1257.92","41.76","44.55","42.96","1246.52","51613.00","1233.85"
"Mon Feb 17 2025 09:15:00 GMT+0530 (India Standard Time)","1172.05","1199.55","1149.50","1165.85","1256.27","37.45","42.88","40.41","1243.33","166120.00","1229.24"
"Mon Feb 17 2025 13:15:00 GMT+0530 (India Standard Time)","1165.85","1174.80","1160.65","1170.00","1254.39","38.18","43.11","40.81","1238.90","66262.00","1225.06"
"Tue Feb 18 2025 09:15:00 GMT+0530 (India Standard Time)","1164.05","1165.45","1105.20","1112.00","1251.63","32.60","40.71","37.27","1232.52","164564.00","1219.05"
"Tue Feb 18 2025 13:15:00 GMT+0530 (India Standard Time)","1112.00","1136.00","1106.20","1120.00","1249.06","34.00","41.17","38.03","1226.38","87534.00","1212.83"
"Wed Feb 19 2025 09:15:00 GMT+0530 (India Standard Time)","1115.00","1179.45","1106.05","1169.00","1246.42","41.76","43.89","42.44","1221.70","182663.00","1209.27"
"Wed Feb 19 2025 13:15:00 GMT+0530 (India Standard Time)","1169.00","1205.15","1162.75","1202.00","1244.26","46.24","45.62","45.14","1218.50","76281.00","1207.12"
"Thu Feb 20 2025 09:15:00 GMT+0530 (India Standard Time)","1195.00","1238.70","1175.50","1224.30","1242.74","49.02","46.74","46.87","1216.42","162431.00","1206.19"
"Thu Feb 20 2025 13:15:00 GMT+0530 (India Standard Time)","1224.30","1272.25","1219.05","1227.90","1241.58","49.46","46.92","47.14","1215.48","207389.00","1206.07"
"Fri Feb 21 2025 09:15:00 GMT+0530 (India Standard Time)","1258.00","1258.95","1195.00","1210.80","1239.67","47.41","46.17","45.97","1214.19","290351.00","1204.83"
"Fri Feb 21 2025 13:15:00 GMT+0530 (India Standard Time)","1211.70","1227.00","1209.30","1212.00","1237.55","47.57","46.23","46.07","1212.96","81120.00","1203.16"
"Mon Feb 24 2025 09:15:00 GMT+0530 (India Standard Time)","1194.20","1213.70","1182.25","1203.55","1235.45","46.52","45.85","45.48","1211.06","97957.00","1200.45"
"Mon Feb 24 2025 13:15:00 GMT+0530 (India Standard Time)","1203.55","1203.90","1189.90","1193.15","1233.64","45.23","45.38","44.75","1209.75","39444.00","1196.31"
"Tue Feb 25 2025 09:15:00 GMT+0530 (India Standard Time)","1193.00","1206.70","1150.05","1152.35","1231.83","40.59","43.61","42.05","1207.26","156109.00","1192.73"
"Tue Feb 25 2025 13:15:00 GMT+0530 (India Standard Time)","1152.35","1155.80","1138.55","1142.00","1229.44","39.52","43.18","41.40","1204.03","90947.00","1189.07"
"Thu Feb 27 2025 09:15:00 GMT+0530 (India Standard Time)","1153.00","1155.00","1112.55","1113.65","1226.06","36.71","42.01","39.66","1200.04","123431.00","1184.92"
"Thu Feb 27 2025 13:15:00 GMT+0530 (India Standard Time)","1113.65","1116.80","1109.00","1112.00","1222.43","36.55","41.94","39.56","1195.38","56746.00","1181.02"
"Fri Feb 28 2025 09:15:00 GMT+0530 (India Standard Time)","1107.95","1111.95","1042.05","1044.10","1218.20","30.80","39.30","35.77","1188.82","244545.00","1174.53"
"Fri Feb 28 2025 13:15:00 GMT+0530 (India Standard Time)","1044.10","1056.00","1043.30","1054.45","1214.34","32.50","39.89","36.72","1181.48","132107.00","1166.36"
"Mon Mar 03 2025 09:15:00 GMT+0530 (India Standard Time)","1052.55","1061.45","917.45","1015.95","1210.29","29.66","38.48","34.76","1171.28","1365279.00","1155.89"
"Mon Mar 03 2025 13:15:00 GMT+0530 (India Standard Time)","1017.00","1038.00","1003.80","1022.00","1205.74","30.66","38.82","35.32","1163.32","231760.00","1147.52"
"Tue Mar 04 2025 09:15:00 GMT+0530 (India Standard Time)","1009.05","1070.70","995.00","1037.05","1201.44","33.15","39.68","36.71","1156.52","296829.00","1139.63"
"Tue Mar 04 2025 13:15:00 GMT+0530 (India Standard Time)","1037.05","1075.90","1034.00","1070.00","1197.83","38.24","41.51","39.63","1151.21","148687.00","1134.50"
"Wed Mar 05 2025 09:15:00 GMT+0530 (India Standard Time)","1078.95","1091.05","1048.05","1080.40","1194.08","39.75","42.08","40.52","1147.04","170040.00","1130.03"
"Wed Mar 05 2025 13:15:00 GMT+0530 (India Standard Time)","1080.40","1095.50","1062.75","1088.95","1189.88","41.01","42.54","41.25","1142.98","127523.00","1128.14"
"Thu Mar 06 2025 09:15:00 GMT+0530 (India Standard Time)","1099.30","1117.55","1091.30","1109.55","1185.91","43.96","43.65","43.00","1138.81","151564.00","1127.49"
"Thu Mar 06 2025 13:15:00 GMT+0530 (India Standard Time)","1109.55","1109.80","1098.20","1104.00","1182.12","43.34","43.42","42.65","1134.58","47975.00","1125.02"
"Fri Mar 07 2025 09:15:00 GMT+0530 (India Standard Time)","1112.20","1166.95","1094.10","1152.85","1179.27","49.81","45.97","46.59","1132.31","300922.00","1122.58"
"Fri Mar 07 2025 13:15:00 GMT+0530 (India Standard Time)","1152.90","1155.60","1130.15","1140.00","1176.53","48.29","45.42","45.74","1130.25","92109.00","1119.04"
"Mon Mar 10 2025 09:15:00 GMT+0530 (India Standard Time)","1145.25","1151.25","1104.50","1128.55","1173.74","46.95","44.94","44.98","1128.70","157848.00","1113.88"
"Mon Mar 10 2025 13:15:00 GMT+0530 (India Standard Time)","1127.35","1138.00","1115.30","1131.05","1170.97","47.28","45.07","45.19","1127.26","130883.00","1109.59"
"Tue Mar 11 2025 09:15:00 GMT+0530 (India Standard Time)","1105.00","1188.00","1096.85","1169.85","1168.96","52.21","47.05","48.23","1128.11","422988.00","1106.78"
"Tue Mar 11 2025 13:15:00 GMT+0530 (India Standard Time)","1169.85","1182.85","1164.15","1172.00","1167.42","52.47","47.16","48.39","1129.98","176202.00","1105.45"
"Wed Mar 12 2025 09:15:00 GMT+0530 (India Standard Time)","1180.00","1231.20","1144.00","1160.40","1165.88","50.91","46.64","47.56","1130.95","786892.00","1104.45"
"Wed Mar 12 2025 13:15:00 GMT+0530 (India Standard Time)","1160.40","1179.85","1158.90","1169.00","1164.65","52.02","47.08","48.24","1130.21","143433.00","1104.63"
"Thu Mar 13 2025 09:15:00 GMT+0530 (India Standard Time)","1173.55","1177.60","1146.20","1150.85","1163.01","49.54","46.26","46.92","1128.25","104512.00","1105.19"
"Thu Mar 13 2025 13:15:00 GMT+0530 (India Standard Time)","1150.85","1157.60","1144.15","1155.00","1161.37","50.11","46.47","47.26","1125.13","65971.00","1106.58"
"Mon Mar 17 2025 09:15:00 GMT+0530 (India Standard Time)","1155.05","1171.10","1146.65","1154.10","1159.71","49.98","46.43","47.19","1122.83","113339.00","1108.68"
"Mon Mar 17 2025 13:15:00 GMT+0530 (India Standard Time)","1154.10","1159.00","1153.00","1156.00","1157.93","50.26","46.54","47.36","1120.69","58865.00","1113.22"
"Tue Mar 18 2025 09:15:00 GMT+0530 (India Standard Time)","1172.25","1175.30","1160.70","1169.45","1156.30","52.28","47.26","48.51","1119.57","70406.00","1118.78"
"Tue Mar 18 2025 13:15:00 GMT+0530 (India Standard Time)","1169.45","1212.95","1168.50","1194.00","1155.00","55.71","48.57","50.55","1119.43","144362.00","1127.81"
"Wed Mar 19 2025 09:15:00 GMT+0530 (India Standard Time)","1205.00","1220.70","1196.05","1215.45","1153.60","58.46","49.67","52.24","1120.90","126865.00","1136.88"
"Wed Mar 19 2025 13:15:00 GMT+0530 (India Standard Time)","1216.20","1220.00","1207.30","1219.00","1153.11","58.90","49.86","52.52","1123.40","65408.00","1145.52"
"Thu Mar 20 2025 09:15:00 GMT+0530 (India Standard Time)","1227.40","1237.25","1208.20","1222.90","1153.14","59.40","50.06","52.83","1126.81","131738.00","1153.15"
"Thu Mar 20 2025 13:15:00 GMT+0530 (India Standard Time)","1222.90","1232.00","1215.00","1215.00","1153.31","57.91","49.65","52.12","1130.67","64917.00","1160.02"
"Fri Mar 21 2025 09:15:00 GMT+0530 (India Standard Time)","1223.80","1262.70","1213.05","1252.00","1154.32","62.54","51.55","55.03","1136.98","135293.00","1167.68"
"Fri Mar 21 2025 13:15:00 GMT+0530 (India Standard Time)","1252.00","1256.50","1240.15","1247.90","1155.35","61.75","51.33","54.65","1144.01","60543.00","1174.40"
"Mon Mar 24 2025 09:15:00 GMT+0530 (India Standard Time)","1242.05","1294.35","1242.05","1254.65","1156.10","62.57","51.67","55.17","1153.49","143070.00","1181.90"
"Mon Mar 24 2025 13:15:00 GMT+0530 (India Standard Time)","1254.85","1261.65","1228.60","1232.20","1156.42","58.22","50.47","53.08","1161.33","100514.00","1186.52"
"Tue Mar 25 2025 09:15:00 GMT+0530 (India Standard Time)","1259.75","1259.75","1207.25","1212.05","1156.93","54.64","49.41","51.29","1168.19","120139.00","1190.39"
"Tue Mar 25 2025 13:15:00 GMT+0530 (India Standard Time)","1211.85","1218.80","1201.00","1208.00","1157.10","53.94","49.20","50.94","1173.52","68009.00","1194.24"
"Wed Mar 26 2025 09:15:00 GMT+0530 (India Standard Time)","1215.00","1222.65","1195.00","1208.50","1157.87","54.01","49.23","50.98","1178.37","107868.00","1198.04"
"Wed Mar 26 2025 13:15:00 GMT+0530 (India Standard Time)","1207.85","1213.20","1195.65","1199.50","1158.53","52.37","48.75","50.16","1182.67","58473.00","1200.22"
"Thu Mar 27 2025 09:15:00 GMT+0530 (India Standard Time)","1193.00","1250.85","1186.30","1250.00","1160.74","59.60","51.44","54.38","1187.06","205557.00","1203.15"
"Thu Mar 27 2025 13:15:00 GMT+0530 (India Standard Time)","1251.00","1274.45","1250.35","1260.70","1163.56","60.92","51.99","55.21","1192.69","445273.00","1207.32"
"Fri Mar 28 2025 09:15:00 GMT+0530 (India Standard Time)","1268.95","1278.50","1249.95","1257.85","1165.67","60.37","51.83","54.93","1197.13","115079.00","1211.69"
"Fri Mar 28 2025 13:15:00 GMT+0530 (India Standard Time)","1257.85","1264.00","1244.95","1260.00","1166.95","60.66","51.94","55.11","1201.21","94317.00","1216.50"
"Tue Apr 01 2025 09:15:00 GMT+0530 (India Standard Time)","1254.00","1265.90","1233.10","1248.00","1167.61","58.22","51.27","53.92","1205.53","82883.00","1221.06"
"Tue Apr 01 2025 13:15:00 GMT+0530 (India Standard Time)","1247.75","1260.90","1242.00","1256.00","1167.95","59.36","51.69","54.59","1209.99","48971.00","1225.69"
"Wed Apr 02 2025 09:15:00 GMT+0530 (India Standard Time)","1259.95","1274.90","1233.55","1262.25","1168.74","60.25","52.03","55.11","1213.75","96115.00","1230.56"
"Wed Apr 02 2025 13:15:00 GMT+0530 (India Standard Time)","1262.25","1282.90","1261.80","1276.30","1169.92","62.21","52.78","56.28","1217.35","86251.00","1235.59"
"Thu Apr 03 2025 09:15:00 GMT+0530 (India Standard Time)","1264.95","1302.00","1250.05","1296.00","1171.63","64.76","53.81","57.85","1221.06","133592.00","1240.05"
"Thu Apr 03 2025 13:15:00 GMT+0530 (India Standard Time)","1296.00","1300.00","1290.60","1299.55","1173.68","65.20","53.99","58.13","1225.62","61836.00","1244.12"
"Fri Apr 04 2025 09:15:00 GMT+0530 (India Standard Time)","1290.00","1292.00","1245.05","1256.50","1175.62","56.18","51.46","53.69","1229.41","171116.00","1246.32"
"Fri Apr 04 2025 13:15:00 GMT+0530 (India Standard Time)","1256.50","1272.30","1252.75","1270.10","1178.05","58.11","52.18","54.81","1233.44","112801.00","1248.39"
"Mon Apr 07 2025 09:15:00 GMT+0530 (India Standard Time)","1065.00","1208.45","1060.05","1161.45","1178.54","42.48","46.56","45.71","1232.94","231670.00","1244.99"
"Mon Apr 07 2025 13:15:00 GMT+0530 (India Standard Time)","1161.45","1195.50","1160.20","1195.45","1180.02","47.15","48.33","48.47","1233.93","75579.00","1242.21"
"Tue Apr 08 2025 09:15:00 GMT+0530 (India Standard Time)","1205.10","1237.20","1187.00","1214.75","1183.08","49.59","49.30","49.95","1235.52","134643.00","1240.56"
"Tue Apr 08 2025 13:15:00 GMT+0530 (India Standard Time)","1214.75","1215.80","1193.50","1203.00","1186.11","48.17","48.73","49.06","1235.96","52033.00","1237.82"
"Wed Apr 09 2025 09:15:00 GMT+0530 (India Standard Time)","1190.75","1209.20","1185.00","1197.40","1190.00","47.49","48.46","48.64","1235.48","120825.00","1235.85"
"Wed Apr 09 2025 13:15:00 GMT+0530 (India Standard Time)","1197.40","1209.00","1189.40","1191.00","1193.48","46.69","48.15","48.16","1234.80","40463.00","1234.53"
"Fri Apr 11 2025 09:15:00 GMT+0530 (India Standard Time)","1250.00","1250.00","1206.90","1233.50","1197.40","52.25","50.31","51.47","1235.06","82155.00","1235.58"
"Fri Apr 11 2025 13:15:00 GMT+0530 (India Standard Time)","1233.35","1235.05","1224.25","1227.95","1200.72","51.51","50.04","51.03","1235.36","44716.00","1236.54"
"Tue Apr 15 2025 09:15:00 GMT+0530 (India Standard Time)","1260.00","1267.90","1243.20","1253.00","1204.31","54.55","51.27","52.90","1235.80","72096.00","1239.03"
"Tue Apr 15 2025 13:15:00 GMT+0530 (India Standard Time)","1253.00","1253.70","1243.00","1249.30","1207.61","54.02","51.08","52.59","1235.81","31138.00","1239.72"
"Wed Apr 16 2025 09:15:00 GMT+0530 (India Standard Time)","1248.40","1260.70","1243.10","1248.10","1210.47","53.85","51.02","52.49","1235.35","58093.00","1239.17"
"Wed Apr 16 2025 13:15:00 GMT+0530 (India Standard Time)","1248.10","1250.00","1240.00","1247.30","1213.31","53.72","50.98","52.42","1235.52","27179.00","1238.46"
"Thu Apr 17 2025 09:15:00 GMT+0530 (India Standard Time)","1242.00","1254.00","1228.50","1231.70","1215.21","51.33","50.15","51.08","1235.94","73666.00","1237.47"
"Thu Apr 17 2025 13:15:00 GMT+0530 (India Standard Time)","1231.70","1236.70","1221.00","1230.50","1216.97","51.14","50.09","50.98","1236.66","74664.00","1236.56"
"Mon Apr 21 2025 09:15:00 GMT+0530 (India Standard Time)","1248.00","1277.80","1237.80","1261.20","1219.60","55.44","51.68","53.46","1238.46","138710.00","1236.84"
"Mon Apr 21 2025 13:15:00 GMT+0530 (India Standard Time)","1261.20","1276.50","1245.00","1264.00","1222.27","55.81","51.82","53.67","1240.56","135453.00","1237.04"
"Tue Apr 22 2025 09:15:00 GMT+0530 (India Standard Time)","1270.00","1273.90","1256.50","1260.20","1224.40","55.16","51.61","53.32","1241.80","65322.00","1236.48"
"Tue Apr 22 2025 13:15:00 GMT+0530 (India Standard Time)","1260.20","1264.30","1253.30","1254.00","1226.07","54.07","51.27","52.74","1241.63","31373.00","1235.07"
"Wed Apr 23 2025 09:15:00 GMT+0530 (India Standard Time)","1268.00","1273.30","1244.80","1249.10","1227.67","53.19","50.99","52.28","1241.40","93892.00","1233.01"
"Wed Apr 23 2025 13:15:00 GMT+0530 (India Standard Time)","1247.70","1249.70","1242.20","1246.60","1229.21","52.74","50.85","52.04","1241.04","37946.00","1232.23"
"Thu Apr 24 2025 09:15:00 GMT+0530 (India Standard Time)","1245.00","1260.00","1238.10","1247.00","1231.05","52.81","50.87","52.08","1241.02","76829.00","1231.36"
"Thu Apr 24 2025 13:15:00 GMT+0530 (India Standard Time)","1247.00","1250.30","1240.10","1243.00","1232.87","52.02","50.64","51.68","1240.71","31050.00","1235.95"
"Fri Apr 25 2025 09:15:00 GMT+0530 (India Standard Time)","1245.00","1253.20","1183.10","1212.00","1234.04","46.41","48.87","48.70","1239.26","150515.00","1237.30"
"Fri Apr 25 2025 13:15:00 GMT+0530 (India Standard Time)","1212.00","1224.90","1199.50","1200.00","1235.04","44.46","48.20","47.61","1236.92","52525.00","1236.95"
"Mon Apr 28 2025 09:15:00 GMT+0530 (India Standard Time)","1203.00","1215.00","1185.70","1207.80","1235.75","46.01","48.66","48.38","1234.06","78616.00","1236.96"
"Mon Apr 28 2025 13:15:00 GMT+0530 (India Standard Time)","1207.80","1211.70","1200.10","1209.00","1236.05","46.25","48.74","48.50","1230.86","24320.00","1237.45"
"Tue Apr 29 2025 09:15:00 GMT+0530 (India Standard Time)","1205.00","1243.70","1205.00","1217.80","1236.24","48.04","49.26","49.39","1229.35","71816.00","1238.69"
"Tue Apr 29 2025 13:15:00 GMT+0530 (India Standard Time)","1217.80","1221.60","1211.80","1219.00","1236.27","48.29","49.34","49.52","1227.65","24931.00","1238.06"
"Wed Apr 30 2025 09:15:00 GMT+0530 (India Standard Time)","1205.10","1212.00","1184.00","1186.70","1235.66","42.57","47.48","46.41","1229.46","93533.00","1236.33"
"Wed Apr 30 2025 13:15:00 GMT+0530 (India Standard Time)","1186.70","1186.70","1161.50","1170.00","1234.71","40.00","46.55","44.91","1229.07","72553.00","1232.41"
"Fri May 02 2025 09:15:00 GMT+0530 (India Standard Time)","1175.00","1191.90","1156.00","1163.90","1233.19","39.10","46.22","44.37","1227.56","101662.00","1228.60"
"Fri May 02 2025 13:15:00 GMT+0530 (India Standard Time)","1163.90","1181.40","1163.50","1169.60","1231.65","40.42","46.58","45.00","1226.39","56536.00","1224.84"
"Mon May 05 2025 09:15:00 GMT+0530 (India Standard Time)","1172.40","1200.10","1171.00","1194.10","1230.22","45.74","48.13","47.64","1226.08","63599.00","1222.16"
"Mon May 05 2025 13:15:00 GMT+0530 (India Standard Time)","1194.10","1200.00","1190.10","1200.00","1229.40","46.94","48.49","48.26","1226.09","22404.00","1220.31"
"Tue May 06 2025 09:15:00 GMT+0530 (India Standard Time)","1195.00","1207.80","1172.70","1176.10","1228.60","42.91","47.12","46.00","1224.50","65289.00","1218.09"
"Tue May 06 2025 13:15:00 GMT+0530 (India Standard Time)","1176.10","1176.40","1152.10","1160.80","1227.68","40.57","46.28","44.63","1222.14","46754.00","1213.48"
"Wed May 07 2025 09:15:00 GMT+0530 (India Standard Time)","1154.90","1174.10","1140.00","1165.30","1226.73","41.55","46.56","45.13","1218.75","100508.00","1208.66"
"Wed May 07 2025 13:15:00 GMT+0530 (India Standard Time)","1165.30","1184.20","1159.70","1172.10","1226.13","43.05","47.00","45.88","1216.01","46370.00","1204.34"
"Thu May 08 2025 09:15:00 GMT+0530 (India Standard Time)","1178.30","1242.10","1168.20","1214.40","1225.64","51.21","49.62","50.24","1214.50","290708.00","1202.12"
"Thu May 08 2025 13:15:00 GMT+0530 (India Standard Time)","1214.40","1216.80","1169.50","1170.50","1224.04","44.29","47.16","46.26","1212.35","104057.00","1198.68"
"Fri May 09 2025 09:15:00 GMT+0530 (India Standard Time)","1153.00","1173.60","1147.60","1151.00","1221.94","41.67","46.12","44.65","1209.47","124696.00","1194.37"
"Fri May 09 2025 13:15:00 GMT+0530 (India Standard Time)","1151.00","1154.90","1146.10","1154.90","1219.85","42.39","46.36","45.04","1206.70","63245.00","1189.83"
"Mon May 12 2025 09:15:00 GMT+0530 (India Standard Time)","1198.00","1233.00","1190.10","1212.00","1219.11","51.55","49.70","50.37","1205.02","282847.00","1188.29"
"Mon May 12 2025 13:15:00 GMT+0530 (India Standard Time)","1212.00","1216.00","1199.90","1215.00","1218.26","51.97","49.86","50.63","1203.17","79924.00","1188.12"
"Tue May 13 2025 09:15:00 GMT+0530 (India Standard Time)","1210.00","1236.10","1195.00","1225.00","1217.50","53.39","50.42","51.50","1201.57","176870.00","1188.79"
"Tue May 13 2025 13:15:00 GMT+0530 (India Standard Time)","1225.90","1234.60","1216.00","1228.90","1216.56","53.94","50.64","51.84","1200.48","135613.00","1189.89"
"Wed May 14 2025 09:15:00 GMT+0530 (India Standard Time)","1233.90","1238.90","1215.80","1220.10","1215.31","52.46","50.13","51.01","1199.38","98470.00","1190.67"
"Wed May 14 2025 13:15:00 GMT+0530 (India Standard Time)","1219.50","1220.20","1212.00","1215.50","1213.68","51.68","49.87","50.57","1198.30","49149.00","1190.41"
"Thu May 15 2025 09:15:00 GMT+0530 (India Standard Time)","1219.00","1238.40","1205.30","1219.80","1212.85","52.37","50.12","50.98","1197.32","127110.00","1190.56"
"Thu May 15 2025 13:15:00 GMT+0530 (India Standard Time)","1219.80","1227.00","1216.00","1222.80","1211.96","52.87","50.29","51.26","1196.52","48819.00","1191.98"
"Fri May 16 2025 09:15:00 GMT+0530 (India Standard Time)","1225.00","1289.00","1225.00","1261.80","1214.19","58.75","52.52","54.76","1198.04","381871.00","1196.13"
"Fri May 16 2025 13:15:00 GMT+0530 (India Standard Time)","1261.80","1268.90","1253.00","1258.00","1215.65","58.01","52.29","54.37","1199.89","122802.00","1200.45"
"Mon May 19 2025 09:15:00 GMT+0530 (India Standard Time)","1273.00","1284.90","1252.90","1273.10","1216.80","60.10","53.13","55.67","1202.30","233749.00","1205.21"
"Mon May 19 2025 13:15:00 GMT+0530 (India Standard Time)","1273.10","1285.00","1267.50","1282.00","1218.31","61.30","53.62","56.42","1204.84","124103.00","1209.46"
"Tue May 20 2025 09:15:00 GMT+0530 (India Standard Time)","1295.00","1300.00","1255.50","1258.30","1219.72","56.56","52.14","53.92","1206.60","182618.00","1212.82"
"Tue May 20 2025 13:15:00 GMT+0530 (India Standard Time)","1258.30","1262.00","1236.60","1254.00","1220.85","55.74","51.88","53.48","1207.79","88591.00","1216.08"
"Wed May 21 2025 09:15:00 GMT+0530 (India Standard Time)","1252.40","1274.90","1245.00","1256.70","1221.40","56.16","52.03","53.72","1210.10","106085.00","1220.64"
"Wed May 21 2025 13:15:00 GMT+0530 (India Standard Time)","1256.70","1270.00","1254.10","1266.80","1222.11","57.73","52.62","54.64","1213.34","72627.00","1225.56"
"Thu May 22 2025 09:15:00 GMT+0530 (India Standard Time)","1266.80","1323.00","1259.60","1275.70","1222.70","59.09","53.13","55.44","1217.47","601482.00","1230.86"
"Thu May 22 2025 13:15:00 GMT+0530 (India Standard Time)","1275.40","1276.70","1255.00","1274.80","1223.13","58.89","53.07","55.34","1220.95","137460.00","1233.75"
"Fri May 23 2025 09:15:00 GMT+0530 (India Standard Time)","1280.10","1290.00","1263.30","1277.00","1223.67","59.25","53.20","55.55","1224.10","123770.00","1238.27"
"Fri May 23 2025 13:15:00 GMT+0530 (India Standard Time)","1277.00","1295.00","1275.30","1292.10","1224.51","61.64","54.08","56.95","1227.34","127844.00","1244.60"
"Mon May 26 2025 09:15:00 GMT+0530 (India Standard Time)","1299.80","1359.60","1299.00","1350.90","1226.59","69.07","57.28","61.76","1232.73","1071410.00","1253.52"
"Mon May 26 2025 13:15:00 GMT+0530 (India Standard Time)","1350.90","1389.00","1345.00","1358.00","1229.24","69.81","57.64","62.29","1239.91","853296.00","1260.70"
"Tue May 27 2025 09:15:00 GMT+0530 (India Standard Time)","1355.20","1355.20","1270.00","1300.30","1230.18","57.96","53.86","55.88","1245.22","666754.00","1265.22"
"Tue May 27 2025 13:15:00 GMT+0530 (India Standard Time)","1300.30","1305.00","1298.00","1301.00","1230.96","58.05","53.89","55.94","1249.84","130895.00","1269.08"
"Wed May 28 2025 09:15:00 GMT+0530 (India Standard Time)","1301.20","1305.00","1246.00","1259.00","1231.05","51.10","51.35","51.84","1252.05","379554.00","1270.99"
"Wed May 28 2025 13:15:00 GMT+0530 (India Standard Time)","1259.00","1260.00","1245.00","1249.00","1230.94","49.62","50.77","50.93","1254.39","254463.00","1272.28"
"Thu May 29 2025 09:15:00 GMT+0530 (India Standard Time)","1250.00","1270.00","1244.90","1250.90","1230.94","49.91","50.88","51.10","1257.89","266100.00","1274.10"
"Thu May 29 2025 13:15:00 GMT+0530 (India Standard Time)","1251.20","1254.00","1240.10","1247.50","1230.96","49.37","50.68","50.78","1261.29","88858.00","1275.36"
"Fri May 30 2025 09:15:00 GMT+0530 (India Standard Time)","1257.00","1267.00","1244.80","1249.90","1231.06","49.77","50.82","51.00","1262.80","126065.00","1276.83"
"Fri May 30 2025 13:15:00 GMT+0530 (India Standard Time)","1249.20","1260.00","1245.00","1248.50","1231.19","49.53","50.73","50.86","1264.26","60332.00","1276.40"
"Mon Jun 02 2025 09:15:00 GMT+0530 (India Standard Time)","1253.60","1277.00","1240.20","1257.50","1232.05","51.12","51.27","51.73","1265.67","161789.00","1276.33"
"Mon Jun 02 2025 13:15:00 GMT+0530 (India Standard Time)","1257.50","1266.00","1256.90","1257.00","1233.11","51.02","51.24","51.68","1266.86","49759.00","1275.77"
"Tue Jun 03 2025 09:15:00 GMT+0530 (India Standard Time)","1268.90","1273.80","1251.00","1252.80","1234.18","50.21","50.97","51.23","1268.09","86773.00","1274.75"
"Tue Jun 03 2025 13:15:00 GMT+0530 (India Standard Time)","1252.80","1257.70","1251.00","1253.30","1235.11","50.31","51.00","51.28","1269.45","36674.00","1274.07"
"Wed Jun 04 2025 09:15:00 GMT+0530 (India Standard Time)","1261.00","1262.90","1244.80","1252.10","1235.74","50.06","50.92","51.15","1270.59","57309.00","1274.14"
"Wed Jun 04 2025 13:15:00 GMT+0530 (India Standard Time)","1252.00","1272.60","1248.00","1264.00","1236.63","52.52","51.68","52.41","1272.01","120317.00","1274.32"
"Thu Jun 05 2025 09:15:00 GMT+0530 (India Standard Time)","1275.00","1275.70","1256.00","1258.40","1238.03","51.27","51.30","51.76","1272.18","77984.00","1274.21"
"Thu Jun 05 2025 13:15:00 GMT+0530 (India Standard Time)","1257.50","1260.10","1250.00","1255.00","1239.69","50.51","51.07","51.37","1272.00","45809.00","1272.85"
"Fri Jun 06 2025 09:15:00 GMT+0530 (India Standard Time)","1258.90","1263.00","1240.50","1244.30","1241.27","48.14","50.34","50.13","1271.25","86167.00","1271.79"
"Fri Jun 06 2025 13:15:00 GMT+0530 (India Standard Time)","1245.10","1246.00","1241.00","1243.80","1242.72","48.03","50.31","50.07","1270.02","41777.00","1270.21"
"Mon Jun 09 2025 09:15:00 GMT+0530 (India Standard Time)","1253.00","1267.00","1244.40","1257.50","1244.06","51.25","51.23","51.65","1269.48","117806.00","1268.69"
"Mon Jun 09 2025 13:15:00 GMT+0530 (India Standard Time)","1257.50","1269.90","1252.90","1264.00","1245.36","52.71","51.66","52.38","1269.89","186974.00","1265.00"
"Tue Jun 10 2025 09:15:00 GMT+0530 (India Standard Time)","1270.00","1271.50","1249.90","1256.40","1246.87","50.84","51.12","51.44","1269.90","92637.00","1260.05"
"Tue Jun 10 2025 13:15:00 GMT+0530 (India Standard Time)","1256.40","1256.40","1249.10","1255.00","1248.69","50.49","51.02","51.27","1269.54","41317.00","1257.55"
"Wed Jun 11 2025 09:15:00 GMT+0530 (India Standard Time)","1254.90","1265.90","1254.90","1258.10","1250.65","51.27","51.24","51.64","1268.60","132218.00","1255.55"
"Wed Jun 11 2025 13:15:00 GMT+0530 (India Standard Time)","1258.10","1260.00","1245.00","1251.10","1252.25","49.44","50.73","50.74","1268.00","83194.00","1254.81"
"Thu Jun 12 2025 09:15:00 GMT+0530 (India Standard Time)","1258.00","1260.00","1240.40","1245.40","1253.01","47.98","50.31","50.01","1266.99","61238.00","1254.67"
"Thu Jun 12 2025 13:15:00 GMT+0530 (India Standard Time)","1245.40","1245.40","1225.00","1229.00","1254.02","44.04","49.13","47.96","1265.05","70205.00","1253.62"
"Fri Jun 13 2025 09:15:00 GMT+0530 (India Standard Time)","1201.90","1230.00","1200.70","1215.30","1255.21","41.09","48.16","46.33","1260.72","95172.00","1252.10"
"Fri Jun 13 2025 13:15:00 GMT+0530 (India Standard Time)","1215.30","1216.90","1193.10","1199.40","1256.20","37.98","47.07","44.52","1254.98","129010.00","1249.68"
"Mon Jun 16 2025 09:15:00 GMT+0530 (India Standard Time)","1199.60","1201.20","1176.00","1184.90","1255.70","35.42","46.10","42.95","1250.65","118650.00","1246.65"
"Mon Jun 16 2025 13:15:00 GMT+0530 (India Standard Time)","1184.90","1195.40","1180.00","1187.40","1255.22","36.20","46.30","43.30","1246.59","84670.00","1243.29"
"Tue Jun 17 2025 09:15:00 GMT+0530 (India Standard Time)","1196.30","1211.00","1185.00","1192.80","1254.72","37.90","46.72","44.08","1243.96","122763.00","1240.25"
"Tue Jun 17 2025 13:15:00 GMT+0530 (India Standard Time)","1192.80","1193.60","1182.00","1187.00","1253.93","36.79","46.32","43.42","1241.68","58331.00","1236.91"
"Wed Jun 18 2025 09:15:00 GMT+0530 (India Standard Time)","1195.10","1212.80","1181.00","1196.50","1253.39","39.81","47.07","44.80","1239.59","108720.00","1234.19"
"Wed Jun 18 2025 13:15:00 GMT+0530 (India Standard Time)","1196.50","1200.00","1194.90","1198.00","1253.02","40.29","47.19","45.02","1237.82","45056.00","1231.56"
"Thu Jun 19 2025 09:15:00 GMT+0530 (India Standard Time)","1198.60","1202.40","1171.20","1172.00","1252.20","35.24","45.39","42.06","1235.25","76797.00","1227.62"
"Thu Jun 19 2025 13:15:00 GMT+0530 (India Standard Time)","1171.90","1181.00","1166.00","1168.00","1251.17","34.55","45.12","41.63","1232.41","45359.00","1223.27"
"Fri Jun 20 2025 09:15:00 GMT+0530 (India Standard Time)","1175.00","1185.90","1165.10","1175.00","1249.48","36.85","45.70","42.69","1229.45","70165.00","1219.47"
"Fri Jun 20 2025 13:15:00 GMT+0530 (India Standard Time)","1175.00","1185.80","1174.00","1180.00","1247.89","38.47","46.11","43.45","1226.59","72922.00","1216.22"
"Mon Jun 23 2025 09:15:00 GMT+0530 (India Standard Time)","1174.90","1176.00","1156.90","1168.30","1245.82","36.18","45.29","42.11","1223.30","65797.00","1212.59"
"Mon Jun 23 2025 13:15:00 GMT+0530 (India Standard Time)","1168.30","1179.00","1164.60","1168.00","1243.64","36.13","45.27","42.07","1220.32","51255.00","1208.46"
"Tue Jun 24 2025 09:15:00 GMT+0530 (India Standard Time)","1190.10","1225.00","1180.20","1208.50","1242.39","47.90","48.54","47.94","1218.58","318386.00","1205.74"
"Tue Jun 24 2025 13:15:00 GMT+0530 (India Standard Time)","1208.50","1209.90","1197.10","1201.00","1241.40","46.25","48.00","47.03","1216.47","73201.00","1203.06"
"Wed Jun 25 2025 09:15:00 GMT+0530 (India Standard Time)","1215.10","1233.90","1210.00","1214.70","1240.60","49.59","49.05","48.85","1214.91","132597.00","1201.37"
"Wed Jun 25 2025 13:15:00 GMT+0530 (India Standard Time)","1214.00","1223.00","1209.10","1215.00","1239.62","49.66","49.07","48.89","1213.50","58245.00","1199.29"
"Thu Jun 26 2025 09:15:00 GMT+0530 (India Standard Time)","1228.00","1228.00","1213.00","1221.60","1238.37","51.27","49.58","49.76","1212.49","67926.00","1197.82"
"Thu Jun 26 2025 13:15:00 GMT+0530 (India Standard Time)","1221.60","1227.00","1218.10","1220.10","1237.39","50.88","49.47","49.57","1211.71","32288.00","1196.56"
"Fri Jun 27 2025 09:15:00 GMT+0530 (India Standard Time)","1226.40","1231.90","1219.50","1221.20","1236.33","51.17","49.56","49.72","1210.56","78742.00","1196.15"
"Fri Jun 27 2025 13:15:00 GMT+0530 (India Standard Time)","1221.20","1223.00","1207.50","1214.10","1234.85","49.24","49.00","48.74","1208.87","52885.00","1196.12"
"Mon Jun 30 2025 09:15:00 GMT+0530 (India Standard Time)","1190.00","1236.00","1190.00","1218.80","1232.36","50.53","49.38","49.42","1207.29","133670.00","1196.77"
"Mon Jun 30 2025 13:15:00 GMT+0530 (India Standard Time)","1218.80","1223.10","1205.20","1215.10","1229.40","49.49","49.09","48.90","1205.89","93813.00","1198.10"
"Tue Jul 01 2025 09:15:00 GMT+0530 (India Standard Time)","1218.60","1227.80","1213.00","1218.10","1227.66","50.36","49.34","49.34","1204.46","62142.00","1199.61"
"Tue Jul 01 2025 13:15:00 GMT+0530 (India Standard Time)","1217.60","1220.10","1201.40","1205.00","1225.79","46.66","48.29","47.48","1202.92","92208.00","1200.20"
"Wed Jul 02 2025 09:15:00 GMT+0530 (India Standard Time)","1210.00","1216.70","1192.10","1192.90","1224.42","43.55","47.34","45.84","1201.20","79033.00","1200.74"
"Wed Jul 02 2025 13:15:00 GMT+0530 (India Standard Time)","1192.90","1197.60","1187.00","1195.00","1223.28","44.22","47.52","46.18","1199.78","36020.00","1200.59"
"Thu Jul 03 2025 09:15:00 GMT+0530 (India Standard Time)","1195.00","1205.60","1191.00","1194.00","1222.12","43.96","47.44","46.04","1199.12","69842.00","1200.52"
"Thu Jul 03 2025 13:15:00 GMT+0530 (India Standard Time)","1194.00","1194.00","1180.10","1184.90","1220.89","41.59","46.71","44.78","1198.52","73141.00","1200.83"
"Fri Jul 04 2025 09:15:00 GMT+0530 (India Standard Time)","1184.50","1193.50","1177.00","1183.80","1219.53","41.31","46.62","44.63","1198.43","53849.00","1201.49"
"Fri Jul 04 2025 13:15:00 GMT+0530 (India Standard Time)","1183.80","1190.60","1182.00","1187.00","1218.25","42.50","46.92","45.19","1198.39","32242.00","1202.03"
"Mon Jul 07 2025 09:15:00 GMT+0530 (India Standard Time)","1188.00","1198.00","1184.10","1186.10","1216.86","42.25","46.85","45.06","1198.14","36736.00","1202.44"
"Mon Jul 07 2025 13:15:00 GMT+0530 (India Standard Time)","1187.00","1198.00","1184.90","1192.00","1215.51","44.53","47.40","46.10","1198.29","51474.00","1203.60"
"Tue Jul 08 2025 09:15:00 GMT+0530 (India Standard Time)","1198.00","1214.40","1193.60","1202.60","1214.42","48.37","48.39","47.94","1198.53","89215.00","1205.19"
"Tue Jul 08 2025 13:15:00 GMT+0530 (India Standard Time)","1202.60","1206.00","1194.00","1197.00","1213.32","46.58","47.91","47.07","1198.58","52799.00","1204.85"
"Wed Jul 09 2025 09:15:00 GMT+0530 (India Standard Time)","1202.80","1212.00","1174.50","1192.00","1212.11","45.02","47.47","46.30","1198.97","115986.00","1204.40"
"Wed Jul 09 2025 13:15:00 GMT+0530 (India Standard Time)","1192.00","1205.00","1190.30","1204.80","1210.89","49.57","48.68","48.52","1199.98","69173.00","1203.58"
"Thu Jul 10 2025 09:15:00 GMT+0530 (India Standard Time)","1211.00","1219.00","1200.00","1208.50","1209.83","50.80","49.02","49.15","1201.19","67375.00","1203.27"
"Thu Jul 10 2025 13:15:00 GMT+0530 (India Standard Time)","1208.50","1214.70","1207.70","1210.40","1208.94","51.44","49.20","49.47","1202.30","50455.00","1202.78"
"Fri Jul 11 2025 09:15:00 GMT+0530 (India Standard Time)","1212.00","1213.40","1191.50","1194.20","1207.95","46.07","47.75","46.85","1203.47","48751.00","1201.69"
"Fri Jul 11 2025 13:15:00 GMT+0530 (India Standard Time)","1194.20","1197.90","1192.00","1197.00","1207.00","47.07","48.02","47.35","1204.36","23961.00","1200.38"
"Mon Jul 14 2025 09:15:00 GMT+0530 (India Standard Time)","1197.90","1199.00","1180.00","1183.80","1205.60","43.10","46.86","45.29","1203.76","63228.00","1199.05"
"Mon Jul 14 2025 13:15:00 GMT+0530 (India Standard Time)","1183.80","1185.00","1176.60","1180.00","1203.95","42.03","46.53","44.72","1202.97","46327.00","1197.35"
"Tue Jul 15 2025 09:15:00 GMT+0530 (India Standard Time)","1179.80","1188.40","1177.00","1179.30","1202.40","41.83","46.47","44.61","1201.61","84716.00","1195.75"
"Tue Jul 15 2025 13:15:00 GMT+0530 (India Standard Time)","1179.30","1179.30","1167.70","1170.00","1200.76","39.21","45.66","43.20","1200.06","106193.00","1193.49"
"Wed Jul 16 2025 09:15:00 GMT+0530 (India Standard Time)","1175.70","1178.40","1157.90","1160.00","1198.85","36.62","44.80","41.74","1198.08","125175.00","1191.41"
"Wed Jul 16 2025 13:15:00 GMT+0530 (India Standard Time)","1160.00","1162.30","1152.10","1160.00","1196.99","36.62","44.80","41.74","1195.81","74519.00","1189.50"
"Thu Jul 17 2025 09:15:00 GMT+0530 (India Standard Time)","1164.90","1169.80","1156.90","1157.80","1195.25","36.05","44.61","41.41","1193.57","54403.00","1187.92"
"Thu Jul 17 2025 13:15:00 GMT+0530 (India Standard Time)","1157.80","1158.90","1146.60","1150.00","1193.63","34.05","43.93","40.26","1191.32","95942.00","1185.79"
"Fri Jul 18 2025 09:15:00 GMT+0530 (India Standard Time)","1152.80","1158.00","1141.00","1142.20","1192.24","32.18","43.27","39.15","1188.90","59812.00","1183.88"
"Fri Jul 18 2025 13:15:00 GMT+0530 (India Standard Time)","1142.20","1144.90","1135.00","1143.90","1191.04","33.02","43.46","39.52","1186.28","49192.00","1181.85"
"Mon Jul 21 2025 09:15:00 GMT+0530 (India Standard Time)","1140.60","1147.00","1131.40","1139.30","1190.09","31.90","43.06","38.86","1183.41","72030.00","1179.60"
"Mon Jul 21 2025 13:15:00 GMT+0530 (India Standard Time)","1139.30","1141.00","1133.80","1141.00","1189.12","32.78","43.25","39.25","1180.90","54521.00","1177.24"
"Tue Jul 22 2025 09:15:00 GMT+0530 (India Standard Time)","1143.20","1154.90","1139.60","1140.00","1188.08","32.52","43.16","39.09","1178.91","80165.00","1174.95"
"Tue Jul 22 2025 13:15:00 GMT+0530 (India Standard Time)","1140.00","1150.00","1136.60","1149.00","1187.26","37.26","44.22","41.19","1177.20","82587.00","1172.23"
"Wed Jul 23 2025 09:15:00 GMT+0530 (India Standard Time)","1156.60","1156.60","1135.90","1138.90","1186.18","34.41","43.30","39.62","1175.30","83774.00","1169.57"
"Wed Jul 23 2025 13:15:00 GMT+0530 (India Standard Time)","1138.90","1145.90","1133.90","1144.90","1185.07","37.40","44.00","40.99","1173.70","68654.00","1167.18"
"Thu Jul 24 2025 09:15:00 GMT+0530 (India Standard Time)","1141.00","1151.90","1130.10","1131.50","1184.21","33.79","42.80","38.95","1172.03","61307.00","1164.08"
"Thu Jul 24 2025 13:15:00 GMT+0530 (India Standard Time)","1131.50","1134.00","1124.70","1128.00","1183.37","32.92","42.49","38.44","1169.97","48364.00","1160.26"
"Fri Jul 25 2025 09:15:00 GMT+0530 (India Standard Time)","1130.00","1131.00","1098.00","1101.30","1182.02","27.29","40.23","34.83","1167.14","113290.00","1155.36"
"Fri Jul 25 2025 13:15:00 GMT+0530 (India Standard Time)","1102.30","1109.80","1097.70","1105.00","1180.51","29.05","40.68","35.69","1164.01","56219.00","1150.88"
"Mon Jul 28 2025 09:15:00 GMT+0530 (India Standard Time)","1107.60","1124.30","1091.20","1102.10","1179.26","28.48","40.44","35.32","1160.52","94273.00","1146.55"
"Mon Jul 28 2025 13:15:00 GMT+0530 (India Standard Time)","1102.10","1103.70","1090.00","1091.80","1177.75","26.54","39.59","34.01","1156.82","44841.00","1142.15"
"Tue Jul 29 2025 09:15:00 GMT+0530 (India Standard Time)","1095.00","1114.50","1077.70","1108.50","1175.68","34.18","41.61","37.85","1153.51","64828.00","1138.43"
"Tue Jul 29 2025 13:15:00 GMT+0530 (India Standard Time)","1109.00","1125.90","1108.00","1124.90","1174.05","40.55","43.49","41.30","1150.64","46665.00","1135.57"
"Wed Jul 30 2025 09:15:00 GMT+0530 (India Standard Time)","1125.00","1139.00","1116.30","1138.00","1172.34","45.01","44.94","43.86","1147.85","68272.00","1133.72"
"Wed Jul 30 2025 13:15:00 GMT+0530 (India Standard Time)","1138.00","1139.10","1133.50","1137.90","1170.78","44.99","44.93","43.84","1145.20","27161.00","1132.43"
"Thu Jul 31 2025 09:15:00 GMT+0530 (India Standard Time)","1129.10","1133.10","1107.90","1132.40","1168.88","43.48","44.43","43.01","1142.51","55991.00","1130.90"
"Thu Jul 31 2025 13:15:00 GMT+0530 (India Standard Time)","1131.60","1140.00","1128.70","1131.60","1167.12","43.25","44.36","42.89","1140.29","34061.00","1129.59"
"Fri Aug 01 2025 09:15:00 GMT+0530 (India Standard Time)","1132.00","1141.00","1116.60","1118.90","1165.13","39.86","43.22","40.99","1138.07","36791.00","1128.28"
"Fri Aug 01 2025 13:15:00 GMT+0530 (India Standard Time)","1118.90","1120.40","1111.60","1115.10","1163.14","38.91","42.89","40.44","1135.76","24577.00","1126.84"
"Mon Aug 04 2025 09:15:00 GMT+0530 (India Standard Time)","1115.00","1123.20","1097.00","1110.00","1161.03","37.63","42.44","39.70","1133.21","49756.00","1125.32"
"Mon Aug 04 2025 13:15:00 GMT+0530 (India Standard Time)","1110.00","1110.00","1100.00","1110.00","1158.88","37.63","42.44","39.70","1130.86","39623.00","1123.81"
"Tue Aug 05 2025 09:15:00 GMT+0530 (India Standard Time)","1115.00","1115.00","1096.40","1097.70","1156.53","34.62","41.35","37.94","1128.63","43791.00","1122.02"
"Tue Aug 05 2025 13:15:00 GMT+0530 (India Standard Time)","1098.30","1101.00","1083.60","1097.00","1154.27","34.45","41.29","37.84","1126.34","71689.00","1119.69"
"Wed Aug 06 2025 09:15:00 GMT+0530 (India Standard Time)","1095.80","1100.00","1075.00","1081.30","1151.98","30.98","39.95","35.71","1123.62","63706.00","1116.75"
"Wed Aug 06 2025 13:15:00 GMT+0530 (India Standard Time)","1082.40","1084.30","1078.50","1081.00","1149.73","30.92","39.92","35.67","1121.10","26788.00","1113.83"
"Thu Aug 07 2025 09:15:00 GMT+0530 (India Standard Time)","1080.00","1085.60","1062.60","1073.30","1147.28","29.32","39.27","34.66","1118.48","51943.00","1110.55"
"Thu Aug 07 2025 13:15:00 GMT+0530 (India Standard Time)","1073.30","1130.60","1068.50","1108.00","1145.64","43.20","43.50","42.26","1117.10","130264.00","1109.01"
"Fri Aug 08 2025 09:15:00 GMT+0530 (India Standard Time)","1111.00","1115.00","1081.40","1084.10","1143.77","37.82","41.47","39.04","1115.46","71833.00","1107.22"
"Fri Aug 08 2025 13:15:00 GMT+0530 (India Standard Time)","1084.10","1090.00","1072.40","1075.00","1141.60","36.03","40.74","37.91","1113.34","46495.00","1105.80"
"Mon Aug 11 2025 09:15:00 GMT+0530 (India Standard Time)","1050.00","1059.60","1005.20","1011.60","1138.27","26.76","36.19","31.40","1109.07","375147.00","1101.88"
"Mon Aug 11 2025 13:15:00 GMT+0530 (India Standard Time)","1011.60","1020.10","1005.80","1008.90","1134.65","26.46","36.01","31.16","1104.30","217683.00","1097.40"
"Tue Aug 12 2025 09:15:00 GMT+0530 (India Standard Time)","991.80","1004.40","935.50","944.00","1129.73","20.56","32.21","26.30","1097.79","1117876.00","1090.86"
"Tue Aug 12 2025 13:15:00 GMT+0530 (India Standard Time)","944.30","947.00","939.50","944.00","1124.63","20.56","32.21","26.30","1090.71","340985.00","1083.31"
"Wed Aug 13 2025 09:15:00 GMT+0530 (India Standard Time)","943.50","958.50","931.10","931.70","1119.54","19.64","31.56","25.51","1083.66","466920.00","1074.61"
"Wed Aug 13 2025 13:15:00 GMT+0530 (India Standard Time)","931.70","945.00","930.50","945.00","1114.35","23.51","33.05","27.94","1076.92","305105.00","1065.49"
"Thu Aug 14 2025 09:15:00 GMT+0530 (India Standard Time)","945.00","952.80","930.10","931.00","1108.89","22.32","32.30","26.98","1070.77","216835.00","1055.93"
"Thu Aug 14 2025 13:15:00 GMT+0530 (India Standard Time)","931.20","935.20","930.00","933.40","1103.33","23.02","32.57","27.42","1064.66","128979.00","1046.71"
"Mon Aug 18 2025 09:15:00 GMT+0530 (India Standard Time)","948.00","954.00","938.30","951.60","1098.35","28.17","34.58","30.65","1059.02","193270.00","1037.95"
"Mon Aug 18 2025 13:15:00 GMT+0530 (India Standard Time)","951.60","979.70","949.00","964.60","1093.72","31.61","35.97","32.85","1054.35","342891.00","1030.36"
"Tue Aug 19 2025 09:15:00 GMT+0530 (India Standard Time)","962.00","993.20","960.00","989.60","1089.64","37.63","38.52","36.81","1050.09","416385.00","1024.05"
"Tue Aug 19 2025 13:15:00 GMT+0530 (India Standard Time)","989.10","1006.60","983.30","996.90","1085.96","39.27","39.25","37.91","1045.66","282465.00","1018.62"
"Wed Aug 20 2025 09:15:00 GMT+0530 (India Standard Time)","1005.00","1017.00","997.60","999.10","1082.40","39.77","39.46","38.25","1041.14","291403.00","1013.65"
"Wed Aug 20 2025 13:15:00 GMT+0530 (India Standard Time)","1000.00","1004.50","996.20","998.80","1078.96","39.72","39.44","38.22","1036.25","114454.00","1008.79"
"Thu Aug 21 2025 09:15:00 GMT+0530 (India Standard Time)","1004.90","1010.00","988.10","1000.40","1075.67","40.12","39.61","38.47","1031.78","268920.00","1004.27"
"Thu Aug 21 2025 13:15:00 GMT+0530 (India Standard Time)","1000.40","1001.30","993.30","998.00","1072.45","39.70","39.44","38.23","1026.93","98446.00","1000.13"
"Fri Aug 22 2025 09:15:00 GMT+0530 (India Standard Time)","996.10","1002.00","977.20","982.40","1068.96","37.11","38.40","36.68","1021.99","191389.00","995.60"
"Fri Aug 22 2025 13:15:00 GMT+0530 (India Standard Time)","982.40","987.90","979.10","985.60","1065.62","37.99","38.74","37.22","1017.29","104904.00","991.36"
"Mon Aug 25 2025 09:15:00 GMT+0530 (India Standard Time)","995.60","1099.00","991.60","1073.00","1063.89","55.62","46.85","49.27","1015.31","5363677.00","989.23"
"Mon Aug 25 2025 13:15:00 GMT+0530 (India Standard Time)","1073.00","1103.90","1060.10","1068.00","1062.55","54.69","46.49","48.72","1014.26","3616196.00","988.46"
"Tue Aug 26 2025 09:15:00 GMT+0530 (India Standard Time)","1078.80","1079.50","1042.00","1059.20","1060.96","53.04","45.86","47.75","1012.73","622699.00","987.60"
"Tue Aug 26 2025 13:15:00 GMT+0530 (India Standard Time)","1059.20","1062.40","1039.40","1044.00","1059.13","50.30","44.80","46.13","1011.12","184645.00","988.81"
"Thu Aug 28 2025 09:15:00 GMT+0530 (India Standard Time)","1042.80","1102.80","1030.00","1070.90","1057.63","54.66","47.02","49.27","1010.49","1741467.00","991.56"
"Thu Aug 28 2025 13:15:00 GMT+0530 (India Standard Time)","1071.10","1078.70","1062.80","1068.30","1056.10","54.18","46.83","48.99","1010.09","320165.00","996.92"
"Fri Aug 29 2025 09:15:00 GMT+0530 (India Standard Time)","1072.30","1081.10","1050.00","1052.60","1054.43","51.30","45.72","47.29","1009.64","290385.00","1002.42"
"Fri Aug 29 2025 13:15:00 GMT+0530 (India Standard Time)","1052.60","1061.50","1047.80","1055.10","1052.68","51.73","45.93","47.59","1007.94","137388.00","1007.97"
"Mon Sep 01 2025 09:15:00 GMT+0530 (India Standard Time)","1060.30","1069.70","1052.30","1064.40","1051.21","53.33","46.70","48.70","1006.82","157431.00","1013.75"
"Mon Sep 01 2025 13:15:00 GMT+0530 (India Standard Time)","1064.40","1079.00","1064.40","1074.50","1050.09","55.03","47.53","49.88","1006.59","136955.00","1020.27"
"Tue Sep 02 2025 09:15:00 GMT+0530 (India Standard Time)","1075.00","1093.90","1063.20","1086.60","1049.59","57.01","48.50","51.26","1008.58","171923.00","1027.39"
"Tue Sep 02 2025 13:15:00 GMT+0530 (India Standard Time)","1086.00","1087.80","1073.00","1080.10","1049.10","55.63","48.02","50.49","1011.03","89147.00","1033.64"
"Wed Sep 03 2025 09:15:00 GMT+0530 (India Standard Time)","1081.90","1101.90","1073.50","1097.40","1048.86","58.43","49.40","52.44","1015.66","174703.00","1039.74"
"Wed Sep 03 2025 13:15:00 GMT+0530 (India Standard Time)","1097.30","1101.00","1093.50","1095.10","1048.89","57.92","49.22","52.16","1021.13","111832.00","1045.13"
"Thu Sep 04 2025 09:15:00 GMT+0530 (India Standard Time)","1107.00","1120.00","1067.30","1074.50","1048.53","53.52","47.66","49.70","1026.37","255966.00","1049.33"
"Thu Sep 04 2025 13:15:00 GMT+0530 (India Standard Time)","1074.70","1079.40","1070.00","1071.00","1047.57","52.81","47.40","49.30","1031.13","72885.00","1052.64"
"Fri Sep 05 2025 09:15:00 GMT+0530 (India Standard Time)","1074.00","1079.90","1040.00","1061.20","1046.12","50.81","46.68","48.17","1035.50","310738.00","1055.55"
"Fri Sep 05 2025 13:15:00 GMT+0530 (India Standard Time)","1062.30","1068.50","1052.40","1062.50","1044.61","51.07","46.79","48.33","1040.08","99385.00","1058.49"
"Mon Sep 08 2025 09:15:00 GMT+0530 (India Standard Time)","1059.20","1078.00","1056.60","1067.10","1043.43","52.00","47.18","48.91","1044.34","125466.00","1061.80"
"Mon Sep 08 2025 13:15:00 GMT+0530 (India Standard Time)","1067.10","1068.00","1058.70","1062.00","1042.02","50.87","46.79","48.29","1047.86","58995.00","1065.45"
"Tue Sep 09 2025 09:15:00 GMT+0530 (India Standard Time)","1100.80","1145.00","1085.10","1119.50","1041.89","60.93","51.39","54.91","1052.70","3442418.00","1071.77"
"Tue Sep 09 2025 13:15:00 GMT+0530 (India Standard Time)","1119.50","1158.50","1115.00","1129.00","1042.23","62.27","52.09","55.87","1057.65","1736776.00","1075.28"
"Wed Sep 10 2025 09:15:00 GMT+0530 (India Standard Time)","1143.40","1155.00","1126.80","1131.40","1042.76","62.61","52.26","56.11","1062.41","427147.00","1078.19"
"Wed Sep 10 2025 13:15:00 GMT+0530 (India Standard Time)","1131.40","1134.80","1120.00","1128.00","1043.16","61.78","51.99","55.67","1066.97","170429.00","1081.42"
"Thu Sep 11 2025 09:15:00 GMT+0530 (India Standard Time)","1125.90","1132.00","1111.00","1114.90","1043.49","58.64","50.94","53.97","1071.25","215335.00","1084.79"
"Thu Sep 11 2025 13:15:00 GMT+0530 (India Standard Time)","1114.90","1116.00","1107.00","1113.80","1043.85","58.38","50.85","53.82","1075.35","102554.00","1086.88"
"Fri Sep 12 2025 09:15:00 GMT+0530 (India Standard Time)","1119.90","1131.50","1109.90","1114.30","1044.51","58.47","50.89","53.88","1080.04","205399.00","1089.17"
"Fri Sep 12 2025 13:15:00 GMT+0530 (India Standard Time)","1114.50","1124.40","1113.00","1122.00","1045.30","59.85","51.49","54.76","1084.88","83802.00","1092.08"
"Mon Sep 15 2025 09:15:00 GMT+0530 (India Standard Time)","1122.00","1131.30","1115.90","1128.80","1046.35","61.05","52.03","55.53","1087.41","113233.00","1095.48"
"Mon Sep 15 2025 13:15:00 GMT+0530 (India Standard Time)","1128.10","1129.00","1117.30","1122.90","1046.73","59.43","51.53","54.70","1089.04","66016.00","1098.35"
"Tue Sep 16 2025 09:15:00 GMT+0530 (India Standard Time)","1121.10","1131.30","1111.00","1113.40","1047.25","56.88","50.73","53.37","1091.13","118849.00","1100.46"
"Tue Sep 16 2025 13:15:00 GMT+0530 (India Standard Time)","1113.40","1116.00","1109.00","1116.00","1047.98","57.41","50.94","53.69","1093.45","61581.00","1101.97"
"Wed Sep 17 2025 09:15:00 GMT+0530 (India Standard Time)","1119.00","1152.60","1109.60","1141.80","1050.26","62.20","52.99","56.69","1095.83","303615.00","1104.64"
"Wed Sep 17 2025 13:15:00 GMT+0530 (India Standard Time)","1141.80","1143.00","1130.00","1138.50","1052.80","61.27","52.70","56.21","1098.24","100076.00","1106.78"
"Thu Sep 18 2025 09:15:00 GMT+0530 (India Standard Time)","1136.60","1139.80","1119.00","1121.00","1056.16","56.58","51.21","53.73","1100.57","118239.00","1108.16"
"Thu Sep 18 2025 13:15:00 GMT+0530 (India Standard Time)","1121.00","1156.00","1119.20","1143.00","1060.09","60.57","52.92","56.22","1103.59","183685.00","1110.84"
"Fri Sep 19 2025 09:15:00 GMT+0530 (India Standard Time)","1151.00","1170.00","1144.80","1151.30","1064.42","61.95","53.54","57.12","1106.92","313313.00","1114.72"
"Fri Sep 19 2025 13:15:00 GMT+0530 (India Standard Time)","1151.30","1161.10","1143.20","1148.30","1068.59","61.14","53.28","56.69","1109.72","128699.00","1118.99"
"Mon Sep 22 2025 09:15:00 GMT+0530 (India Standard Time)","1150.10","1164.70","1133.70","1159.80","1072.96","63.09","54.15","57.94","1112.27","226533.00","1123.42"
"Mon Sep 22 2025 13:15:00 GMT+0530 (India Standard Time)","1159.80","1162.10","1142.40","1150.00","1077.32","60.38","53.29","56.51","1114.81","96019.00","1127.42"
"Tue Sep 23 2025 09:15:00 GMT+0530 (India Standard Time)","1154.00","1167.00","1144.00","1150.00","1081.40","60.38","53.29","56.51","1117.05","131098.00","1131.71"
"Tue Sep 23 2025 13:15:00 GMT+0530 (India Standard Time)","1150.00","1159.70","1147.10","1156.00","1085.20","61.49","53.76","57.19","1119.11","66887.00","1133.49"
"Wed Sep 24 2025 09:15:00 GMT+0530 (India Standard Time)","1157.50","1158.00","1137.00","1140.50","1088.42","57.12","52.38","54.90","1121.18","91798.00","1134.02"
"Wed Sep 24 2025 13:15:00 GMT+0530 (India Standard Time)","1140.50","1143.00","1135.10","1135.10","1091.24","55.67","51.91","54.12","1123.48","49683.00","1134.06"
"Thu Sep 25 2025 09:15:00 GMT+0530 (India Standard Time)","1140.00","1140.00","1114.00","1121.50","1093.67","52.18","50.74","52.20","1125.79","101958.00","1133.90"
"Thu Sep 25 2025 13:15:00 GMT+0530 (India Standard Time)","1121.50","1121.50","1110.20","1114.50","1095.98","50.46","50.14","51.24","1127.73","42807.00","1133.75"
"Fri Sep 26 2025 09:15:00 GMT+0530 (India Standard Time)","1108.00","1108.00","1075.50","1083.70","1097.74","43.82","47.65","47.29","1128.51","181512.00","1132.57"
"Fri Sep 26 2025 13:15:00 GMT+0530 (India Standard Time)","1083.70","1084.00","1076.00","1083.00","1099.41","43.68","47.59","47.21","1129.16","72741.00","1130.85"
"Mon Sep 29 2025 09:15:00 GMT+0530 (India Standard Time)","1081.00","1094.90","1067.30","1074.00","1101.25","41.91","46.88","46.11","1127.81","95947.00","1128.82"
"Mon Sep 29 2025 13:15:00 GMT+0530 (India Standard Time)","1074.80","1104.40","1071.00","1078.30","1103.21","43.07","47.27","46.72","1126.03","92587.00","1126.76"
"Tue Sep 30 2025 09:15:00 GMT+0530 (India Standard Time)","1076.10","1078.80","1063.20","1066.00","1103.40","40.63","46.30","45.22","1123.59","60953.00","1124.16"
"Tue Sep 30 2025 13:15:00 GMT+0530 (India Standard Time)","1066.00","1077.40","1064.70","1073.90","1103.35","42.81","47.01","46.36","1121.61","44170.00","1122.03"
"Wed Oct 01 2025 09:15:00 GMT+0530 (India Standard Time)","1067.00","1070.00","1049.00","1059.20","1103.34","39.94","45.86","44.59","1119.47","138816.00","1119.41"
"Wed Oct 01 2025 13:15:00 GMT+0530 (India Standard Time)","1059.20","1073.80","1059.20","1073.80","1103.79","43.86","47.16","46.67","1117.92","53983.00","1116.26"
"Fri Oct 03 2025 09:15:00 GMT+0530 (India Standard Time)","1069.90","1080.10","1066.30","1071.00","1103.86","43.30","46.94","46.33","1116.27","65964.00","1113.14"
"Fri Oct 03 2025 13:15:00 GMT+0530 (India Standard Time)","1071.00","1079.90","1069.00","1079.90","1104.01","45.65","47.74","47.59","1114.72","41446.00","1110.86"
"Mon Oct 06 2025 09:15:00 GMT+0530 (India Standard Time)","1078.00","1097.70","1078.00","1084.20","1104.55","46.77","48.12","48.19","1113.34","122832.00","1108.27"
"Mon Oct 06 2025 13:15:00 GMT+0530 (India Standard Time)","1084.20","1096.00","1080.00","1091.30","1105.25","48.61","48.74","49.19","1112.12","53695.00","1105.19"
"Tue Oct 07 2025 09:15:00 GMT+0530 (India Standard Time)","1093.00","1094.90","1078.80","1081.30","1105.68","46.25","47.91","47.85","1110.92","69347.00","1102.04"
"Tue Oct 07 2025 13:15:00 GMT+0530 (India Standard Time)","1081.30","1083.70","1076.50","1081.90","1105.83","46.41","47.97","47.94","1109.75","41505.00","1098.54"
"Wed Oct 08 2025 09:15:00 GMT+0530 (India Standard Time)","1082.00","1084.90","1067.30","1076.70","1105.71","45.16","47.53","47.24","1107.66","60674.00","1094.98"
"Wed Oct 08 2025 13:15:00 GMT+0530 (India Standard Time)","1076.70","1089.80","1074.20","1083.00","1105.76","46.98","48.11","48.19","1105.70","43963.00","1091.64"
"Thu Oct 09 2025 09:15:00 GMT+0530 (India Standard Time)","1084.90","1084.90","1071.80","1073.80","1105.43","44.70","47.33","46.92","1103.93","56057.00","1087.89"
"Thu Oct 09 2025 13:15:00 GMT+0530 (India Standard Time)","1073.80","1075.70","1070.50","1072.00","1104.95","44.26","47.18","46.67","1101.55","36819.00","1084.49"
"Fri Oct 10 2025 09:15:00 GMT+0530 (India Standard Time)","1067.60","1079.50","1064.00","1068.50","1104.68","43.39","46.88","46.19","1098.52","60885.00","1081.30"
"Fri Oct 10 2025 13:15:00 GMT+0530 (India Standard Time)","1068.50","1070.30","1068.00","1070.30","1104.61","43.98","47.06","46.48","1095.62","31789.00","1078.71"
"Mon Oct 13 2025 09:15:00 GMT+0530 (India Standard Time)","1066.90","1094.20","1061.00","1080.40","1104.98","47.26","48.04","48.12","1092.97","126607.00","1076.98"
"Mon Oct 13 2025 13:15:00 GMT+0530 (India Standard Time)","1080.40","1087.00","1077.20","1077.30","1105.35","46.39","47.76","47.66","1090.43","51827.00","1076.60"
"Tue Oct 14 2025 09:15:00 GMT+0530 (India Standard Time)","1080.80","1101.40","1077.00","1089.60","1105.79","50.22","48.95","49.63","1088.13","143226.00","1076.98"
"Tue Oct 14 2025 13:15:00 GMT+0530 (India Standard Time)","1089.60","1091.70","1071.00","1075.00","1106.10","46.11","47.64","47.45","1085.45","69312.00","1077.01"
"Wed Oct 15 2025 09:15:00 GMT+0530 (India Standard Time)","1079.80","1094.50","1071.00","1078.50","1105.37","47.20","47.98","48.01","1083.17","113108.00","1076.89"
"Wed Oct 15 2025 13:15:00 GMT+0530 (India Standard Time)","1079.00","1080.00","1074.00","1074.00","1104.22","45.95","47.57","47.34","1080.97","48437.00","1077.23"
"Thu Oct 16 2025 09:15:00 GMT+0530 (India Standard Time)","1075.00","1093.40","1074.50","1076.00","1103.10","46.61","47.77","47.68","1079.40","95906.00","1077.58"
"Thu Oct 16 2025 13:15:00 GMT+0530 (India Standard Time)","1076.00","1079.60","1072.20","1075.00","1102.05","46.31","47.68","47.52","1077.98","52418.00","1078.35"
"Fri Oct 17 2025 09:15:00 GMT+0530 (India Standard Time)","1077.00","1088.80","1076.80","1082.50","1101.34","48.88","48.44","48.81","1077.75","71462.00","1078.95"
"Fri Oct 17 2025 13:15:00 GMT+0530 (India Standard Time)","1082.50","1089.40","1081.10","1085.10","1100.79","49.75","48.71","49.25","1077.90","42692.00","1079.57"
"Mon Oct 20 2025 09:15:00 GMT+0530 (India Standard Time)","1086.40","1105.00","1085.20","1100.20","1100.39","54.50","50.21","51.74","1078.55","130903.00","1080.54"
"Mon Oct 20 2025 13:15:00 GMT+0530 (India Standard Time)","1100.30","1115.00","1098.10","1114.40","1100.20","58.39","51.57","53.93","1079.43","87496.00","1081.71"
"Tue Oct 21 2025 13:15:00 GMT+0530 (India Standard Time)","1112.00","1125.00","1110.00","1119.00","1100.04","59.56","52.00","54.61","1081.16","47536.00","1083.07"
"Thu Oct 23 2025 09:15:00 GMT+0530 (India Standard Time)","1120.00","1123.90","1104.00","1111.20","1099.83","56.71","51.21","53.23","1082.63","126740.00","1084.43"
"Thu Oct 23 2025 13:15:00 GMT+0530 (India Standard Time)","1110.30","1111.90","1094.30","1100.00","1099.51","52.90","50.10","51.31","1084.15","57074.00","1085.41"
"Fri Oct 24 2025 09:15:00 GMT+0530 (India Standard Time)","1098.30","1121.40","1096.50","1113.10","1099.45","56.49","51.35","53.34","1085.63","79497.00","1087.05"
"Fri Oct 24 2025 13:15:00 GMT+0530 (India Standard Time)","1113.10","1116.20","1107.00","1112.00","1098.96","56.11","51.24","53.15","1087.03","35254.00","1088.45"
"Mon Oct 27 2025 09:15:00 GMT+0530 (India Standard Time)","1109.50","1121.40","1103.90","1113.00","1098.46","56.39","51.34","53.30","1088.34","108156.00","1090.20"
"Mon Oct 27 2025 13:15:00 GMT+0530 (India Standard Time)","1113.00","1117.00","1111.30","1116.00","1098.26","57.25","51.63","53.78","1089.34","39602.00","1092.23"
"Tue Oct 28 2025 09:15:00 GMT+0530 (India Standard Time)","1114.40","1124.90","1080.60","1087.90","1097.36","48.00","48.83","48.98","1089.65","152341.00","1093.43"
"Tue Oct 28 2025 13:15:00 GMT+0530 (India Standard Time)","1087.90","1089.10","1078.00","1080.00","1095.91","45.82","48.08","47.74","1089.56","74386.00","1094.00"
"Wed Oct 29 2025 09:15:00 GMT+0530 (India Standard Time)","1085.00","1097.70","1085.00","1091.70","1094.73","49.40","49.25","49.67","1089.94","79401.00","1094.60"
"Wed Oct 29 2025 13:15:00 GMT+0530 (India Standard Time)","1091.70","1112.00","1087.40","1102.20","1093.66","52.36","50.28","51.33","1090.81","61480.00","1095.61"
"Thu Oct 30 2025 09:15:00 GMT+0530 (India Standard Time)","1105.50","1119.00","1101.50","1112.50","1092.87","55.08","51.26","52.90","1091.83","77198.00","1096.65"
"Thu Oct 30 2025 13:15:00 GMT+0530 (India Standard Time)","1112.50","1114.50","1109.50","1113.00","1092.06","55.21","51.31","52.97","1093.10","35861.00","1098.29"
"Fri Oct 31 2025 09:15:00 GMT+0530 (India Standard Time)","1105.00","1119.00","1104.00","1108.80","1091.17","53.83","50.88","52.25","1094.45","71148.00","1099.69"
"Fri Oct 31 2025 13:15:00 GMT+0530 (India Standard Time)","1108.80","1108.80","1098.10","1101.50","1090.34","51.49","50.15","51.00","1095.60","42469.00","1100.98"
"Mon Nov 03 2025 09:15:00 GMT+0530 (India Standard Time)","1102.00","1110.60","1092.60","1094.90","1089.57","49.45","49.49","49.90","1096.67","50370.00","1101.85"
"Mon Nov 03 2025 13:15:00 GMT+0530 (India Standard Time)","1094.90","1098.50","1091.60","1096.60","1089.00","49.99","49.66","50.18","1097.27","25104.00","1102.82"
"Tue Nov 04 2025 09:15:00 GMT+0530 (India Standard Time)","1094.00","1100.70","1082.50","1092.40","1088.53","48.65","49.24","49.46","1097.68","73927.00","1103.26"
"Tue Nov 04 2025 13:15:00 GMT+0530 (India Standard Time)","1091.20","1102.90","1091.00","1099.00","1088.74","50.82","49.93","50.61","1097.98","30399.00","1103.87"
"Thu Nov 06 2025 09:15:00 GMT+0530 (India Standard Time)","1098.40","1103.20","1066.80","1073.20","1088.69","43.31","47.38","46.39","1098.04","72313.00","1102.99"
"Thu Nov 06 2025 13:15:00 GMT+0530 (India Standard Time)","1073.20","1075.70","1069.10","1070.10","1088.56","42.51","47.08","45.91","1097.70","51419.00","1101.12"
"Fri Nov 07 2025 09:15:00 GMT+0530 (India Standard Time)","1051.00","1054.50","1015.00","1024.00","1087.49","33.06","43.04","39.72","1096.10","269970.00","1096.89"
"Fri Nov 07 2025 13:15:00 GMT+0530 (India Standard Time)","1024.40","1027.60","1020.40","1024.40","1086.61","33.20","43.09","39.79","1094.05","92306.00","1092.68"
"Mon Nov 10 2025 09:15:00 GMT+0530 (India Standard Time)","1015.00","1019.70","994.30","1001.40","1085.24","29.58","41.25","37.15","1091.54","164245.00","1088.05"
"Mon Nov 10 2025 13:15:00 GMT+0530 (India Standard Time)","1001.40","1005.00","1000.00","1002.50","1084.10","29.97","41.38","37.35","1088.67","51248.00","1082.88"
"Tue Nov 11 2025 09:15:00 GMT+0530 (India Standard Time)","997.00","1007.00","991.00","997.10","1082.66","29.15","40.95","36.75","1085.57","63485.00","1077.46"
"Tue Nov 11 2025 13:15:00 GMT+0530 (India Standard Time)","997.10","1000.50","996.00","1000.00","1081.20","30.22","41.28","37.31","1082.07","38617.00","1072.05"
"Wed Nov 12 2025 09:15:00 GMT+0530 (India Standard Time)","1004.90","1006.90","993.80","1000.50","1079.67","30.41","41.34","37.40","1078.19","104235.00","1066.59"
"Wed Nov 12 2025 13:15:00 GMT+0530 (India Standard Time)","1000.50","1001.50","997.30","997.30","1077.91","29.86","41.08","37.02","1073.93","45347.00","1061.97"
"Thu Nov 13 2025 09:15:00 GMT+0530 (India Standard Time)","1002.00","1007.90","993.50","995.30","1076.08","29.52","40.91","36.78","1069.85","71375.00","1057.98"
"Thu Nov 13 2025 13:15:00 GMT+0530 (India Standard Time)","995.30","995.30","986.00","986.60","1074.17","28.02","40.20","35.74","1065.82","51314.00","1053.08"
"Fri Nov 14 2025 09:15:00 GMT+0530 (India Standard Time)","988.00","988.00","959.30","979.40","1072.08","26.84","39.62","34.89","1061.01","120814.00","1047.16"
"Fri Nov 14 2025 13:15:00 GMT+0530 (India Standard Time)","979.00","986.00","976.40","985.00","1070.22","29.27","40.30","36.10","1056.39","31795.00","1041.05"
"Mon Nov 17 2025 09:15:00 GMT+0530 (India Standard Time)","983.50","991.00","979.70","982.80","1068.25","28.88","40.12","35.83","1051.81","92076.00","1034.93"
"Mon Nov 17 2025 13:15:00 GMT+0530 (India Standard Time)","982.80","991.00","980.00","991.00","1066.49","32.46","41.13","37.61","1047.26","60444.00","1029.13"
"Tue Nov 18 2025 09:15:00 GMT+0530 (India Standard Time)","992.10","992.10","975.00","977.10","1064.65","29.79","39.97","35.88","1043.10","75003.00","1023.31"
"Tue Nov 18 2025 13:15:00 GMT+0530 (India Standard Time)","977.10","977.40","970.50","972.00","1062.70","28.87","39.55","35.26","1039.21","45391.00","1017.35"
"Wed Nov 19 2025 09:15:00 GMT+0530 (India Standard Time)","975.90","976.30","963.00","964.00","1060.65","27.48","38.90","34.32","1034.79","72241.00","1011.20"
"Wed Nov 19 2025 13:15:00 GMT+0530 (India Standard Time)","964.00","975.60","964.00","969.10","1058.45","29.75","39.55","35.45","1030.11","43795.00","1005.37"
"Thu Nov 20 2025 09:15:00 GMT+0530 (India Standard Time)","975.30","977.90","965.90","969.40","1056.27","29.88","39.59","35.52","1025.12","62125.00","999.30"
"Thu Nov 20 2025 13:15:00 GMT+0530 (India Standard Time)","969.40","970.00","965.00","965.00","1053.81","29.02","39.22","34.97","1019.91","30828.00","993.93"
"Fri Nov 21 2025 09:15:00 GMT+0530 (India Standard Time)","968.50","970.70","957.00","964.70","1051.53","28.96","39.19","34.93","1014.68","45200.00","988.84"
"Fri Nov 21 2025 13:15:00 GMT+0530 (India Standard Time)","964.70","966.20","959.00","965.00","1049.20","29.12","39.23","35.00","1009.70","23704.00","985.71"
"Mon Nov 24 2025 09:15:00 GMT+0530 (India Standard Time)","961.90","1005.00","958.60","962.90","1047.13","28.66","39.05","34.72","1005.28","393019.00","983.24"
"Mon Nov 24 2025 13:15:00 GMT+0530 (India Standard Time)","962.90","982.90","960.00","980.50","1045.05","37.27","41.38","38.92","1000.96","105477.00","981.90"
"Tue Nov 25 2025 09:15:00 GMT+0530 (India Standard Time)","976.00","976.00","965.00","971.90","1042.97","35.10","40.61","37.70","996.64","56969.00","980.41"
"Tue Nov 25 2025 13:15:00 GMT+0530 (India Standard Time)","971.90","972.90","965.10","971.20","1040.72","34.92","40.55","37.61","992.07","46169.00","979.08"
"Wed Nov 26 2025 09:15:00 GMT+0530 (India Standard Time)","978.90","978.90","967.50","971.10","1038.46","34.90","40.54","37.59","988.19","33186.00","977.79"
"Wed Nov 26 2025 13:15:00 GMT+0530 (India Standard Time)","971.10","975.90","971.10","975.00","1035.99","36.82","41.06","38.54","984.71","20931.00","976.55"
"Thu Nov 27 2025 09:15:00 GMT+0530 (India Standard Time)","977.00","982.60","971.40","980.30","1033.35","39.38","41.78","39.82","982.81","66088.00","975.61"
"Thu Nov 27 2025 13:15:00 GMT+0530 (India Standard Time)","980.30","986.00","976.60","985.00","1030.65","41.58","42.40","40.93","981.32","100349.00","974.90"
"Fri Nov 28 2025 09:15:00 GMT+0530 (India Standard Time)","985.00","996.70","975.00","992.40","1028.18","44.88","43.38","42.66","980.71","70939.00","974.93"
"Fri Nov 28 2025 13:15:00 GMT+0530 (India Standard Time)","992.40","997.00","989.70","997.00","1026.05","46.85","43.99","43.71","980.43","53655.00","975.81"
"Mon Dec 01 2025 09:15:00 GMT+0530 (India Standard Time)","995.70","997.80","976.95","981.00","1023.52","41.45","42.39","41.02","979.96","49429.00","975.87"
"Mon Dec 01 2025 13:15:00 GMT+0530 (India Standard Time)","981.80","983.40","979.00","981.00","1020.90","41.45","42.39","41.02","979.33","20330.00","975.72"
"Tue Dec 02 2025 09:15:00 GMT+0530 (India Standard Time)","984.95","984.95","969.00","973.75","1018.15","39.20","41.68","39.84","978.46","52925.00","975.11"
"Tue Dec 02 2025 13:15:00 GMT+0530 (India Standard Time)","973.75","990.00","970.10","983.00","1015.48","43.33","42.92","42.03","977.82","40343.00","975.17"
"Wed Dec 03 2025 09:15:00 GMT+0530 (India Standard Time)","982.00","985.10","970.00","972.80","1013.08","40.17","41.92","40.37","977.01","36379.00","975.27"
"Wed Dec 03 2025 13:15:00 GMT+0530 (India Standard Time)","972.80","975.00","968.05","973.40","1010.89","40.44","42.00","40.51","976.39","41839.00","975.54"
"Thu Dec 04 2025 09:15:00 GMT+0530 (India Standard Time)","972.85","972.85","965.25","970.70","1008.46","39.60","41.73","40.07","976.18","29222.00","975.56"
"Thu Dec 04 2025 13:15:00 GMT+0530 (India Standard Time)","970.70","981.00","969.25","980.80","1006.00","44.15","43.11","42.48","975.99","30294.00","975.91"
"Fri Dec 05 2025 09:15:00 GMT+0530 (India Standard Time)","976.65","976.65","962.00","963.50","1003.10","38.88","41.40","39.66","975.37","57733.00","975.92"
"Fri Dec 05 2025 13:15:00 GMT+0530 (India Standard Time)","963.50","964.35","960.00","962.85","1000.10","38.70","41.34","39.56","974.48","33499.00","975.83"
"Mon Dec 08 2025 09:15:00 GMT+0530 (India Standard Time)","962.25","965.20","926.00","926.00","996.61","30.26","38.01","34.43","972.97","133206.00","974.50"
"Mon Dec 08 2025 13:15:00 GMT+0530 (India Standard Time)","926.30","928.00","921.10","924.00","993.05","29.89","37.84","34.18","971.22","77712.00","972.21"
"Tue Dec 09 2025 09:15:00 GMT+0530 (India Standard Time)","924.90","936.25","909.00","931.85","989.63","33.26","38.92","36.04","969.72","128641.00","969.89"
"Tue Dec 09 2025 13:15:00 GMT+0530 (India Standard Time)","931.05","945.20","927.20","938.50","986.46","36.01","39.82","37.57","968.56","70275.00","968.28"
"Wed Dec 10 2025 09:15:00 GMT+0530 (India Standard Time)","933.85","937.35","923.85","927.40","983.20","33.59","38.85","36.09","967.07","67449.00","966.32"
"Wed Dec 10 2025 13:15:00 GMT+0530 (India Standard Time)","927.40","934.90","925.00","930.00","979.84","34.67","39.20","36.69","965.76","31324.00","964.31"
"Thu Dec 11 2025 09:15:00 GMT+0530 (India Standard Time)","935.40","935.40","921.45","924.65","976.79","33.49","38.73","35.97","964.44","71303.00","962.04"
"Thu Dec 11 2025 13:15:00 GMT+0530 (India Standard Time)","924.65","926.85","924.00","925.70","973.88","33.95","38.88","36.22","963.09","29033.00","959.51"
"Fri Dec 12 2025 09:15:00 GMT+0530 (India Standard Time)","936.00","936.00","922.20","929.50","971.87","35.65","39.41","37.15","961.44","78242.00","956.95"
"Fri Dec 12 2025 13:15:00 GMT+0530 (India Standard Time)","929.50","940.95","920.00","937.00","970.07","38.90","40.46","38.94","959.94","84895.00","954.31"
"Mon Dec 15 2025 09:15:00 GMT+0530 (India Standard Time)","935.00","998.90","930.05","988.75","969.51","55.28","46.91","49.21","960.00","950618.00","953.43"
"Mon Dec 15 2025 13:15:00 GMT+0530 (India Standard Time)","988.75","1009.50","985.80","989.85","969.34","55.55","47.04","49.40","960.91","466018.00","953.88"
"Tue Dec 16 2025 09:15:00 GMT+0530 (India Standard Time)","993.00","993.00","973.05","979.55","969.00","52.48","46.01","47.71","961.24","142216.00","953.89"
"Tue Dec 16 2025 13:15:00 GMT+0530 (India Standard Time)","979.55","982.70","971.00","971.00","968.50","50.07","45.18","46.36","961.27","58616.00","953.82"
"Wed Dec 17 2025 09:15:00 GMT+0530 (India Standard Time)","966.60","968.95","950.00","950.00","967.59","44.76","43.22","43.27","960.49","93765.00","952.55"
"Wed Dec 17 2025 13:15:00 GMT+0530 (India Standard Time)","950.00","951.95","942.75","945.50","966.55","43.72","42.82","42.64","959.22","56842.00","951.18"
"Thu Dec 18 2025 09:15:00 GMT+0530 (India Standard Time)","947.50","947.50","929.00","929.85","965.27","40.30","41.44","40.54","957.34","85767.00","949.35"
"Thu Dec 18 2025 13:15:00 GMT+0530 (India Standard Time)","929.85","929.85","922.45","925.70","964.01","39.44","41.09","40.01","954.89","73137.00","947.26"
"Fri Dec 19 2025 09:15:00 GMT+0530 (India Standard Time)","926.60","930.00","920.85","922.20","962.96","38.70","40.79","39.55","952.71","68867.00","944.68"
"Fri Dec 19 2025 13:15:00 GMT+0530 (India Standard Time)","922.20","930.00","922.00","925.30","961.81","39.74","41.17","40.17","950.74","52436.00","942.74"
"Mon Dec 22 2025 09:15:00 GMT+0530 (India Standard Time)","931.95","946.65","929.60","943.00","960.94","45.31","43.33","43.57","949.45","83773.00","941.69"
"Mon Dec 22 2025 13:15:00 GMT+0530 (India Standard Time)","943.00","958.90","942.30","953.20","960.21","48.20","44.53","45.41","948.39","81846.00","942.46"
"Tue Dec 23 2025 09:15:00 GMT+0530 (India Standard Time)","961.00","973.00","952.80","969.00","959.93","52.30","46.32","48.10","948.00","189588.00","944.44"
"Tue Dec 23 2025 13:15:00 GMT+0530 (India Standard Time)","969.00","981.75","967.05","971.50","959.93","52.92","46.59","48.51","948.04","133757.00","946.62"
"Wed Dec 24 2025 09:15:00 GMT+0530 (India Standard Time)","970.70","981.40","959.00","960.15","959.89","49.84","45.51","46.77","947.94","75610.00","947.94"
"Wed Dec 24 2025 13:15:00 GMT+0530 (India Standard Time)","960.15","962.20","959.00","960.20","959.71","49.85","45.51","46.78","947.35","22392.00","949.44"
"Fri Dec 26 2025 09:15:00 GMT+0530 (India Standard Time)","960.60","960.70","951.00","953.95","959.40","48.15","44.92","45.82","946.92","55626.00","950.63"
"Fri Dec 26 2025 13:15:00 GMT+0530 (India Standard Time)","953.95","954.95","948.10","953.50","959.12","48.02","44.87","45.76","946.55","36199.00","951.86"
"Mon Dec 29 2025 09:15:00 GMT+0530 (India Standard Time)","955.00","955.00","932.50","934.50","958.62","43.10","43.09","42.93","946.61","72523.00","952.51"
"Mon Dec 29 2025 13:15:00 GMT+0530 (India Standard Time)","934.50","936.70","930.10","933.00","958.01","42.73","42.95","42.72","946.93","60496.00","952.69"
"Tue Dec 30 2025 09:15:00 GMT+0530 (India Standard Time)","937.90","937.90","922.50","923.40","957.10","40.44","42.08","41.36","947.01","64505.00","952.36"
"Tue Dec 30 2025 13:15:00 GMT+0530 (India Standard Time)","923.40","948.40","922.30","926.95","956.20","41.66","42.52","42.06","946.85","150175.00","950.20"
"Wed Dec 31 2025 09:15:00 GMT+0530 (India Standard Time)","931.05","957.95","926.30","952.30","955.72","49.39","45.53","46.73","947.42","90227.00","947.98"
"Wed Dec 31 2025 13:15:00 GMT+0530 (India Standard Time)","952.30","953.90","944.05","946.20","955.27","47.79","44.95","45.82","948.07","49438.00","946.38"
"Thu Jan 01 2026 09:15:00 GMT+0530 (India Standard Time)","954.00","957.00","943.10","943.35","954.76","47.05","44.68","45.39","948.80","32674.00","945.08"
"Thu Jan 01 2026 13:15:00 GMT+0530 (India Standard Time)","943.35","949.00","941.45","943.00","954.16","46.95","44.65","45.34","949.48","23616.00","944.58"
"Fri Jan 02 2026 09:15:00 GMT+0530 (India Standard Time)","948.40","969.95","940.55","967.60","953.81","53.82","47.46","49.62","950.56","171766.00","945.29"
"Fri Jan 02 2026 13:15:00 GMT+0530 (India Standard Time)","967.60","981.00","966.40","975.00","953.64","55.63","48.26","50.81","952.04","95144.00","947.21"
"Mon Jan 05 2026 09:15:00 GMT+0530 (India Standard Time)","979.00","981.40","953.10","954.00","953.07","49.80","46.22","47.53","951.69","103418.00","948.86"
"Mon Jan 05 2026 13:15:00 GMT+0530 (India Standard Time)","954.00","957.85","951.00","953.05","952.24","49.56","46.13","47.39","950.22","60016.00","950.29"
"Tue Jan 06 2026 09:15:00 GMT+0530 (India Standard Time)","959.90","959.90","934.10","939.20","951.42","46.06","44.83","45.35","948.89","107806.00","951.12"
"Tue Jan 06 2026 13:15:00 GMT+0530 (India Standard Time)","939.20","940.90","934.20","940.90","950.58","46.55","45.03","45.64","947.59","43791.00","951.05"
"Wed Jan 07 2026 09:15:00 GMT+0530 (India Standard Time)","936.00","938.80","925.50","930.20","949.70","43.94","44.04","44.10","946.71","80001.00","950.07"
"Wed Jan 07 2026 13:15:00 GMT+0530 (India Standard Time)","930.20","940.00","928.35","935.20","948.76","45.44","44.62","45.00","946.27","49966.00","948.58"
"Thu Jan 08 2026 09:15:00 GMT+0530 (India Standard Time)","935.90","948.95","926.00","929.35","947.92","43.99","44.07","44.15","946.24","144051.00","946.70"
"Thu Jan 08 2026 13:15:00 GMT+0530 (India Standard Time)","929.35","936.45","926.80","933.40","947.12","45.26","44.55","44.89","946.47","66835.00","945.14"
"Fri Jan 09 2026 09:15:00 GMT+0530 (India Standard Time)","935.00","937.50","910.10","911.05","946.08","40.01","42.52","41.75","946.30","160885.00","943.09"
"Fri Jan 09 2026 13:15:00 GMT+0530 (India Standard Time)","911.70","923.95","910.55","915.80","944.85","41.52","43.08","42.63","945.97","77292.00","941.27"
"Mon Jan 12 2026 09:15:00 GMT+0530 (India Standard Time)","915.80","919.90","876.15","889.60","943.39","36.23","40.84","39.27","944.38","192845.00","938.47"
"Mon Jan 12 2026 13:15:00 GMT+0530 (India Standard Time)","889.60","893.15","886.20","892.75","941.97","37.24","41.22","39.86","942.21","62620.00","936.19"
"Tue Jan 13 2026 09:15:00 GMT+0530 (India Standard Time)","891.00","912.00","883.10","884.10","941.07","35.61","40.50","38.80","939.65","92340.00","934.17"
"Tue Jan 13 2026 13:15:00 GMT+0530 (India Standard Time)","884.10","890.90","882.60","885.95","940.31","36.24","40.72","39.15","936.54","41241.00","932.25"
"Wed Jan 14 2026 09:15:00 GMT+0530 (India Standard Time)","888.10","890.95","876.70","884.70","939.45","35.99","40.62","39.00","933.59","83940.00","930.01"
"Wed Jan 14 2026 13:15:00 GMT+0530 (India Standard Time)","884.70","886.70","872.00","874.20","938.24","33.94","39.74","37.69","930.63","75718.00","926.66"
"Fri Jan 16 2026 09:15:00 GMT+0530 (India Standard Time)","874.20","874.40","859.00","861.00","936.94","31.57","38.67","36.12","927.40","132093.00","922.67"
"Fri Jan 16 2026 13:15:00 GMT+0530 (India Standard Time)","861.00","861.45","845.00","852.40","935.39","30.13","37.99","35.15","923.85","142316.00","918.20"
"Mon Jan 19 2026 09:15:00 GMT+0530 (India Standard Time)","848.00","848.00","830.30","833.90","933.59","27.31","36.58","33.16","920.17","132022.00","913.08"
"Mon Jan 19 2026 13:15:00 GMT+0530 (India Standard Time)","833.90","836.75","830.00","831.90","931.73","27.02","36.44","32.95","916.58","45695.00","906.94"
"Tue Jan 20 2026 09:15:00 GMT+0530 (India Standard Time)","830.00","830.10","812.00","813.00","929.49","24.47","35.07","31.07","912.67","175717.00","899.45"
"Tue Jan 20 2026 13:15:00 GMT+0530 (India Standard Time)","813.00","813.00","801.00","804.40","926.93","23.42","34.47","30.26","908.15","100901.00","892.08"
"Wed Jan 21 2026 09:15:00 GMT+0530 (India Standard Time)","804.00","813.20","790.00","800.15","923.41","22.91","34.17","29.86","903.00","269315.00","884.80"
"Wed Jan 21 2026 13:15:00 GMT+0530 (India Standard Time)","800.20","807.25","787.35","797.00","919.48","22.52","33.95","29.57","897.61","102274.00","877.85"
"Thu Jan 22 2026 09:15:00 GMT+0530 (India Standard Time)","806.10","816.05","796.95","801.90","915.94","24.59","34.62","30.66","892.51","129034.00","871.42"
"Thu Jan 22 2026 13:15:00 GMT+0530 (India Standard Time)","801.90","809.90","800.00","809.90","912.61","27.88","35.69","32.43","887.58","61067.00","865.52"
"Fri Jan 23 2026 09:15:00 GMT+0530 (India Standard Time)","812.00","814.75","795.10","796.80","909.53","25.93","34.74","31.09","881.97","109782.00","859.15"
"Fri Jan 23 2026 13:15:00 GMT+0530 (India Standard Time)","796.80","796.80","788.00","791.35","906.44","25.16","34.35","30.56","875.47","81238.00","852.41"
"Tue Jan 27 2026 09:15:00 GMT+0530 (India Standard Time)","797.55","809.80","775.45","800.10","903.69","28.72","35.53","32.48","869.48","205373.00","845.93"
"Tue Jan 27 2026 13:15:00 GMT+0530 (India Standard Time)","800.10","815.40","795.50","812.30","901.35","33.36","37.13","35.07","864.25","66160.00","840.76"
"Wed Jan 28 2026 09:15:00 GMT+0530 (India Standard Time)","812.75","823.80","799.15","819.65","899.18","35.99","38.07","36.57","859.60","110216.00","835.95"
"Wed Jan 28 2026 13:15:00 GMT+0530 (India Standard Time)","819.65","838.50","818.65","837.50","897.33","41.85","40.28","40.05","855.78","65194.00","833.06"
"Thu Jan 29 2026 09:15:00 GMT+0530 (India Standard Time)","833.70","837.70","808.10","834.25","895.09","41.13","40.02","39.64","852.04","174433.00","830.07"
"Thu Jan 29 2026 13:15:00 GMT+0530 (India Standard Time)","834.40","846.70","830.85","839.00","892.83","42.64","40.60","40.55","848.62","93544.00","827.60"
"Fri Jan 30 2026 09:15:00 GMT+0530 (India Standard Time)","838.00","854.00","819.45","844.00","890.32","44.23","41.21","41.50","845.20","130536.00","825.41"
"Fri Jan 30 2026 13:15:00 GMT+0530 (India Standard Time)","844.00","856.60","842.00","851.95","887.87","46.69","42.17","42.99","842.27","55371.00","823.81"
"Sun Feb 01 2026 09:15:00 GMT+0530 (India Standard Time)","855.00","909.95","836.10","899.95","886.30","58.34","47.46","50.79","840.93","633925.00","824.27"
"Sun Feb 01 2026 13:15:00 GMT+0530 (India Standard Time)","900.00","900.00","883.10","887.00","884.87","54.94","46.30","48.93","839.98","185180.00","825.48"
"Mon Feb 02 2026 09:15:00 GMT+0530 (India Standard Time)","887.30","887.30","858.55","875.90","883.26","52.20","45.33","47.40","839.22","182604.00","826.51"
"Mon Feb 02 2026 13:15:00 GMT+0530 (India Standard Time)","876.25","898.85","871.30","878.90","881.85","52.87","45.64","47.85","838.94","115512.00","828.68"
"Tue Feb 03 2026 09:15:00 GMT+0530 (India Standard Time)","919.00","919.00","854.65","874.15","880.68","51.67","45.22","47.19","838.57","212337.00","830.95"
"Tue Feb 03 2026 13:15:00 GMT+0530 (India Standard Time)","873.75","877.00","862.30","868.00","879.39","50.12","44.69","46.34","837.95","150250.00","833.42"
"Wed Feb 04 2026 09:15:00 GMT+0530 (India Standard Time)","869.90","897.80","857.55","874.20","878.38","51.65","45.35","47.33","837.68","247346.00","836.77"
"Wed Feb 04 2026 13:15:00 GMT+0530 (India Standard Time)","874.20","879.50","867.00","879.50","877.28","52.95","45.92","48.17","837.60","84195.00","840.36"
"Thu Feb 05 2026 09:15:00 GMT+0530 (India Standard Time)","877.05","897.80","861.45","894.80","876.08","56.48","47.53","50.51","838.31","208114.00","844.65"
"Thu Feb 05 2026 13:15:00 GMT+0530 (India Standard Time)","894.05","898.50","890.30","897.00","875.04","56.97","47.76","50.83","839.82","82895.00","849.01"
"Fri Feb 06 2026 09:15:00 GMT+0530 (India Standard Time)","897.00","930.00","883.65","915.55","874.33","60.86","49.63","53.51","842.40","270480.00","853.95"
"Fri Feb 06 2026 13:15:00 GMT+0530 (India Standard Time)","915.55","924.60","914.10","918.00","873.82","61.34","49.87","53.85","845.47","74487.00","859.56"
"Mon Feb 09 2026 09:15:00 GMT+0530 (India Standard Time)","926.00","940.00","921.50","923.55","873.14","62.45","50.42","54.62","849.40","124304.00","866.00"
"Mon Feb 09 2026 13:15:00 GMT+0530 (India Standard Time)","923.55","929.10","921.00","923.00","872.13","62.26","50.36","54.53","853.62","86411.00","872.08"
"Tue Feb 10 2026 09:15:00 GMT+0530 (India Standard Time)","926.00","937.00","921.00","926.75","871.48","63.05","50.74","55.07","858.16","80933.00","877.75"
"Tue Feb 10 2026 13:15:00 GMT+0530 (India Standard Time)","926.75","927.45","919.00","920.00","870.84","60.66","50.04","53.89","862.63","45690.00","882.80"
"Wed Feb 11 2026 09:15:00 GMT+0530 (India Standard Time)","921.00","922.05","908.65","914.05","870.27","58.61","49.43","52.86","866.55","57487.00","886.68"
"Wed Feb 11 2026 13:15:00 GMT+0530 (India Standard Time)","914.05","917.40","910.15","915.70","869.78","59.02","49.61","53.11","870.40","37341.00","890.79"
"Thu Feb 12 2026 09:15:00 GMT+0530 (India Standard Time)","912.00","917.25","901.35","909.45","869.34","56.81","48.96","52.02","874.23","87238.00","894.14"
"Thu Feb 12 2026 13:15:00 GMT+0530 (India Standard Time)","909.45","911.45","898.00","901.50","868.71","54.12","48.15","50.65","878.21","44012.00","897.13"
"Fri Feb 13 2026 09:15:00 GMT+0530 (India Standard Time)","895.00","898.65","876.05","896.50","867.88","52.47","47.64","49.80","881.62","109389.00","899.10"
"Fri Feb 13 2026 13:15:00 GMT+0530 (India Standard Time)","896.50","902.00","893.00","896.00","867.16","52.30","47.59","49.71","884.81","64158.00","899.59"
"Mon Feb 16 2026 09:15:00 GMT+0530 (India Standard Time)","889.95","908.40","882.55","902.30","866.79","54.23","48.30","50.81","887.79","103706.00","900.05"
"Mon Feb 16 2026 13:15:00 GMT+0530 (India Standard Time)","902.30","913.50","901.05","908.00","866.62","55.92","48.94","51.79","890.50","70285.00","901.63"
"Tue Feb 17 2026 09:15:00 GMT+0530 (India Standard Time)","907.85","932.10","901.55","918.80","867.10","58.94","50.12","53.59","893.75","95396.00","903.33"
"Tue Feb 17 2026 13:15:00 GMT+0530 (India Standard Time)","918.80","923.90","915.55","919.00","867.66","59.00","50.14","53.62","896.63","43044.00","905.18"
"Wed Feb 18 2026 09:15:00 GMT+0530 (India Standard Time)","918.95","919.30","897.00","900.60","867.93","52.28","48.17","50.24","899.00","71856.00","906.88"
"Wed Feb 18 2026 13:15:00 GMT+0530 (India Standard Time)","900.60","900.60","894.00","897.00","868.15","51.08","47.79","49.61","900.68","48918.00","907.89"
"Thu Feb 19 2026 09:15:00 GMT+0530 (India Standard Time)","898.00","902.70","880.25","880.60","868.18","46.05","46.13","46.87","900.89","74049.00","908.35"
"Thu Feb 19 2026 13:15:00 GMT+0530 (India Standard Time)","880.60","883.60","870.10","871.50","868.13","43.55","45.24","45.43","900.35","50240.00","907.73"
"Fri Feb 20 2026 09:15:00 GMT+0530 (India Standard Time)","865.00","873.60","863.50","867.45","868.21","42.47","44.85","44.80","900.15","95980.00","906.41"
"Fri Feb 20 2026 13:15:00 GMT+0530 (India Standard Time)","867.45","870.00","861.25","866.00","868.47","42.08","44.70","44.58","899.53","56472.00","904.25"
"Mon Feb 23 2026 09:15:00 GMT+0530 (India Standard Time)","869.00","885.95","867.55","874.40","869.25","45.16","45.71","46.20","899.30","86145.00","902.19"
"Mon Feb 23 2026 13:15:00 GMT+0530 (India Standard Time)","873.90","882.30","866.90","876.00","870.11","45.73","45.91","46.51","899.51","50913.00","899.73"
"Tue Feb 24 2026 09:15:00 GMT+0530 (India Standard Time)","877.35","877.75","866.50","867.95","871.17","43.33","45.09","45.17","899.30","40978.00","897.15"
"Tue Feb 24 2026 13:15:00 GMT+0530 (India Standard Time)","869.15","869.15","862.00","867.00","872.38","43.05","44.99","45.02","898.97","41281.00","894.22"
"Wed Feb 25 2026 09:15:00 GMT+0530 (India Standard Time)","868.00","876.65","866.10","869.05","873.77","43.87","45.25","45.44","898.47","51100.00","891.77"
"Wed Feb 25 2026 13:15:00 GMT+0530 (India Standard Time)","869.05","872.40","868.00","871.00","875.23","44.67","45.50","45.84","897.58","27442.00","889.67"
"Thu Feb 26 2026 09:15:00 GMT+0530 (India Standard Time)","871.20","916.70","871.20","888.55","876.98","51.23","47.65","49.33","896.95","360731.00","888.56"
"Thu Feb 26 2026 13:15:00 GMT+0530 (India Standard Time)","888.55","901.60","887.00","893.25","878.70","52.80","48.21","50.21","896.06","154667.00","887.81"
"Fri Feb 27 2026 09:15:00 GMT+0530 (India Standard Time)","894.25","894.30","877.15","881.90","880.36","48.81","46.98","48.13","894.49","53798.00","886.89"
"Fri Feb 27 2026 13:15:00 GMT+0530 (India Standard Time)","881.90","886.00","879.00","882.40","882.17","48.99","47.04","48.22","893.00","41950.00","886.44"
"Mon Mar 02 2026 09:15:00 GMT+0530 (India Standard Time)","844.70","887.25","840.00","865.65","883.54","43.64","45.27","45.30","890.71","141664.00","884.91"
"Mon Mar 02 2026 13:15:00 GMT+0530 (India Standard Time)","865.10","871.20","858.40","869.25","884.70","44.99","45.72","46.02","888.72","67088.00","883.40"
"Wed Mar 04 2026 09:15:00 GMT+0530 (India Standard Time)","854.00","867.60","850.05","853.50","885.51","40.52","44.11","43.44","886.65","166002.00","880.95"
"Wed Mar 04 2026 13:15:00 GMT+0530 (India Standard Time)","853.50","858.95","850.00","854.00","885.94","40.71","44.18","43.54","884.51","77120.00","877.92"
"Thu Mar 05 2026 09:15:00 GMT+0530 (India Standard Time)","870.00","874.70","855.60","865.55","886.67","45.11","45.62","45.89","882.93","100048.00","875.35"
"Thu Mar 05 2026 13:15:00 GMT+0530 (India Standard Time)","865.55","876.00","860.15","871.10","887.29","47.09","46.31","46.99","881.70","61614.00","873.69"
"Fri Mar 06 2026 09:15:00 GMT+0530 (India Standard Time)","867.30","890.85","865.50","881.15","888.07","50.49","47.52","48.91","881.30","73577.00","872.86"
"Fri Mar 06 2026 13:15:00 GMT+0530 (India Standard Time)","881.15","884.90","877.25","880.00","888.67","50.11","47.39","48.70","880.71","32669.00","872.59"
"Mon Mar 09 2026 09:15:00 GMT+0530 (India Standard Time)","843.05","865.00","842.15","849.85","887.98","41.38","44.29","43.69","879.09","115945.00","871.53"
"Mon Mar 09 2026 13:15:00 GMT+0530 (India Standard Time)","849.85","853.00","846.05","851.00","887.20","41.79","44.43","43.92","877.04","65565.00","870.68"
"Tue Mar 10 2026 09:15:00 GMT+0530 (India Standard Time)","861.00","865.90","846.55","852.75","886.80","42.43","44.65","44.27","874.81","101191.00","870.14"
"Tue Mar 10 2026 13:15:00 GMT+0530 (India Standard Time)","852.75","865.00","852.20","862.95","886.37","46.04","45.91","46.28","872.69","78502.00","869.44"
"Wed Mar 11 2026 09:15:00 GMT+0530 (India Standard Time)","862.95","879.60","855.00","855.05","885.99","43.80","45.10","44.99","871.17","84961.00","868.76"
"Wed Mar 11 2026 13:15:00 GMT+0530 (India Standard Time)","855.05","859.90","850.00","850.00","885.66","42.42","44.59","44.18","869.60","60216.00","867.93"
"Thu Mar 12 2026 09:15:00 GMT+0530 (India Standard Time)","844.80","888.00","833.25","884.00","885.59","52.93","48.58","50.38","868.91","220285.00","868.21"
"Thu Mar 12 2026 13:15:00 GMT+0530 (India Standard Time)","885.00","902.00","860.10","867.80","885.55","48.50","46.94","47.78","868.97","346125.00","868.41"
"Fri Mar 13 2026 09:15:00 GMT+0530 (India Standard Time)","873.25","873.25","839.50","841.60","884.78","42.47","44.47","44.00","868.37","114681.00","867.39"
"Fri Mar 13 2026 13:15:00 GMT+0530 (India Standard Time)","841.60","844.00","837.30","840.90","883.69","42.32","44.40","43.90","867.48","58540.00","864.98"
"Mon Mar 16 2026 09:15:00 GMT+0530 (India Standard Time)","839.95","839.95","810.15","814.05","881.85","37.12","42.06","40.44","865.53","161161.00","861.45"
"Mon Mar 16 2026 13:15:00 GMT+0530 (India Standard Time)","814.05","822.80","812.05","815.00","879.80","37.41","42.17","40.61","863.44","74753.00","858.23"
"Tue Mar 17 2026 09:15:00 GMT+0530 (India Standard Time)","819.30","832.40","817.30","829.90","877.81","41.76","43.87","43.23","861.86","93146.00","855.61"
"Tue Mar 17 2026 13:15:00 GMT+0530 (India Standard Time)","829.90","832.00","818.35","820.00","875.78","39.83","43.01","41.97","860.34","69917.00","853.60"
"Wed Mar 18 2026 09:15:00 GMT+0530 (India Standard Time)","828.90","852.40","826.10","843.35","874.05","46.02","45.57","45.81","859.27","124481.00","852.38"
"Wed Mar 18 2026 13:15:00 GMT+0530 (India Standard Time)","843.35","849.75","841.10","847.10","872.54","46.94","45.96","46.40","858.39","58452.00","851.91"
"Thu Mar 19 2026 09:15:00 GMT+0530 (India Standard Time)","833.05","855.30","832.00","844.60","871.13","46.39","45.74","46.06","856.67","179844.00","851.43"
"Thu Mar 19 2026 13:15:00 GMT+0530 (India Standard Time)","844.60","845.30","830.00","837.95","869.59","44.91","45.14","45.15","854.67","66881.00","850.11"
"Fri Mar 20 2026 09:15:00 GMT+0530 (India Standard Time)","847.00","853.00","832.00","833.60","868.16","43.94","44.75","44.56","853.06","124070.00","848.61"
"Fri Mar 20 2026 13:15:00 GMT+0530 (India Standard Time)","833.55","844.95","824.00","833.50","866.78","43.92","44.74","44.54","851.34","69581.00","846.44"
"Mon Mar 23 2026 09:15:00 GMT+0530 (India Standard Time)","821.00","825.00","792.45","793.80","864.97","36.13","41.34","39.53","849.17","156692.00","842.66"
"Mon Mar 23 2026 13:15:00 GMT+0530 (India Standard Time)","793.80","802.40","785.00","789.00","862.86","35.34","40.96","38.99","846.52","89917.00","839.79"
"Tue Mar 24 2026 09:15:00 GMT+0530 (India Standard Time)","809.90","815.00","782.00","802.35","860.89","39.24","42.47","41.30","844.48","140500.00","837.41"
"Tue Mar 24 2026 13:15:00 GMT+0530 (India Standard Time)","802.20","805.70","794.60","794.60","858.69","37.85","41.84","40.39","842.48","80928.00","834.69"
"Wed Mar 25 2026 09:15:00 GMT+0530 (India Standard Time)","812.00","834.70","804.65","823.75","856.76","45.50","44.97","45.10","840.90","144072.00","832.83"
"Wed Mar 25 2026 13:15:00 GMT+0530 (India Standard Time)","823.75","827.00","815.70","817.80","854.77","44.33","44.47","44.36","839.15","88582.00","830.85"
"Fri Mar 27 2026 09:15:00 GMT+0530 (India Standard Time)","812.00","812.00","778.50","782.65","852.46","38.23","41.70","40.36","836.00","244436.00","827.83"
"Fri Mar 27 2026 13:15:00 GMT+0530 (India Standard Time)","782.65","786.75","777.15","780.00","850.14","37.82","41.50","40.08","832.45","169550.00","823.48"
"Mon Mar 30 2026 09:15:00 GMT+0530 (India Standard Time)","775.00","779.50","755.10","757.45","847.66","34.50","39.85","37.78","829.30","280159.00","818.14"
"Mon Mar 30 2026 13:15:00 GMT+0530 (India Standard Time)","757.45","758.90","745.10","749.65","845.20","33.44","39.30","37.03","825.77","165994.00","813.47"
"Wed Apr 01 2026 09:15:00 GMT+0530 (India Standard Time)","778.00","813.85","763.95","812.35","843.85","47.20","45.45","45.96","823.69","153034.00","811.56"
"Wed Apr 01 2026 13:15:00 GMT+0530 (India Standard Time)","812.60","813.95","802.80","813.55","842.75","47.42","45.56","46.11","821.90","93041.00","811.15"
"Thu Apr 02 2026 09:15:00 GMT+0530 (India Standard Time)","792.00","801.95","776.45","801.00","841.14","45.36","44.62","44.77","819.40","131096.00","810.14"
"Thu Apr 02 2026 13:15:00 GMT+0530 (India Standard Time)","801.00","820.00","800.45","817.00","839.91","48.36","46.06","46.79","817.94","104876.00","809.49"
"Mon Apr 06 2026 09:15:00 GMT+0530 (India Standard Time)","820.00","827.40","805.30","825.20","838.92","49.85","46.79","47.80","816.19","123028.00","809.40"
"Mon Apr 06 2026 13:15:00 GMT+0530 (India Standard Time)","825.20","830.75","821.90","829.00","838.15","50.54","47.12","48.27","814.42","69100.00","808.75"
"Tue Apr 07 2026 09:15:00 GMT+0530 (India Standard Time)","825.00","838.80","819.45","827.50","837.31","50.25","47.00","48.10","813.61","92850.00","807.90"
"Tue Apr 07 2026 13:15:00 GMT+0530 (India Standard Time)","827.45","837.15","827.00","834.50","836.57","51.60","47.63","48.99","813.33","88432.00","807.38"
"Wed Apr 08 2026 09:15:00 GMT+0530 (India Standard Time)","851.00","869.90","850.00","858.75","835.93","55.94","49.72","51.92","814.69","175413.00","808.41"
"Wed Apr 08 2026 13:15:00 GMT+0530 (India Standard Time)","858.75","860.00","854.95","859.95","835.23","56.15","49.82","52.06","816.18","70273.00","809.39"
"Thu Apr 09 2026 09:15:00 GMT+0530 (India Standard Time)","857.10","878.35","851.45","866.35","834.86","57.26","50.36","52.81","817.57","121008.00","810.90"
"Thu Apr 09 2026 13:15:00 GMT+0530 (India Standard Time)","866.35","870.90","862.00","866.75","834.55","57.33","50.40","52.86","819.11","39080.00","814.01"
"Fri Apr 10 2026 09:15:00 GMT+0530 (India Standard Time)","875.00","902.70","865.85","893.85","835.03","61.83","52.64","55.97","820.78","883202.00","818.66"
"Fri Apr 10 2026 13:15:00 GMT+0530 (India Standard Time)","894.25","913.00","892.30","909.95","835.82","64.19","53.90","57.67","822.89","633239.00","823.70"
"Mon Apr 13 2026 09:15:00 GMT+0530 (India Standard Time)","893.05","903.90","873.05","890.00","836.48","59.41","52.15","54.96","824.50","271989.00","828.08"
"Mon Apr 13 2026 13:15:00 GMT+0530 (India Standard Time)","890.85","895.00","885.05","887.60","837.17","58.86","51.94","54.64","826.34","94050.00","831.27"
"Wed Apr 15 2026 09:15:00 GMT+0530 (India Standard Time)","905.30","914.00","901.20","912.00","838.06","62.58","53.84","57.23","828.82","239229.00","835.57"
"Wed Apr 15 2026 13:15:00 GMT+0530 (India Standard Time)","912.00","914.70","908.70","912.65","838.91","62.67","53.89","57.29","831.60","182977.00","841.44"
"Thu Apr 16 2026 09:15:00 GMT+0530 (India Standard Time)","918.00","924.00","904.00","907.75","839.54","61.45","53.45","56.61","835.46","187152.00","847.62"
"Thu Apr 16 2026 13:15:00 GMT+0530 (India Standard Time)","907.75","916.90","907.05","916.25","840.21","62.77","54.11","57.52","839.79","71746.00","854.85"
"Fri Apr 17 2026 09:15:00 GMT+0530 (India Standard Time)","920.00","923.90","912.10","916.90","841.52","62.88","54.16","57.59","844.00","165101.00","862.78"
"Fri Apr 17 2026 13:15:00 GMT+0530 (India Standard Time)","916.90","918.30","915.00","916.00","842.85","62.63","54.08","57.45","848.22","58656.00","868.29"
"Mon Apr 20 2026 09:15:00 GMT+0530 (India Standard Time)","921.00","927.50","907.50","912.95","844.06","61.75","53.79","56.99","851.61","250268.00","873.26"
"Mon Apr 20 2026 13:15:00 GMT+0530 (India Standard Time)","912.95","913.30","900.00","901.35","844.92","58.48","52.70","55.25","854.64","95355.00","878.44"
"Tue Apr 21 2026 09:15:00 GMT+0530 (India Standard Time)","904.60","929.90","904.60","916.85","846.04","61.35","53.97","57.05","859.14","155746.00","883.37"
"Tue Apr 21 2026 13:15:00 GMT+0530 (India Standard Time)","916.85","917.40","911.70","914.60","847.28","60.71","53.76","56.71","863.90","47741.00","887.84"
"Wed Apr 22 2026 09:15:00 GMT+0530 (India Standard Time)","907.00","954.80","903.00","940.40","848.53","65.10","55.79","59.56","869.93","978445.00","892.93"
"Wed Apr 22 2026 13:15:00 GMT+0530 (India Standard Time)","940.40","940.80","932.50","936.70","849.78","64.02","55.43","58.99","876.55","306200.00","898.09"
"Thu Apr 23 2026 09:15:00 GMT+0530 (India Standard Time)","934.40","939.90","922.10","927.00","851.38","61.23","54.50","57.50","881.30","164252.00","902.65"
"Thu Apr 23 2026 13:15:00 GMT+0530 (India Standard Time)","927.00","928.10","914.00","918.30","852.95","58.82","53.68","56.19","885.23","72577.00","905.52"
"Fri Apr 24 2026 09:15:00 GMT+0530 (India Standard Time)","918.40","927.45","900.10","912.15","854.82","57.15","53.11","55.27","889.52","159599.00","908.10"
"Fri Apr 24 2026 13:15:00 GMT+0530 (India Standard Time)","911.30","912.60","905.00","905.00","856.64","55.24","52.44","54.21","892.91","65118.00","910.07"
"Mon Apr 27 2026 09:15:00 GMT+0530 (India Standard Time)","913.50","920.00","908.00","916.85","858.40","57.70","53.43","55.66","896.33","78889.00","912.39"
"Mon Apr 27 2026 13:15:00 GMT+0530 (India Standard Time)","916.85","918.00","914.00","916.55","860.27","57.62","53.40","55.61","899.50","46214.00","913.69"
"Tue Apr 28 2026 09:15:00 GMT+0530 (India Standard Time)","916.45","923.00","903.25","905.25","861.63","54.47","52.33","53.90","902.43","110939.00","913.83"
"Tue Apr 28 2026 13:15:00 GMT+0530 (India Standard Time)","905.25","906.50","901.50","905.90","862.80","54.62","52.38","53.98","904.99","55038.00","914.58"
"Wed Apr 29 2026 09:15:00 GMT+0530 (India Standard Time)","906.05","916.75","902.75","906.50","864.08","54.76","52.44","54.06","906.75","146310.00","915.50"
"Wed Apr 29 2026 13:15:00 GMT+0530 (India Standard Time)","906.50","907.40","897.05","900.00","865.35","52.85","51.81","53.04","908.29","72711.00","915.08"
"Thu Apr 30 2026 09:15:00 GMT+0530 (India Standard Time)","899.00","902.45","883.25","886.65","866.38","49.15","50.54","51.01","909.20","128440.00","914.01"
"Thu Apr 30 2026 13:15:00 GMT+0530 (India Standard Time)","886.65","890.55","882.00","890.55","867.47","50.22","50.90","51.56","909.95","90645.00","912.94"
"Mon May 04 2026 09:15:00 GMT+0530 (India Standard Time)","896.10","899.85","884.05","886.60","869.23","49.12","50.52","50.96","910.05","142696.00","911.76"
"Mon May 04 2026 13:15:00 GMT+0530 (India Standard Time)","886.60","897.00","880.00","894.00","871.23","51.22","51.21","52.04","909.52","59131.00","910.51"
"Tue May 05 2026 09:15:00 GMT+0530 (India Standard Time)","889.75","896.45","877.05","886.35","872.95","49.03","50.47","50.85","909.44","93887.00","909.10"
"Tue May 05 2026 13:15:00 GMT+0530 (India Standard Time)","885.85","886.80","880.30","882.00","874.66","47.80","50.05","50.17","909.22","39352.00","907.55"
"Wed May 06 2026 09:15:00 GMT+0530 (India Standard Time)","885.00","891.15","883.20","887.20","875.97","49.39","50.55","50.97","908.43","74233.00","906.75"
"Wed May 06 2026 13:15:00 GMT+0530 (India Standard Time)","887.20","891.85","885.75","886.10","877.33","49.06","50.44","50.80","907.57","249619.00","905.34"
"Thu May 07 2026 09:15:00 GMT+0530 (India Standard Time)","893.90","911.95","893.00","906.00","879.63","54.81","52.33","53.78","907.28","427359.00","904.85"
"Thu May 07 2026 13:15:00 GMT+0530 (India Standard Time)","906.00","908.40","903.55","907.00","882.14","55.08","52.42","53.93","907.02","154070.00","903.51"
"Fri May 08 2026 09:15:00 GMT+0530 (India Standard Time)","909.00","966.75","845.55","945.90","885.42","63.82","55.82","59.06","907.09","3770028.00","903.00"
"Fri May 08 2026 13:15:00 GMT+0530 (India Standard Time)","945.80","957.00","937.00","950.00","889.37","64.59","56.15","59.55","908.21","639272.00","903.93"
"Mon May 11 2026 09:15:00 GMT+0530 (India Standard Time)","946.90","946.90","911.00","933.45","891.98","59.29","54.45","56.74","908.73","459008.00","904.48"
"Mon May 11 2026 13:15:00 GMT+0530 (India Standard Time)","933.45","934.15","920.00","922.90","894.26","56.20","53.40","55.03","909.47","118441.00","905.05"
"Tue May 12 2026 09:15:00 GMT+0530 (India Standard Time)","921.65","933.00","891.75","895.75","896.44","49.27","50.83","50.99","909.11","228627.00","904.92"
"Tue May 12 2026 13:15:00 GMT+0530 (India Standard Time)","895.00","897.85","877.30","885.80","897.90","47.03","49.93","49.61","908.12","137993.00","903.55"
"Wed May 13 2026 09:15:00 GMT+0530 (India Standard Time)","879.45","902.80","879.45","890.15","899.30","48.11","50.32","50.21","906.62","178985.00","902.33"
"Wed May 13 2026 13:15:00 GMT+0530 (India Standard Time)","890.15","894.95","885.15","890.00","900.55","48.08","50.31","50.19","904.96","65382.00","901.41"
"Thu May 14 2026 09:15:00 GMT+0530 (India Standard Time)","892.05","905.45","872.20","899.50","901.86","50.50","51.17","51.53","903.63","233599.00","900.90"
"Thu May 14 2026 13:15:00 GMT+0530 (India Standard Time)","899.55","902.70","881.55","885.40","902.97","47.08","49.87","49.50","902.55","90534.00","899.98"
"Fri May 15 2026 09:15:00 GMT+0530 (India Standard Time)","890.00","914.00","876.75","912.90","903.87","53.54","52.28","53.21","902.12","231536.00","900.12"
"Fri May 15 2026 13:15:00 GMT+0530 (India Standard Time)","912.90","914.85","885.00","886.00","904.55","47.57","49.89","49.55","901.68","103154.00","900.28"
"Mon May 18 2026 09:15:00 GMT+0530 (India Standard Time)","883.05","883.55","856.10","876.30","904.70","45.65","49.06","48.31","900.15","170984.00","899.54"
"Mon May 18 2026 13:15:00 GMT+0530 (India Standard Time)","876.30","883.90","875.00","882.00","904.99","46.97","49.56","49.08","898.86","53373.00","899.14"
"Tue May 19 2026 09:15:00 GMT+0530 (India Standard Time)","883.00","893.00","876.20","881.45","904.86","46.86","49.51","49.01","897.90","101066.00","898.75"
"Tue May 19 2026 13:15:00 GMT+0530 (India Standard Time)","881.45","884.00","878.05","882.00","904.37","46.99","49.56","49.08","897.07","53879.00","898.51"
"Wed May 20 2026 09:15:00 GMT+0530 (India Standard Time)","873.05","899.00","868.05","895.05","904.37","50.19","50.73","50.89","896.31","122738.00","898.82"
"Wed May 20 2026 13:15:00 GMT+0530 (India Standard Time)","895.05","903.85","890.80","899.00","904.56","51.13","51.08","51.43","896.18","86855.00","899.34"
"Thu May 21 2026 09:15:00 GMT+0530 (India Standard Time)","889.05","889.05","861.50","865.85","903.77","43.85","48.17","46.99","895.51","423176.00","898.53"
"Thu May 21 2026 13:15:00 GMT+0530 (India Standard Time)","864.75","875.80","861.00","875.00","902.96","46.08","48.98","48.26","894.90","180299.00","896.98"
"Fri May 22 2026 09:15:00 GMT+0530 (India Standard Time)","872.00","897.00","867.75","886.95","902.44","48.86","50.03","49.87","894.68","237701.00","895.95"
"Fri May 22 2026 13:15:00 GMT+0530 (India Standard Time)","886.95","887.00","879.55","880.00","901.79","47.37","49.43","48.96","894.39","52534.00","893.83"
"Mon May 25 2026 09:15:00 GMT+0530 (India Standard Time)","886.50","907.70","886.50","890.80","901.32","49.86","50.37","50.41","894.69","176166.00","891.23"
"Mon May 25 2026 13:15:00 GMT+0530 (India Standard Time)","890.70","892.20","884.00","887.00","900.74","49.00","50.04","49.89","894.86","43728.00","889.16"
"Tue May 26 2026 09:15:00 GMT+0530 (India Standard Time)","889.50","915.00","886.00","911.00","900.55","54.23","52.08","53.00","895.46","173410.00","888.24"
"Tue May 26 2026 13:15:00 GMT+0530 (India Standard Time)","911.00","914.00","892.05","896.45","900.47","50.91","50.80","51.03","895.92","168017.00","888.03"
"Wed May 27 2026 09:15:00 GMT+0530 (India Standard Time)","893.00","909.05","893.00","903.40","900.17","52.37","51.38","51.91","895.85","108191.00","888.77"
"Wed May 27 2026 13:15:00 GMT+0530 (India Standard Time)","903.40","908.50","900.30","906.60","899.99","53.05","51.65","52.31","895.81","71308.00","889.48"
"Fri May 29 2026 09:15:00 GMT+0530 (India Standard Time)","911.00","926.25","898.40","898.40","899.40","51.09","50.92","51.17","895.39","309998.00","890.21"
"Fri May 29 2026 13:15:00 GMT+0530 (India Standard Time)","896.95","900.00","879.00","885.05","898.42","48.07","49.75","49.38","893.25","125640.00","889.88"
"Mon Jun 01 2026 09:15:00 GMT+0530 (India Standard Time)","890.00","896.15","878.50","880.40","897.51","47.05","49.34","48.77","891.63","101113.00","889.65"
"Mon Jun 01 2026 13:15:00 GMT+0530 (India Standard Time)","880.40","892.00","870.70","870.70","896.64","44.97","48.51","47.50","889.92","50891.00","888.31"
"Tue Jun 02 2026 09:15:00 GMT+0530 (India Standard Time)","870.60","877.70","862.35","872.70","895.81","45.49","48.69","47.79","888.64","68629.00","887.28"
"Tue Jun 02 2026 13:15:00 GMT+0530 (India Standard Time)","872.70","879.10","872.20","876.00","895.19","46.37","49.00","48.27","888.23","34131.00","887.41"
"Wed Jun 03 2026 09:15:00 GMT+0530 (India Standard Time)","871.00","876.80","850.50","861.20","894.13","43.08","47.71","46.30","887.24","114137.00","886.54"
"Wed Jun 03 2026 13:15:00 GMT+0530 (India Standard Time)","861.45","870.90","861.00","864.00","893.10","43.88","47.97","46.72","886.35","42098.00","885.68"
"Thu Jun 04 2026 09:15:00 GMT+0530 (India Standard Time)","861.00","879.00","861.00","871.50","892.33","45.99","48.68","47.85","885.57","69029.00","885.17"
"Thu Jun 04 2026 13:15:00 GMT+0530 (India Standard Time)","871.00","872.50","867.00","870.85","891.64","45.83","48.62","47.76","884.86","32370.00","884.27"
"Fri Jun 05 2026 09:15:00 GMT+0530 (India Standard Time)","874.50","878.00","867.00","868.90","890.89","45.34","48.44","47.49","883.80","50039.00","882.96"
"Fri Jun 05 2026 13:15:00 GMT+0530 (India Standard Time)","868.90","909.00","868.75","899.50","890.75","53.49","51.27","51.97","883.69","343538.00","884.08"
"Mon Jun 08 2026 09:15:00 GMT+0530 (India Standard Time)","880.65","903.10","865.50","890.00","890.70","51.01","50.39","50.59","884.20","176143.00","884.82"
"Mon Jun 08 2026 13:15:00 GMT+0530 (India Standard Time)","890.00","891.05","880.20","881.00","890.60","48.76","49.58","49.32","884.34","62304.00","884.75"
"Tue Jun 09 2026 09:15:00 GMT+0530 (India Standard Time)","883.95","915.40","879.15","895.85","890.74","52.39","50.91","51.40","884.81","283319.00","885.47"
"Tue Jun 09 2026 13:15:00 GMT+0530 (India Standard Time)","896.30","897.95","890.35","895.00","890.81","52.17","50.83","51.27","885.28","104459.00","885.50"
"Wed Jun 10 2026 09:15:00 GMT+0530 (India Standard Time)","893.00","906.00","881.55","892.00","890.94","51.36","50.56","50.83","885.49","212927.00","885.75"
"Wed Jun 10 2026 13:15:00 GMT+0530 (India Standard Time)","892.05","892.85","875.00","881.50","890.94","48.60","49.58","49.29","884.96","185647.00","884.65"
"Thu Jun 11 2026 09:15:00 GMT+0530 (India Standard Time)","877.80","904.25","862.00","894.70","890.97","52.01","50.79","51.20","885.49","314941.00","884.14"
"Thu Jun 11 2026 13:15:00 GMT+0530 (India Standard Time)","895.30","897.90","886.10","891.35","891.06","51.11","50.48","50.70","886.24","110010.00","883.64"
"Fri Jun 12 2026 09:15:00 GMT+0530 (India Standard Time)","904.00","921.00","896.45","916.65","891.22","57.03","52.72","54.17","887.23","403918.00","883.98"
"Fri Jun 12 2026 13:15:00 GMT+0530 (India Standard Time)","916.65","934.85","915.05","934.00","891.68","60.47","54.17","56.34","888.86","286576.00","885.13"
"Mon Jun 15 2026 09:15:00 GMT+0530 (India Standard Time)","943.00","953.00","929.50","940.05","891.98","61.60","54.66","57.07","890.50","369004.00","887.67"
"Mon Jun 15 2026 13:15:00 GMT+0530 (India Standard Time)","939.05","939.80","926.00","933.00","891.67","59.52","53.97","55.95","892.11","89875.00","890.00"
"Tue Jun 16 2026 09:15:00 GMT+0530 (India Standard Time)","936.95","942.80","922.50","929.15","891.66","58.39","53.60","55.34","893.09","119455.00","892.62"
"Tue Jun 16 2026 13:15:00 GMT+0530 (India Standard Time)","929.15","934.40","927.40","928.90","891.76","58.32","53.57","55.30","894.14","44001.00","895.41"
"Wed Jun 17 2026 09:15:00 GMT+0530 (India Standard Time)","934.20","966.50","931.15","960.15","892.77","64.36","56.14","59.12","895.96","634613.00","899.15"
"Wed Jun 17 2026 13:15:00 GMT+0530 (India Standard Time)","960.15","965.80","958.75","960.00","894.26","64.31","56.13","59.09","897.97","226541.00","903.85"
"Thu Jun 18 2026 09:15:00 GMT+0530 (India Standard Time)","966.40","975.50","956.00","973.90","895.84","66.68","57.22","60.67","900.14","465626.00","908.84"
"Thu Jun 18 2026 13:15:00 GMT+0530 (India Standard Time)","973.90","980.90","972.60","976.75","897.57","67.15","57.44","60.99","903.31","273946.00","913.89"
"Fri Jun 19 2026 09:15:00 GMT+0530 (India Standard Time)","978.05","984.95","970.40","973.65","899.20","66.09","57.11","60.44","906.57","274250.00","918.91"
"Fri Jun 19 2026 13:15:00 GMT+0530 (India Standard Time)","973.65","978.50","970.10","975.60","900.93","66.44","57.27","60.67","910.03","94193.00","923.87"
"Mon Jun 22 2026 09:15:00 GMT+0530 (India Standard Time)","975.65","1017.00","975.65","1002.10","902.83","70.75","59.31","63.61","914.58","660394.00","928.88"
"Mon Jun 22 2026 13:15:00 GMT+0530 (India Standard Time)","1002.15","1017.00","997.10","1016.65","905.21","72.77","60.37","65.08","919.39","305841.00","934.81"
"Tue Jun 23 2026 09:15:00 GMT+0530 (India Standard Time)","1020.00","1047.00","1010.00","1016.00","908.19","72.54","60.30","64.96","925.15","621202.00","941.43"
"Tue Jun 23 2026 13:15:00 GMT+0530 (India Standard Time)","1015.80","1020.55","1003.10","1005.70","910.75","68.84","59.17","63.05","930.31","132037.00","946.77"
"Wed Jun 24 2026 09:15:00 GMT+0530 (India Standard Time)","1005.70","1016.35","990.10","1006.10","913.18","68.91","59.20","63.09","935.09","134679.00","952.01"
"Wed Jun 24 2026 13:15:00 GMT+0530 (India Standard Time)","1006.10","1006.95","999.60","1002.10","915.61","67.44","58.76","62.34","939.83","55544.00","957.24"
"Thu Jun 25 2026 09:15:00 GMT+0530 (India Standard Time)","1012.20","1020.20","993.00","997.65","917.86","65.80","58.26","61.51","944.55","150215.00","962.93"
"Thu Jun 25 2026 13:15:00 GMT+0530 (India Standard Time)","997.65","998.50","983.00","985.20","919.66","61.42","56.90","59.22","948.00","99404.00","967.65"
"Mon Jun 29 2026 09:15:00 GMT+0530 (India Standard Time)","988.00","995.00","978.80","987.10","921.99","61.82","57.06","59.46","951.60","147877.00","972.19"
"Mon Jun 29 2026 13:15:00 GMT+0530 (India Standard Time)","987.85","991.60","980.00","987.80","924.29","61.98","57.12","59.54","955.26","97053.00","975.71"
"Tue Jun 30 2026 09:15:00 GMT+0530 (India Standard Time)","990.10","1019.90","985.30","1017.00","926.79","67.73","59.45","63.03","959.21","301147.00","979.54"
"Tue Jun 30 2026 13:15:00 GMT+0530 (India Standard Time)","1017.00","1028.75","1015.75","1025.10","929.63","69.09","60.06","63.91","963.80","196452.00","983.49"
"Wed Jul 01 2026 09:15:00 GMT+0530 (India Standard Time)","1034.30","1037.90","1001.50","1005.30","932.01","62.34","57.88","60.28","968.15","324710.00","987.28"
"Wed Jul 01 2026 13:15:00 GMT+0530 (India Standard Time)","1005.30","1010.20","995.50","1002.10","934.30","61.32","57.54","59.72","972.42","218632.00","990.69"
"Thu Jul 02 2026 09:15:00 GMT+0530 (India Standard Time)","1008.20","1012.80","994.30","1008.00","936.30","62.51","58.01","60.42","976.64","123295.00","994.30"
"Thu Jul 02 2026 13:15:00 GMT+0530 (India Standard Time)","1008.00","1019.90","1005.00","1015.00","938.58","63.88","58.56","61.24","980.97","84847.00","997.12"
"Fri Jul 03 2026 09:15:00 GMT+0530 (India Standard Time)","1020.00","1022.50","997.90","1000.00","940.64","59.01","56.93","58.55","984.38","126197.00","999.22"
"Fri Jul 03 2026 13:15:00 GMT+0530 (India Standard Time)","1000.00","1001.00","988.10","990.00","942.38","56.01","55.87","56.84","986.71","83882.00","1000.29"
"Mon Jul 06 2026 09:15:00 GMT+0530 (India Standard Time)","990.40","1016.90","981.80","1003.20","944.30","58.90","56.94","58.49","988.84","185727.00","1001.45"
"Mon Jul 06 2026 13:15:00 GMT+0530 (India Standard Time)","1003.20","1010.00","1002.50","1009.00","946.70","60.11","57.41","59.19","991.49","58917.00","1002.98"
"Tue Jul 07 2026 09:15:00 GMT+0530 (India Standard Time)","1010.90","1010.90","992.00","993.40","948.97","55.50","55.76","56.54","993.90","107304.00","1004.05"
"Tue Jul 07 2026 13:15:00 GMT+0530 (India Standard Time)","993.00","1001.90","991.50","997.00","951.39","56.31","56.06","57.00","996.27","44386.00","1003.93"
"Wed Jul 08 2026 09:15:00 GMT+0530 (India Standard Time)","990.00","1008.70","980.00","999.00","953.90","56.77","56.22","57.26","997.82","93368.00","1003.21"
"Wed Jul 08 2026 13:15:00 GMT+0530 (India Standard Time)","999.10","1008.70","962.40","972.70","955.96","49.57","53.52","52.97","998.53","143984.00","1001.16"
"Thu Jul 09 2026 09:15:00 GMT+0530 (India Standard Time)","971.20","988.40","966.60","980.70","958.30","51.53","54.20","54.05","998.89","159014.00","999.75"
"Thu Jul 09 2026 13:15:00 GMT+0530 (India Standard Time)","980.70","984.20","973.80","973.80","960.52","49.78","53.51","52.97","998.90","61154.00","998.40"
"Fri Jul 10 2026 09:15:00 GMT+0530 (India Standard Time)","982.90","1002.70","982.00","991.50","962.95","54.00","55.01","55.32","999.47","204514.00","997.89"
"Fri Jul 10 2026 13:15:00 GMT+0530 (India Standard Time)","991.50","999.00","987.10","987.40","965.35","52.92","54.59","54.67","1000.05","53537.00","997.32"
"Mon Jul 13 2026 09:15:00 GMT+0530 (India Standard Time)","989.00","1018.70","976.20","989.00","967.80","53.30","54.73","54.88","999.92","762349.00","997.57"
"Mon Jul 13 2026 13:15:00 GMT+0530 (India Standard Time)","989.00","989.20","983.30","985.00","969.63","52.18","54.32","54.23","999.05","88685.00","997.50"
"Tue Jul 14 2026 09:15:00 GMT+0530 (India Standard Time)","981.00","989.00","966.40","972.90","971.39","48.93","53.09","52.29","997.33","128526.00","996.96"
"Tue Jul 14 2026 13:15:00 GMT+0530 (India Standard Time)","972.90","973.90","962.00","964.40","973.05","46.78","52.24","50.97","995.79","52786.00","994.88"
"Wed Jul 15 2026 09:15:00 GMT+0530 (India Standard Time)","975.00","1007.70","972.80","1000.90","975.03","55.58","55.35","55.88","995.42","303272.00","993.54"
"Wed Jul 15 2026 13:15:00 GMT+0530 (India Standard Time)","1001.00","1007.00","1000.20","1006.00","977.23","56.64","55.76","56.50","995.48","110173.00","993.18"
"Thu Jul 16 2026 09:15:00 GMT+0530 (India Standard Time)","1007.50","1012.10","991.70","1004.00","979.43","56.09","55.56","56.18","995.44","120124.00","993.20"
"Thu Jul 16 2026 13:15:00 GMT+0530 (India Standard Time)","1004.00","1006.40","999.70","1001.10","981.82","55.28","55.26","55.71","995.92","76495.00","993.02"
"Fri Jul 17 2026 09:15:00 GMT+0530 (India Standard Time)","1008.90","1008.90","984.00","988.60","983.89","51.87","53.99","53.71","996.17","132028.00","992.01"
"Fri Jul 17 2026 13:15:00 GMT+0530 (India Standard Time)","988.70","994.00","985.00","988.00","985.83","51.71","53.93","53.61","996.26","49614.00","991.23"
"Mon Jul 20 2026 09:15:00 GMT+0530 (India Standard Time)","987.40","1001.30","983.50","989.90","987.40","52.20","54.10","53.88","995.69","113590.00","991.18"
"Mon Jul 20 2026 13:15:00 GMT+0530 (India Standard Time)","989.90","998.50","986.40","995.00","988.69","53.54","54.54","54.60","994.62","73229.00","990.82"
"Tue Jul 21 2026 09:15:00 GMT+0530 (India Standard Time)","1010.00","1081.80","1006.20","1059.50","990.91","66.10","59.62","62.25","995.85","4901507.00","992.92"
"Tue Jul 21 2026 13:15:00 GMT+0530 (India Standard Time)","1059.50","1059.50","1028.30","1037.00","993.06","60.14","57.35","58.70","997.24","1007459.00","994.97"
"Wed Jul 22 2026 09:15:00 GMT+0530 (India Standard Time)","1040.00","1049.80","1017.00","1024.90","995.02","57.23","56.17","56.91","998.15","422724.00","996.51"
"Wed Jul 22 2026 13:15:00 GMT+0530 (India Standard Time)","1024.90","1025.90","1005.00","1007.90","996.66","53.42","54.57","54.50","998.14","166966.00","997.22"
"Thu Jul 23 2026 09:15:00 GMT+0530 (India Standard Time)","1007.20","1007.20","957.80","980.30","997.20","47.97","52.12","50.90","997.25","557014.00","997.33"
"Thu Jul 23 2026 13:15:00 GMT+0530 (India Standard Time)","980.20","980.70","973.20","980.40","997.55","47.99","52.13","50.91","996.71","184990.00","997.31"
"Fri Jul 24 2026 09:15:00 GMT+0530 (India Standard Time)","975.20","1024.20","971.60","1017.30","998.30","54.78","54.94","55.10","996.85","782292.00","998.80"
"Fri Jul 24 2026 13:15:00 GMT+0530 (India Standard Time)","1017.30","1051.00","1016.80","1039.00","999.50","58.16","56.46","57.31","997.86","1322491.00","1000.92"