"Date","Open","High","Low","Close","Result ‌Weighted Close‌ (50,y)","RSI ‌rsi‌ (21,C)","RSI ‌rsi‌ (56)","RSI ‌rsi‌ (36)","Result ‌Typical Price‌ (28,n)","Volume","Result ‌Weighted Close‌ (21)"
"Thu Feb 25 2021 00:00:00 GMT+0530 (India Standard Time)","155.40","157.50","155.00","155.60","143.73","57.33","60.57","59.56","148.95","150823.00","154.67"
"Fri Feb 26 2021 00:00:00 GMT+0530 (India Standard Time)","150.60","160.00","150.60","156.35","144.21","57.78","60.74","59.81","149.90","298484.00","155.80"
"Mon Mar 01 2021 00:00:00 GMT+0530 (India Standard Time)","161.95","161.95","155.00","155.25","144.82","56.87","60.35","59.25","150.87","170729.00","157.07"
"Tue Mar 02 2021 00:00:00 GMT+0530 (India Standard Time)","156.95","159.00","155.00","155.80","145.33","57.22","60.47","59.44","151.61","164635.00","157.99"
"Wed Mar 03 2021 00:00:00 GMT+0530 (India Standard Time)","156.30","158.40","154.50","155.05","145.86","56.56","60.20","59.05","152.37","145682.00","158.16"
"Thu Mar 04 2021 00:00:00 GMT+0530 (India Standard Time)","154.50","157.85","154.50","155.65","146.39","56.98","60.35","59.27","153.27","151288.00","157.99"
"Fri Mar 05 2021 00:00:00 GMT+0530 (India Standard Time)","156.40","166.35","155.00","158.35","146.85","58.85","61.00","60.27","154.36","720797.00","158.23"
"Mon Mar 08 2021 00:00:00 GMT+0530 (India Standard Time)","159.00","171.00","158.50","168.60","147.47","64.95","63.35","63.74","155.62","966040.00","158.88"
"Tue Mar 09 2021 00:00:00 GMT+0530 (India Standard Time)","172.00","175.90","163.30","164.75","148.03","61.37","61.92","61.66","156.89","564340.00","159.26"
"Wed Mar 10 2021 00:00:00 GMT+0530 (India Standard Time)","165.90","170.70","162.85","164.05","148.59","60.73","61.67","61.29","158.15","192274.00","159.46"
"Fri Mar 12 2021 00:00:00 GMT+0530 (India Standard Time)","165.70","175.00","159.10","166.90","149.20","62.40","62.31","62.24","159.26","3278642.00","159.49"
"Mon Mar 15 2021 00:00:00 GMT+0530 (India Standard Time)","168.15","174.35","162.65","172.30","149.87","65.35","63.50","63.98","159.93","914872.00","159.83"
"Tue Mar 16 2021 00:00:00 GMT+0530 (India Standard Time)","173.20","174.30","168.35","170.55","150.46","63.65","62.85","63.02","160.33","291294.00","160.17"
"Wed Mar 17 2021 00:00:00 GMT+0530 (India Standard Time)","171.90","173.80","163.50","165.35","150.95","58.88","60.95","60.23","160.79","744640.00","160.38"
"Thu Mar 18 2021 00:00:00 GMT+0530 (India Standard Time)","167.70","168.30","148.85","154.30","151.16","50.45","57.21","54.93","160.91","807619.00","160.34"
"Fri Mar 19 2021 00:00:00 GMT+0530 (India Standard Time)","152.90","159.50","145.05","156.15","151.38","51.67","57.65","55.60","160.71","417495.00","160.14"
"Mon Mar 22 2021 00:00:00 GMT+0530 (India Standard Time)","157.00","164.50","154.00","160.30","151.69","54.31","58.63","57.08","160.65","356579.00","160.21"
"Tue Mar 23 2021 00:00:00 GMT+0530 (India Standard Time)","160.50","165.20","160.50","163.05","152.09","55.98","59.27","58.03","160.53","261745.00","160.40"
"Wed Mar 24 2021 00:00:00 GMT+0530 (India Standard Time)","163.05","164.90","153.20","154.65","152.43","50.10","56.57","54.25","160.31","459741.00","160.52"
"Thu Mar 25 2021 00:00:00 GMT+0530 (India Standard Time)","155.95","155.95","144.50","146.25","152.61","45.11","54.06","50.84","159.79","524150.00","160.21"
"Fri Mar 26 2021 00:00:00 GMT+0530 (India Standard Time)","150.00","158.80","150.00","155.25","152.91","50.64","56.18","54.02","159.49","407632.00","160.19"
"Tue Mar 30 2021 00:00:00 GMT+0530 (India Standard Time)","156.50","157.95","154.05","154.80","153.30","50.37","56.05","53.85","159.41","135529.00","160.17"
"Wed Mar 31 2021 00:00:00 GMT+0530 (India Standard Time)","155.70","159.00","153.95","154.35","153.75","50.09","55.91","53.66","159.32","155182.00","160.15"
"Thu Apr 01 2021 00:00:00 GMT+0530 (India Standard Time)","158.00","163.90","156.05","161.05","154.39","54.04","57.45","55.96","159.39","303672.00","160.32"
"Mon Apr 05 2021 00:00:00 GMT+0530 (India Standard Time)","161.95","161.95","153.50","158.90","154.95","52.64","56.80","55.06","159.36","272422.00","160.41"
"Tue Apr 06 2021 00:00:00 GMT+0530 (India Standard Time)","160.00","166.80","157.00","158.40","155.42","52.31","56.65","54.85","159.57","398568.00","160.62"
"Wed Apr 07 2021 00:00:00 GMT+0530 (India Standard Time)","158.45","164.70","158.45","160.00","155.95","53.29","57.02","55.41","159.80","187402.00","160.85"
"Thu Apr 08 2021 00:00:00 GMT+0530 (India Standard Time)","160.80","163.90","157.00","158.70","156.53","52.37","56.62","54.84","159.95","281985.00","160.86"
"Fri Apr 09 2021 00:00:00 GMT+0530 (India Standard Time)","158.70","169.00","158.70","164.90","157.24","56.18","58.06","57.01","160.25","658334.00","160.75"
"Mon Apr 12 2021 00:00:00 GMT+0530 (India Standard Time)","163.70","163.70","149.35","150.20","157.68","46.85","53.76","51.02","160.20","450077.00","160.09"
"Tue Apr 13 2021 00:00:00 GMT+0530 (India Standard Time)","150.80","156.90","150.60","152.85","158.10","48.47","54.38","51.96","160.06","213169.00","159.51"
"Thu Apr 15 2021 00:00:00 GMT+0530 (India Standard Time)","152.70","154.05","148.35","152.45","158.54","48.24","54.27","51.80","159.88","150168.00","158.79"
"Fri Apr 16 2021 00:00:00 GMT+0530 (India Standard Time)","153.55","156.00","149.10","153.05","158.85","48.63","54.41","52.02","159.77","181177.00","157.95"
"Mon Apr 19 2021 00:00:00 GMT+0530 (India Standard Time)","148.00","150.00","142.30","148.55","158.76","45.91","53.14","50.26","159.44","199091.00","156.83"
"Tue Apr 20 2021 00:00:00 GMT+0530 (India Standard Time)","149.50","151.95","147.30","148.05","158.54","45.61","53.00","50.07","159.06","200896.00","155.97"
"Thu Apr 22 2021 00:00:00 GMT+0530 (India Standard Time)","144.00","149.00","144.00","146.45","158.38","44.64","52.55","49.44","158.36","184791.00","155.49"
"Fri Apr 23 2021 00:00:00 GMT+0530 (India Standard Time)","147.20","155.50","145.05","148.75","158.31","46.36","53.14","50.36","157.71","296778.00","155.27"
"Mon Apr 26 2021 00:00:00 GMT+0530 (India Standard Time)","149.10","150.00","146.20","147.70","158.09","45.68","52.83","49.93","157.07","181497.00","154.70"
"Tue Apr 27 2021 00:00:00 GMT+0530 (India Standard Time)","148.50","149.65","146.85","148.10","157.83","46.00","52.94","50.10","156.40","120226.00","154.00"
"Wed Apr 28 2021 00:00:00 GMT+0530 (India Standard Time)","148.90","154.00","148.90","150.10","157.51","47.61","53.46","50.93","155.73","194097.00","153.71"
"Thu Apr 29 2021 00:00:00 GMT+0530 (India Standard Time)","151.20","153.80","148.00","148.30","157.24","46.31","52.92","50.16","154.98","134833.00","153.77"
"Fri Apr 30 2021 00:00:00 GMT+0530 (India Standard Time)","146.90","149.95","144.70","145.35","156.89","44.22","52.05","48.90","154.23","231591.00","153.37"
"Mon May 03 2021 00:00:00 GMT+0530 (India Standard Time)","143.55","148.65","142.95","145.85","156.56","44.67","52.19","49.12","153.82","157204.00","152.91"
"Tue May 04 2021 00:00:00 GMT+0530 (India Standard Time)","147.00","147.95","144.10","144.20","156.31","43.47","51.69","48.41","153.53","135814.00","152.42"
"Wed May 05 2021 00:00:00 GMT+0530 (India Standard Time)","145.00","147.00","144.00","145.15","156.05","44.37","51.96","48.85","153.03","133714.00","151.70"
"Thu May 06 2021 00:00:00 GMT+0530 (India Standard Time)","146.50","146.50","140.50","140.90","155.73","41.28","50.69","47.00","152.30","254974.00","150.93"
"Fri May 07 2021 00:00:00 GMT+0530 (India Standard Time)","142.50","143.95","141.00","141.75","155.39","42.13","50.93","47.41","151.75","151127.00","150.07"
"Mon May 10 2021 00:00:00 GMT+0530 (India Standard Time)","144.00","147.35","139.45","144.75","155.19","45.06","51.79","48.85","151.57","365544.00","149.28"
"Tue May 11 2021 00:00:00 GMT+0530 (India Standard Time)","143.50","149.20","142.55","147.85","155.03","47.93","52.66","50.29","151.28","321148.00","148.67"
"Wed May 12 2021 00:00:00 GMT+0530 (India Standard Time)","147.80","149.60","144.75","145.20","154.85","45.78","51.85","49.07","150.96","151893.00","147.81"
"Fri May 14 2021 00:00:00 GMT+0530 (India Standard Time)","146.35","147.20","141.20","142.10","154.60","43.40","50.91","47.68","150.52","205211.00","147.32"
"Mon May 17 2021 00:00:00 GMT+0530 (India Standard Time)","141.10","144.50","141.10","142.85","154.34","44.14","51.13","48.05","149.89","93861.00","146.82"
"Tue May 18 2021 00:00:00 GMT+0530 (India Standard Time)","144.00","154.90","143.00","153.25","154.22","53.06","54.01","52.75","149.62","767877.00","146.79"
"Wed May 19 2021 00:00:00 GMT+0530 (India Standard Time)","153.95","162.00","153.55","157.15","154.24","55.84","55.02","54.35","149.50","693257.00","147.01"
"Thu May 20 2021 00:00:00 GMT+0530 (India Standard Time)","158.40","159.00","155.60","156.75","154.27","55.48","54.90","54.15","149.36","220415.00","147.47"
"Fri May 21 2021 00:00:00 GMT+0530 (India Standard Time)","157.90","163.40","156.75","159.15","154.34","57.19","55.52","55.14","149.36","502344.00","147.98"
"Mon May 24 2021 00:00:00 GMT+0530 (India Standard Time)","160.20","171.40","160.20","169.10","154.50","63.32","57.98","58.89","149.46","1009149.00","148.98"
"Tue May 25 2021 00:00:00 GMT+0530 (India Standard Time)","173.65","177.50","168.20","172.35","154.62","65.03","58.73","60.02","150.11","1284229.00","150.08"
"Wed May 26 2021 00:00:00 GMT+0530 (India Standard Time)","173.70","173.80","167.50","168.65","154.67","61.59","57.53","58.15","150.70","518565.00","151.12"
"Thu May 27 2021 00:00:00 GMT+0530 (India Standard Time)","169.95","171.65","161.55","163.20","154.66","56.93","55.82","55.54","151.19","486523.00","151.91"
"Fri May 28 2021 00:00:00 GMT+0530 (India Standard Time)","163.90","172.90","162.50","168.30","154.68","59.91","57.04","57.38","151.74","861117.00","152.73"
"Mon May 31 2021 00:00:00 GMT+0530 (India Standard Time)","176.00","179.15","167.10","169.50","154.70","60.58","57.32","57.81","152.63","1492313.00","153.77"
"Tue Jun 01 2021 00:00:00 GMT+0530 (India Standard Time)","170.00","173.40","163.70","166.25","154.63","57.82","56.30","56.25","153.30","433935.00","154.77"
"Wed Jun 02 2021 00:00:00 GMT+0530 (India Standard Time)","166.50","170.80","165.00","166.85","154.63","58.19","56.45","56.47","154.05","357449.00","155.80"
"Thu Jun 03 2021 00:00:00 GMT+0530 (India Standard Time)","168.15","169.90","164.20","164.85","154.82","56.45","55.81","55.51","154.64","291548.00","156.79"
"Fri Jun 04 2021 00:00:00 GMT+0530 (India Standard Time)","166.05","168.45","164.45","164.95","155.05","56.52","55.84","55.55","155.28","295072.00","157.76"
"Mon Jun 07 2021 00:00:00 GMT+0530 (India Standard Time)","169.90","184.90","168.65","178.65","155.41","64.49","59.09","60.45","156.32","2461072.00","159.45"
"Tue Jun 08 2021 00:00:00 GMT+0530 (India Standard Time)","183.00","194.70","182.20","190.05","155.94","69.40","61.48","63.86","157.68","3292254.00","161.70"
"Wed Jun 09 2021 00:00:00 GMT+0530 (India Standard Time)","192.50","196.50","181.45","183.50","156.53","64.06","59.45","60.77","159.01","1178844.00","163.70"
"Thu Jun 10 2021 00:00:00 GMT+0530 (India Standard Time)","184.85","192.50","184.50","187.85","157.32","65.89","60.33","62.02","160.49","875367.00","165.67"
"Fri Jun 11 2021 00:00:00 GMT+0530 (India Standard Time)","189.50","199.80","185.10","195.75","158.11","68.91","61.88","64.17","162.20","1388483.00","167.95"
"Mon Jun 14 2021 00:00:00 GMT+0530 (India Standard Time)","201.40","212.05","196.20","206.45","159.11","72.38","63.82","66.79","164.32","4217509.00","170.91"
"Tue Jun 15 2021 00:00:00 GMT+0530 (India Standard Time)","209.00","247.70","209.00","242.45","160.71","80.20","69.20","73.49","167.45","7782934.00","175.32"
"Wed Jun 16 2021 00:00:00 GMT+0530 (India Standard Time)","245.15","246.60","228.85","233.05","162.20","74.42","66.57","69.71","170.79","3528685.00","179.33"
"Thu Jun 17 2021 00:00:00 GMT+0530 (India Standard Time)","228.70","236.90","225.30","231.05","163.66","73.25","66.03","68.94","173.97","878049.00","182.84"
"Fri Jun 18 2021 00:00:00 GMT+0530 (India Standard Time)","233.10","234.80","210.00","223.15","164.91","68.73","63.93","65.96","176.78","1195459.00","185.97"
"Mon Jun 21 2021 00:00:00 GMT+0530 (India Standard Time)","218.00","228.00","215.00","225.25","166.16","69.26","64.24","66.35","179.50","461234.00","189.01"
"Tue Jun 22 2021 00:00:00 GMT+0530 (India Standard Time)","228.65","234.00","225.00","228.05","167.55","69.97","64.65","66.88","182.45","540853.00","191.93"
"Wed Jun 23 2021 00:00:00 GMT+0530 (India Standard Time)","229.95","231.55","222.00","223.00","168.76","67.04","63.31","64.98","185.38","279707.00","194.42"
"Thu Jun 24 2021 00:00:00 GMT+0530 (India Standard Time)","224.65","228.50","215.50","219.60","170.11","65.10","62.43","63.73","188.18","263270.00","196.85"
"Fri Jun 25 2021 00:00:00 GMT+0530 (India Standard Time)","220.90","228.15","220.40","222.60","171.51","66.01","62.90","64.35","190.80","469416.00","199.64"
"Mon Jun 28 2021 00:00:00 GMT+0530 (India Standard Time)","224.30","240.00","224.00","234.75","173.14","69.39","64.69","66.74","193.49","1561979.00","202.75"
"Tue Jun 29 2021 00:00:00 GMT+0530 (India Standard Time)","235.20","237.50","228.00","229.50","174.71","66.40","63.34","64.81","196.15","503642.00","205.60"
"Wed Jun 30 2021 00:00:00 GMT+0530 (India Standard Time)","231.00","237.65","224.00","225.60","176.32","64.23","62.36","63.41","198.63","840620.00","208.50"
"Thu Jul 01 2021 00:00:00 GMT+0530 (India Standard Time)","228.30","229.45","222.00","223.00","177.83","62.80","61.71","62.49","200.69","408163.00","211.21"
"Fri Jul 02 2021 00:00:00 GMT+0530 (India Standard Time)","225.25","236.00","223.10","232.90","179.53","65.85","63.20","64.51","202.77","892894.00","214.32"
"Mon Jul 05 2021 00:00:00 GMT+0530 (India Standard Time)","235.90","253.70","232.25","240.60","181.38","67.99","64.30","65.98","205.34","1715566.00","217.94"
"Tue Jul 06 2021 00:00:00 GMT+0530 (India Standard Time)","241.95","244.30","229.20","230.90","183.09","62.78","61.92","62.62","207.82","748977.00","220.61"
"Wed Jul 07 2021 00:00:00 GMT+0530 (India Standard Time)","231.95","238.00","228.95","233.55","184.80","63.58","62.31","63.15","210.16","413400.00","222.72"
"Thu Jul 08 2021 00:00:00 GMT+0530 (India Standard Time)","233.00","234.95","224.20","227.05","186.35","60.25","60.77","60.98","212.19","534347.00","224.72"
"Fri Jul 09 2021 00:00:00 GMT+0530 (India Standard Time)","224.50","227.55","222.50","225.35","187.86","59.39","60.37","60.42","214.24","488524.00","226.49"
"Mon Jul 12 2021 00:00:00 GMT+0530 (India Standard Time)","228.75","235.00","224.10","225.90","189.49","59.58","60.45","60.54","216.41","563339.00","228.09"
"Tue Jul 13 2021 00:00:00 GMT+0530 (India Standard Time)","230.00","238.50","230.00","233.55","191.25","62.23","61.62","62.18","218.83","994342.00","229.45"
"Wed Jul 14 2021 00:00:00 GMT+0530 (India Standard Time)","233.50","238.60","230.00","230.95","193.00","60.81","61.00","61.29","221.23","395706.00","229.32"
"Thu Jul 15 2021 00:00:00 GMT+0530 (India Standard Time)","229.00","234.65","227.05","228.65","194.69","59.55","60.45","60.50","223.11","452347.00","229.05"
"Fri Jul 16 2021 00:00:00 GMT+0530 (India Standard Time)","230.40","236.90","228.10","231.45","196.49","60.59","60.89","61.13","224.65","805458.00","229.09"
"Mon Jul 19 2021 00:00:00 GMT+0530 (India Standard Time)","230.90","236.50","228.50","234.35","198.31","61.67","61.34","61.78","226.30","543260.00","229.60"
"Tue Jul 20 2021 00:00:00 GMT+0530 (India Standard Time)","236.00","236.00","227.00","228.35","200.03","58.21","59.88","59.66","227.80","670416.00","229.91"
"Thu Jul 22 2021 00:00:00 GMT+0530 (India Standard Time)","234.00","234.75","228.60","229.85","201.71","58.82","60.12","60.01","229.14","385960.00","230.01"
"Fri Jul 23 2021 00:00:00 GMT+0530 (India Standard Time)","232.70","260.30","229.60","246.10","203.69","64.66","62.60","63.56","230.59","6159175.00","230.99"
"Mon Jul 26 2021 00:00:00 GMT+0530 (India Standard Time)","247.95","268.25","247.55","263.70","206.05","69.56","65.01","66.83","231.54","3703867.00","232.89"
"Tue Jul 27 2021 00:00:00 GMT+0530 (India Standard Time)","266.70","271.90","254.25","261.60","208.44","68.37","64.50","66.10","232.49","1440745.00","234.75"
"Wed Jul 28 2021 00:00:00 GMT+0530 (India Standard Time)","262.00","262.55","245.75","253.45","210.49","63.92","62.59","63.34","233.30","961129.00","235.72"
"Thu Jul 29 2021 00:00:00 GMT+0530 (India Standard Time)","255.00","262.00","255.00","258.20","212.51","65.30","63.23","64.24","234.58","490361.00","237.02"
"Fri Jul 30 2021 00:00:00 GMT+0530 (India Standard Time)","258.15","268.50","253.00","258.05","214.56","65.22","63.20","64.19","235.90","1178609.00","238.50"
"Mon Aug 02 2021 00:00:00 GMT+0530 (India Standard Time)","257.95","261.90","245.15","255.50","216.46","63.77","62.60","63.31","236.80","1376923.00","239.94"
"Tue Aug 03 2021 00:00:00 GMT+0530 (India Standard Time)","257.40","263.50","252.00","253.00","218.21","62.35","62.01","62.45","237.90","507906.00","241.09"
"Wed Aug 04 2021 00:00:00 GMT+0530 (India Standard Time)","254.30","256.70","242.00","243.75","219.69","57.38","59.88","59.38","238.84","580132.00","241.31"
"Thu Aug 05 2021 00:00:00 GMT+0530 (India Standard Time)","245.00","249.35","231.00","233.30","221.03","52.43","57.60","56.17","239.34","1171192.00","241.45"
"Fri Aug 06 2021 00:00:00 GMT+0530 (India Standard Time)","233.30","239.35","232.40","234.85","222.44","53.06","57.85","56.53","239.44","417926.00","241.54"
"Mon Aug 09 2021 00:00:00 GMT+0530 (India Standard Time)","236.75","244.30","234.50","235.75","223.84","53.43","57.99","56.74","239.67","454105.00","241.98"
"Tue Aug 10 2021 00:00:00 GMT+0530 (India Standard Time)","236.90","238.55","205.00","223.40","224.86","47.89","55.39","53.10","239.43","863608.00","241.86"
"Wed Aug 11 2021 00:00:00 GMT+0530 (India Standard Time)","221.00","227.00","205.80","215.00","225.83","44.59","53.72","50.82","239.11","1592789.00","241.28"
"Thu Aug 12 2021 00:00:00 GMT+0530 (India Standard Time)","215.70","234.55","215.55","229.35","227.02","50.69","56.02","54.27","238.96","933115.00","240.97"
"Fri Aug 13 2021 00:00:00 GMT+0530 (India Standard Time)","231.05","233.15","225.10","226.35","228.26","49.49","55.44","53.46","238.46","434329.00","240.73"
"Mon Aug 16 2021 00:00:00 GMT+0530 (India Standard Time)","226.35","228.20","216.35","216.90","229.34","45.91","53.63","51.00","237.95","564679.00","240.25"
"Tue Aug 17 2021 00:00:00 GMT+0530 (India Standard Time)","218.55","222.75","213.35","217.95","230.14","46.36","53.80","51.26","237.40","350896.00","239.58"
"Wed Aug 18 2021 00:00:00 GMT+0530 (India Standard Time)","219.25","221.45","213.00","214.35","230.67","45.01","53.12","50.33","236.95","270269.00","238.74"
"Fri Aug 20 2021 00:00:00 GMT+0530 (India Standard Time)","212.70","215.95","207.00","208.15","231.14","42.75","51.97","48.77","236.42","428915.00","237.79"
"Mon Aug 23 2021 00:00:00 GMT+0530 (India Standard Time)","211.90","214.50","192.05","194.55","231.36","38.31","49.57","45.57","235.42","1279145.00","236.27"
"Tue Aug 24 2021 00:00:00 GMT+0530 (India Standard Time)","194.60","203.40","192.50","199.95","231.46","40.87","50.50","46.99","234.16","748130.00","234.05"
"Wed Aug 25 2021 00:00:00 GMT+0530 (India Standard Time)","200.70","224.45","200.70","219.85","231.67","49.04","53.68","51.76","233.51","1476675.00","231.93"
"Thu Aug 26 2021 00:00:00 GMT+0530 (India Standard Time)","221.95","226.70","216.00","217.55","231.36","48.23","53.28","51.21","233.15","1086408.00","229.89"
"Fri Aug 27 2021 00:00:00 GMT+0530 (India Standard Time)","218.00","220.75","213.00","217.85","231.00","48.35","53.32","51.28","232.62","474860.00","228.15"
"Mon Aug 30 2021 00:00:00 GMT+0530 (India Standard Time)","218.70","221.50","217.00","218.55","230.75","48.63","53.43","51.44","232.11","340588.00","226.27"
"Tue Aug 31 2021 00:00:00 GMT+0530 (India Standard Time)","218.90","239.70","217.35","238.35","230.97","55.84","56.40","55.80","232.16","2850867.00","225.04"
"Wed Sep 01 2021 00:00:00 GMT+0530 (India Standard Time)","240.50","242.55","232.00","240.35","231.27","56.49","56.69","56.21","232.42","1221424.00","224.29"
"Thu Sep 02 2021 00:00:00 GMT+0530 (India Standard Time)","242.45","247.90","238.90","246.75","231.60","58.53","57.59","57.50","232.39","1182255.00","223.80"
"Fri Sep 03 2021 00:00:00 GMT+0530 (India Standard Time)","246.50","246.50","236.35","237.60","231.89","54.68","55.90","55.11","231.69","729056.00","223.46"
"Mon Sep 06 2021 00:00:00 GMT+0530 (India Standard Time)","237.60","244.70","237.60","239.35","232.28","55.27","56.15","55.47","230.90","506530.00","223.63"
"Tue Sep 07 2021 00:00:00 GMT+0530 (India Standard Time)","240.30","240.90","232.90","234.10","232.52","53.09","55.19","54.12","230.26","427742.00","223.64"
"Wed Sep 08 2021 00:00:00 GMT+0530 (India Standard Time)","234.50","236.50","230.35","232.90","232.52","52.59","54.97","53.81","229.36","314362.00","223.43"
"Thu Sep 09 2021 00:00:00 GMT+0530 (India Standard Time)","234.00","241.25","234.00","237.05","232.64","54.15","55.59","54.73","228.56","516261.00","224.13"
"Mon Sep 13 2021 00:00:00 GMT+0530 (India Standard Time)","237.00","282.40","233.00","278.20","233.44","65.86","61.00","62.37","228.93","10056722.00","226.62"
"Tue Sep 14 2021 00:00:00 GMT+0530 (India Standard Time)","278.00","291.75","271.25","277.10","234.54","65.40","60.80","62.08","229.78","6413416.00","229.10"
"Wed Sep 15 2021 00:00:00 GMT+0530 (India Standard Time)","277.90","279.00","267.80","269.10","235.34","62.02","59.34","60.01","230.66","1330342.00","231.17"
"Thu Sep 16 2021 00:00:00 GMT+0530 (India Standard Time)","272.00","281.75","268.20","274.40","235.99","63.34","59.99","60.90","231.98","2501008.00","233.79"
"Fri Sep 17 2021 00:00:00 GMT+0530 (India Standard Time)","278.00","278.00","257.75","267.75","236.67","60.57","58.80","59.20","233.13","1452226.00","236.17"
"Mon Sep 20 2021 00:00:00 GMT+0530 (India Standard Time)","261.00","266.35","245.10","248.00","237.04","53.32","55.47","54.55","233.66","1058385.00","237.88"
"Tue Sep 21 2021 00:00:00 GMT+0530 (India Standard Time)","248.00","254.70","242.60","252.20","237.48","54.54","56.01","55.31","234.65","1289580.00","239.82"
"Wed Sep 22 2021 00:00:00 GMT+0530 (India Standard Time)","253.75","274.10","249.05","267.15","238.27","58.57","57.86","57.92","236.34","2140804.00","242.93"
"Thu Sep 23 2021 00:00:00 GMT+0530 (India Standard Time)","268.60","278.95","265.50","270.30","239.14","59.37","58.23","58.44","237.95","1642018.00","246.38"
"Fri Sep 24 2021 00:00:00 GMT+0530 (India Standard Time)","270.00","271.65","257.70","261.05","239.72","56.04","56.72","56.32","239.21","1001548.00","248.60"
"Mon Sep 27 2021 00:00:00 GMT+0530 (India Standard Time)","263.70","266.70","251.30","254.75","240.20","53.88","55.71","54.92","240.54","897103.00","250.38"
"Tue Sep 28 2021 00:00:00 GMT+0530 (India Standard Time)","256.05","261.55","251.50","254.65","240.72","53.85","55.70","54.90","241.89","1029245.00","252.20"
"Wed Sep 29 2021 00:00:00 GMT+0530 (India Standard Time)","253.75","260.90","250.10","254.40","241.18","53.76","55.66","54.85","243.28","550308.00","253.92"
"Thu Sep 30 2021 00:00:00 GMT+0530 (India Standard Time)","255.90","263.30","255.25","258.15","241.68","54.95","56.14","55.56","245.01","756241.00","255.12"
"Fri Oct 01 2021 00:00:00 GMT+0530 (India Standard Time)","258.15","262.45","253.40","258.95","242.25","55.21","56.25","55.71","247.08","677886.00","256.06"
"Mon Oct 04 2021 00:00:00 GMT+0530 (India Standard Time)","261.90","272.00","258.00","265.70","242.95","57.38","57.13","57.00","249.46","1404608.00","257.02"
"Tue Oct 05 2021 00:00:00 GMT+0530 (India Standard Time)","267.95","274.90","265.50","271.35","243.45","59.12","57.85","58.05","251.45","1020671.00","258.51"
"Wed Oct 06 2021 00:00:00 GMT+0530 (India Standard Time)","272.65","272.75","261.40","263.80","243.54","55.91","56.55","56.16","253.09","622460.00","259.71"
"Thu Oct 07 2021 00:00:00 GMT+0530 (India Standard Time)","266.25","271.00","263.35","266.50","243.63","56.79","56.90","56.68","254.86","830143.00","261.20"
"Fri Oct 08 2021 00:00:00 GMT+0530 (India Standard Time)","269.00","276.75","264.30","266.75","243.93","56.88","56.94","56.73","256.66","1109392.00","262.89"
"Mon Oct 11 2021 00:00:00 GMT+0530 (India Standard Time)","271.00","272.40","266.80","268.40","244.14","57.45","57.16","57.06","257.99","561430.00","264.40"
"Tue Oct 12 2021 00:00:00 GMT+0530 (India Standard Time)","266.70","267.95","263.55","265.80","244.27","56.22","56.69","56.37","258.97","377857.00","264.30"
"Wed Oct 13 2021 00:00:00 GMT+0530 (India Standard Time)","268.20","268.20","256.10","258.15","244.38","52.73","55.35","54.37","259.56","722580.00","263.38"
"Thu Oct 14 2021 00:00:00 GMT+0530 (India Standard Time)","260.90","264.80","254.40","260.20","244.47","53.54","55.64","54.81","260.26","598061.00","262.84"
"Mon Oct 18 2021 00:00:00 GMT+0530 (India Standard Time)","263.40","266.50","258.00","261.20","244.78","53.94","55.78","55.03","261.02","537255.00","262.23"
"Tue Oct 19 2021 00:00:00 GMT+0530 (India Standard Time)","263.75","266.50","246.70","251.10","245.12","49.38","54.01","52.41","261.69","781148.00","261.56"
"Wed Oct 20 2021 00:00:00 GMT+0530 (India Standard Time)","252.95","254.20","240.00","246.70","245.35","47.54","53.26","51.31","262.18","605428.00","261.32"
"Thu Oct 21 2021 00:00:00 GMT+0530 (India Standard Time)","249.90","251.60","241.65","246.35","245.53","47.39","53.20","51.22","262.51","408218.00","261.14"
"Fri Oct 22 2021 00:00:00 GMT+0530 (India Standard Time)","248.35","255.90","242.30","244.35","246.01","46.53","52.86","50.71","261.90","445993.00","260.30"
"Mon Oct 25 2021 00:00:00 GMT+0530 (India Standard Time)","245.00","246.65","225.80","227.70","246.34","40.12","50.11","46.73","260.23","852620.00","258.43"
"Tue Oct 26 2021 00:00:00 GMT+0530 (India Standard Time)","232.20","247.00","230.50","244.70","246.63","47.82","52.67","50.79","259.12","816851.00","257.42"
"Wed Oct 27 2021 00:00:00 GMT+0530 (India Standard Time)","246.50","253.75","242.55","246.85","247.02","48.70","52.98","51.27","258.15","526770.00","256.97"
"Thu Oct 28 2021 00:00:00 GMT+0530 (India Standard Time)","245.00","245.00","238.50","239.85","247.45","46.05","51.85","49.64","257.20","305944.00","256.27"
"Fri Oct 29 2021 00:00:00 GMT+0530 (India Standard Time)","237.80","239.05","230.00","233.35","247.77","43.74","50.83","48.18","256.52","377068.00","255.27"
"Mon Nov 01 2021 00:00:00 GMT+0530 (India Standard Time)","236.85","255.00","233.75","251.30","248.41","50.90","53.41","52.18","256.40","488626.00","254.75"
"Tue Nov 02 2021 00:00:00 GMT+0530 (India Standard Time)","253.30","253.35","246.00","247.35","249.18","49.44","52.79","51.28","255.89","378543.00","254.28"
"Wed Nov 03 2021 00:00:00 GMT+0530 (India Standard Time)","248.95","259.80","246.20","253.50","250.27","51.70","53.65","52.59","255.23","811303.00","253.70"
"Thu Nov 04 2021 00:00:00 GMT+0530 (India Standard Time)","256.40","258.80","256.00","256.70","251.43","52.85","54.09","53.26","255.00","242127.00","253.05"
"Mon Nov 08 2021 00:00:00 GMT+0530 (India Standard Time)","258.00","261.20","251.70","258.15","252.25","53.38","54.29","53.57","254.98","797887.00","252.66"
"Tue Nov 09 2021 00:00:00 GMT+0530 (India Standard Time)","258.15","268.40","255.10","262.45","253.10","54.95","54.88","54.47","255.20","1257705.00","252.43"
"Wed Nov 10 2021 00:00:00 GMT+0530 (India Standard Time)","261.00","272.45","255.00","256.35","253.96","52.32","53.87","52.96","255.42","747428.00","252.02"
"Thu Nov 11 2021 00:00:00 GMT+0530 (India Standard Time)","256.35","258.65","249.75","251.60","254.64","50.36","53.09","51.81","255.22","464878.00","251.26"
"Fri Nov 12 2021 00:00:00 GMT+0530 (India Standard Time)","253.00","258.90","247.60","255.15","255.05","51.78","53.60","52.60","255.06","393377.00","250.71"
"Mon Nov 15 2021 00:00:00 GMT+0530 (India Standard Time)","255.00","258.70","251.05","252.80","255.35","50.77","53.21","52.02","254.67","480016.00","250.41"
"Tue Nov 16 2021 00:00:00 GMT+0530 (India Standard Time)","253.80","255.70","248.35","249.45","255.47","49.32","52.66","51.19","253.97","302729.00","249.97"
"Wed Nov 17 2021 00:00:00 GMT+0530 (India Standard Time)","248.50","249.40","242.00","242.50","255.56","46.45","51.52","49.50","253.21","432233.00","249.13"
"Thu Nov 18 2021 00:00:00 GMT+0530 (India Standard Time)","243.80","244.40","228.00","232.30","255.44","42.62","49.91","47.15","252.07","856196.00","248.20"
"Mon Nov 22 2021 00:00:00 GMT+0530 (India Standard Time)","234.60","236.90","215.50","219.20","255.18","38.36","47.95","44.37","250.45","998023.00","247.05"
"Tue Nov 23 2021 00:00:00 GMT+0530 (India Standard Time)","219.20","224.45","213.00","220.25","254.91","38.88","48.12","44.64","248.66","843224.00","245.76"
"Wed Nov 24 2021 00:00:00 GMT+0530 (India Standard Time)","222.90","229.30","222.10","222.90","254.65","40.20","48.54","45.33","247.20","588002.00","244.69"
"Thu Nov 25 2021 00:00:00 GMT+0530 (India Standard Time)","223.50","228.45","222.70","227.10","253.82","42.28","49.21","46.41","245.96","415277.00","244.42"
"Fri Nov 26 2021 00:00:00 GMT+0530 (India Standard Time)","222.00","224.80","215.00","216.00","252.59","38.56","47.55","44.04","244.49","639151.00","243.29"
"Mon Nov 29 2021 00:00:00 GMT+0530 (India Standard Time)","216.00","217.00","199.00","203.85","251.28","35.02","45.83","41.65","242.51","976149.00","241.31"
"Tue Nov 30 2021 00:00:00 GMT+0530 (India Standard Time)","205.00","215.70","204.45","207.90","249.97","37.04","46.49","42.71","240.89","738935.00","239.80"
"Wed Dec 01 2021 00:00:00 GMT+0530 (India Standard Time)","210.30","215.90","208.40","209.50","248.83","37.84","46.75","43.14","239.61","497010.00","238.70"
"Thu Dec 02 2021 00:00:00 GMT+0530 (India Standard Time)","211.60","219.40","210.90","218.20","248.13","42.06","48.14","45.39","238.53","555301.00","237.21"
"Fri Dec 03 2021 00:00:00 GMT+0530 (India Standard Time)","218.40","225.00","218.35","221.35","247.55","43.52","48.64","46.19","237.60","490904.00","235.93"
"Mon Dec 06 2021 00:00:00 GMT+0530 (India Standard Time)","220.10","221.95","214.00","214.65","246.59","41.20","47.65","44.76","237.01","209188.00","234.17"
"Tue Dec 07 2021 00:00:00 GMT+0530 (India Standard Time)","215.25","219.25","214.65","217.70","245.51","42.66","48.14","45.55","236.17","240121.00","232.28"
"Wed Dec 08 2021 00:00:00 GMT+0530 (India Standard Time)","219.90","231.75","219.55","225.10","244.76","46.07","49.31","47.42","235.38","636086.00","230.76"
"Thu Dec 09 2021 00:00:00 GMT+0530 (India Standard Time)","227.10","229.25","222.35","224.70","244.12","45.91","49.24","47.33","234.82","397425.00","229.00"
"Fri Dec 10 2021 00:00:00 GMT+0530 (India Standard Time)","226.40","228.20","223.05","225.90","243.53","46.48","49.44","47.64","234.52","358812.00","227.37"
"Mon Dec 13 2021 00:00:00 GMT+0530 (India Standard Time)","227.90","232.00","225.20","225.60","242.97","46.35","49.39","47.56","233.84","356859.00","226.14"
"Tue Dec 14 2021 00:00:00 GMT+0530 (India Standard Time)","223.10","231.65","222.90","228.50","242.35","47.80","49.86","48.34","233.08","364937.00","224.89"
"Wed Dec 15 2021 00:00:00 GMT+0530 (India Standard Time)","227.00","238.95","226.10","231.80","241.83","49.44","50.40","49.21","232.33","861121.00","223.86"
"Thu Dec 16 2021 00:00:00 GMT+0530 (India Standard Time)","231.10","233.55","225.30","227.15","241.09","47.25","49.63","48.03","231.31","234526.00","222.79"
"Fri Dec 17 2021 00:00:00 GMT+0530 (India Standard Time)","227.10","227.10","211.40","213.95","240.00","41.74","47.56","44.89","229.90","606134.00","221.48"
"Mon Dec 20 2021 00:00:00 GMT+0530 (India Standard Time)","211.00","211.95","203.40","206.70","238.84","39.11","46.47","43.30","227.95","420747.00","220.19"
"Tue Dec 21 2021 00:00:00 GMT+0530 (India Standard Time)","210.15","213.35","207.40","210.40","237.71","41.10","47.10","44.34","226.13","283022.00","219.60"
"Wed Dec 22 2021 00:00:00 GMT+0530 (India Standard Time)","212.35","218.40","211.30","215.10","236.64","43.56","47.89","45.64","224.76","346047.00","219.39"
"Thu Dec 23 2021 00:00:00 GMT+0530 (India Standard Time)","217.00","217.90","212.90","213.50","235.55","42.92","47.64","45.27","223.37","157310.00","218.92"
"Fri Dec 24 2021 00:00:00 GMT+0530 (India Standard Time)","213.55","214.95","209.10","210.60","234.46","41.75","47.19","44.59","221.84","217724.00","218.20"
"Mon Dec 27 2021 00:00:00 GMT+0530 (India Standard Time)","210.00","225.80","207.65","223.15","233.65","48.16","49.30","48.04","220.69","531207.00","218.30"
"Tue Dec 28 2021 00:00:00 GMT+0530 (India Standard Time)","224.80","224.90","217.55","218.65","232.85","46.24","48.59","46.97","219.82","336779.00","218.96"
"Wed Dec 29 2021 00:00:00 GMT+0530 (India Standard Time)","219.70","223.90","218.65","221.40","232.05","47.58","49.05","47.70","219.34","246900.00","219.55"
"Thu Dec 30 2021 00:00:00 GMT+0530 (India Standard Time)","221.90","224.90","220.45","222.05","231.42","47.90","49.16","47.88","219.29","201430.00","220.10"
"Fri Dec 31 2021 00:00:00 GMT+0530 (India Standard Time)","222.20","228.35","222.00","222.30","230.95","48.03","49.20","47.95","219.47","241876.00","220.44"
"Mon Jan 03 2022 00:00:00 GMT+0530 (India Standard Time)","223.25","225.50","222.45","223.60","230.50","48.73","49.42","48.32","219.43","169975.00","220.55"
"Tue Jan 04 2022 00:00:00 GMT+0530 (India Standard Time)","224.20","226.90","222.20","225.00","230.06","49.49","49.66","48.72","219.38","380358.00","220.95"
"Wed Jan 05 2022 00:00:00 GMT+0530 (India Standard Time)","223.00","225.10","219.15","220.15","229.84","46.95","48.84","47.41","219.49","271958.00","221.13"
"Thu Jan 06 2022 00:00:00 GMT+0530 (India Standard Time)","220.00","224.50","218.00","223.60","229.46","48.91","49.45","48.42","220.04","312688.00","220.99"
"Fri Jan 07 2022 00:00:00 GMT+0530 (India Standard Time)","223.90","234.85","223.90","230.75","229.11","52.70","50.68","50.47","220.77","689786.00","221.22"
"Mon Jan 10 2022 00:00:00 GMT+0530 (India Standard Time)","232.55","237.10","232.05","232.80","228.97","53.74","51.03","51.04","221.58","553787.00","221.60"
"Tue Jan 11 2022 00:00:00 GMT+0530 (India Standard Time)","232.80","235.25","225.50","226.90","228.86","50.41","49.99","49.35","222.05","297154.00","221.67"
"Wed Jan 12 2022 00:00:00 GMT+0530 (India Standard Time)","228.55","236.00","227.75","233.95","228.56","53.98","51.20","51.33","222.44","466403.00","221.91"
"Thu Jan 13 2022 00:00:00 GMT+0530 (India Standard Time)","234.95","235.00","229.70","230.80","228.22","52.22","50.65","50.42","222.97","194035.00","221.88"
"Fri Jan 14 2022 00:00:00 GMT+0530 (India Standard Time)","230.80","234.50","229.00","232.05","227.80","52.86","50.86","50.78","223.50","259978.00","222.05"
"Mon Jan 17 2022 00:00:00 GMT+0530 (India Standard Time)","233.80","246.90","232.10","240.65","227.46","57.04","52.32","53.15","224.01","1305375.00","223.17"
"Tue Jan 18 2022 00:00:00 GMT+0530 (India Standard Time)","241.85","245.90","232.20","234.25","227.04","53.34","51.17","51.26","224.44","642247.00","224.57"
"Wed Jan 19 2022 00:00:00 GMT+0530 (India Standard Time)","233.90","233.90","226.30","229.45","226.40","50.75","50.32","49.89","224.59","338453.00","225.50"
"Thu Jan 20 2022 00:00:00 GMT+0530 (India Standard Time)","230.85","233.70","225.30","228.35","225.77","50.17","50.13","49.58","224.64","286814.00","226.16"
"Fri Jan 21 2022 00:00:00 GMT+0530 (India Standard Time)","226.00","231.90","221.30","223.35","225.22","47.55","49.25","48.17","224.57","290903.00","226.66"
"Mon Jan 24 2022 00:00:00 GMT+0530 (India Standard Time)","220.50","222.35","205.05","209.35","224.36","41.22","46.91","44.53","223.85","627898.00","226.67"
"Tue Jan 25 2022 00:00:00 GMT+0530 (India Standard Time)","211.00","222.90","204.60","221.50","223.64","47.58","49.05","48.04","223.41","352855.00","226.56"
"Thu Jan 27 2022 00:00:00 GMT+0530 (India Standard Time)","218.00","219.85","213.00","216.55","222.95","45.47","48.25","46.80","223.37","259324.00","226.40"
"Fri Jan 28 2022 00:00:00 GMT+0530 (India Standard Time)","220.85","224.35","220.20","222.10","222.52","48.17","49.20","48.34","223.90","212716.00","226.44"
"Mon Jan 31 2022 00:00:00 GMT+0530 (India Standard Time)","224.30","227.70","221.25","222.25","222.30","48.25","49.22","48.38","224.38","188756.00","226.49"
"Tue Feb 01 2022 00:00:00 GMT+0530 (India Standard Time)","226.50","230.80","222.05","226.40","222.37","50.27","49.94","49.53","224.79","350619.00","226.61"
"Wed Feb 02 2022 00:00:00 GMT+0530 (India Standard Time)","229.80","246.00","229.10","243.55","222.79","57.49","52.74","53.90","225.68","1440717.00","227.41"
"Thu Feb 03 2022 00:00:00 GMT+0530 (India Standard Time)","244.60","248.80","240.25","241.45","223.17","56.44","52.37","53.32","226.82","632214.00","228.28"
"Fri Feb 04 2022 00:00:00 GMT+0530 (India Standard Time)","243.40","244.00","236.00","237.05","223.41","54.25","51.61","52.11","227.54","330292.00","229.11"
"Mon Feb 07 2022 00:00:00 GMT+0530 (India Standard Time)","234.50","234.50","220.20","221.10","223.54","47.28","48.98","48.04","227.71","758711.00","229.19"
"Tue Feb 08 2022 00:00:00 GMT+0530 (India Standard Time)","224.00","225.40","216.20","219.30","223.82","46.57","48.70","47.60","227.68","367580.00","228.72"
"Wed Feb 09 2022 00:00:00 GMT+0530 (India Standard Time)","221.70","224.00","218.55","219.40","224.05","46.61","48.71","47.63","227.61","244255.00","228.08"
"Thu Feb 10 2022 00:00:00 GMT+0530 (India Standard Time)","220.20","220.90","213.45","215.50","224.16","45.00","48.08","46.67","227.34","399769.00","227.50"
"Fri Feb 11 2022 00:00:00 GMT+0530 (India Standard Time)","215.00","219.90","210.70","211.45","224.09","43.37","47.44","45.68","226.99","333356.00","226.56"
"Mon Feb 14 2022 00:00:00 GMT+0530 (India Standard Time)","207.00","216.85","203.05","214.40","223.90","44.90","47.96","46.53","226.51","819073.00","225.64"
"Tue Feb 15 2022 00:00:00 GMT+0530 (India Standard Time)","216.50","222.50","210.05","219.75","223.94","47.60","48.89","48.04","226.37","525699.00","224.98"
"Wed Feb 16 2022 00:00:00 GMT+0530 (India Standard Time)","222.00","226.40","216.55","224.75","224.05","50.00","49.75","49.41","226.39","491155.00","224.17"
"Thu Feb 17 2022 00:00:00 GMT+0530 (India Standard Time)","223.00","226.40","220.00","225.05","224.03","50.14","49.80","49.49","226.17","422500.00","223.58"
"Fri Feb 18 2022 00:00:00 GMT+0530 (India Standard Time)","225.00","227.25","220.60","225.15","224.01","50.19","49.81","49.52","225.83","344838.00","223.33"
"Mon Feb 21 2022 00:00:00 GMT+0530 (India Standard Time)","220.00","226.85","217.15","225.10","223.97","50.17","49.81","49.51","225.61","380963.00","223.07"
"Tue Feb 22 2022 00:00:00 GMT+0530 (India Standard Time)","211.10","226.20","211.10","224.00","223.85","49.56","49.61","49.19","225.18","789611.00","222.90"
"Wed Feb 23 2022 00:00:00 GMT+0530 (India Standard Time)","224.00","227.85","218.65","220.40","223.73","47.59","48.97","48.14","224.84","192290.00","223.39"
"Thu Feb 24 2022 00:00:00 GMT+0530 (India Standard Time)","208.00","216.10","198.35","211.35","223.28","43.07","47.39","45.64","224.00","566139.00","222.99"
"Fri Feb 25 2022 00:00:00 GMT+0530 (India Standard Time)","214.00","220.95","212.00","215.10","223.03","45.33","48.10","46.82","223.15","265792.00","222.96"
"Mon Feb 28 2022 00:00:00 GMT+0530 (India Standard Time)","212.05","218.75","207.00","217.55","223.00","46.78","48.55","47.58","222.33","196900.00","222.62"
"Wed Mar 02 2022 00:00:00 GMT+0530 (India Standard Time)","212.00","219.15","212.00","213.75","223.15","44.84","47.89","46.52","221.80","173979.00","222.21"
"Thu Mar 03 2022 00:00:00 GMT+0530 (India Standard Time)","214.30","218.10","212.25","216.05","223.25","46.26","48.32","47.25","221.31","524903.00","221.70"
"Fri Mar 04 2022 00:00:00 GMT+0530 (India Standard Time)","215.80","216.20","209.85","214.90","223.23","45.64","48.12","46.92","220.89","401975.00","220.43"
"Mon Mar 07 2022 00:00:00 GMT+0530 (India Standard Time)","210.00","211.75","206.00","208.70","223.12","42.45","47.02","45.16","220.76","308745.00","218.80"
"Tue Mar 08 2022 00:00:00 GMT+0530 (India Standard Time)","211.00","214.25","206.80","209.05","223.09","42.69","47.09","45.28","220.54","236204.00","217.43"
"Wed Mar 09 2022 00:00:00 GMT+0530 (India Standard Time)","213.20","217.15","210.90","215.80","222.99","47.11","48.42","47.54","220.47","232674.00","216.99"
"Thu Mar 10 2022 00:00:00 GMT+0530 (India Standard Time)","219.00","223.00","216.00","217.40","222.96","48.10","48.73","48.06","220.35","214870.00","216.91"
"Fri Mar 11 2022 00:00:00 GMT+0530 (India Standard Time)","217.45","221.45","216.15","218.05","222.90","48.52","48.85","48.28","220.17","147356.00","216.82"
"Mon Mar 14 2022 00:00:00 GMT+0530 (India Standard Time)","219.00","219.95","214.00","214.30","222.76","46.28","48.15","47.12","219.80","190356.00","216.79"
"Tue Mar 15 2022 00:00:00 GMT+0530 (India Standard Time)","215.70","220.35","212.00","213.75","222.59","45.96","48.05","46.95","218.93","259062.00","216.86"
"Wed Mar 16 2022 00:00:00 GMT+0530 (India Standard Time)","218.00","218.00","213.75","215.30","222.42","47.06","48.37","47.50","217.94","149270.00","217.03"
"Thu Mar 17 2022 00:00:00 GMT+0530 (India Standard Time)","219.50","226.95","218.10","221.35","222.37","51.15","49.59","49.60","217.34","447551.00","217.21"
"Mon Mar 21 2022 00:00:00 GMT+0530 (India Standard Time)","223.00","223.00","213.00","214.10","222.27","46.62","48.20","47.27","217.03","326953.00","216.88"
"Tue Mar 22 2022 00:00:00 GMT+0530 (India Standard Time)","216.30","216.30","213.00","214.70","222.11","47.03","48.32","47.48","216.83","140509.00","216.43"
"Wed Mar 23 2022 00:00:00 GMT+0530 (India Standard Time)","222.00","224.40","218.55","220.35","221.93","50.74","49.46","49.43","216.85","456727.00","216.25"
"Thu Mar 24 2022 00:00:00 GMT+0530 (India Standard Time)","224.90","225.20","221.00","221.65","221.70","51.57","49.72","49.87","217.06","220026.00","216.20"
"Fri Mar 25 2022 00:00:00 GMT+0530 (India Standard Time)","222.00","223.00","217.15","217.55","221.51","48.87","48.91","48.50","217.25","137388.00","216.08"
"Mon Mar 28 2022 00:00:00 GMT+0530 (India Standard Time)","218.00","218.90","212.20","213.00","221.13","46.06","48.03","47.02","217.36","217125.00","215.72"
"Tue Mar 29 2022 00:00:00 GMT+0530 (India Standard Time)","214.00","215.85","210.45","214.10","220.77","46.83","48.26","47.42","217.22","318842.00","215.93"
"Wed Mar 30 2022 00:00:00 GMT+0530 (India Standard Time)","216.50","224.25","212.55","223.05","220.55","52.65","50.09","50.53","217.13","561750.00","216.16"
"Thu Mar 31 2022 00:00:00 GMT+0530 (India Standard Time)","223.00","242.30","223.00","240.50","220.48","61.32","53.37","55.77","217.54","1476625.00","217.18"
"Fri Apr 01 2022 00:00:00 GMT+0530 (India Standard Time)","240.50","244.30","234.10","235.65","220.50","58.21","52.40","54.13","218.02","671023.00","218.26"
"Mon Apr 04 2022 00:00:00 GMT+0530 (India Standard Time)","238.00","238.40","229.00","229.60","220.53","54.58","51.21","52.16","218.36","456914.00","219.03"
"Tue Apr 05 2022 00:00:00 GMT+0530 (India Standard Time)","233.80","237.40","230.10","231.50","220.61","55.50","51.56","52.72","218.81","462534.00","219.91"
"Wed Apr 06 2022 00:00:00 GMT+0530 (India Standard Time)","232.30","241.00","231.50","235.80","220.83","57.53","52.35","53.96","219.30","532653.00","221.21"
"Thu Apr 07 2022 00:00:00 GMT+0530 (India Standard Time)","236.90","239.10","228.40","229.35","221.23","53.67","51.08","51.86","220.14","397513.00","222.25"
"Fri Apr 08 2022 00:00:00 GMT+0530 (India Standard Time)","230.30","233.95","229.00","231.05","221.50","54.51","51.40","52.36","220.69","180700.00","223.03"
"Mon Apr 11 2022 00:00:00 GMT+0530 (India Standard Time)","231.60","236.00","228.10","228.75","221.78","53.14","50.94","51.61","221.28","540698.00","223.60"
"Tue Apr 12 2022 00:00:00 GMT+0530 (India Standard Time)","228.65","231.90","225.10","225.55","221.88","51.25","50.31","50.57","221.73","176182.00","224.01"
"Wed Apr 13 2022 00:00:00 GMT+0530 (India Standard Time)","227.00","231.40","217.25","220.00","221.85","48.13","49.23","48.82","221.99","304929.00","224.32"
"Mon Apr 18 2022 00:00:00 GMT+0530 (India Standard Time)","218.00","222.90","216.65","219.30","221.72","47.75","49.10","48.60","222.21","176083.00","224.53"
"Tue Apr 19 2022 00:00:00 GMT+0530 (India Standard Time)","220.85","227.90","217.00","219.20","221.32","47.69","49.08","48.57","222.66","257192.00","224.78"
"Wed Apr 20 2022 00:00:00 GMT+0530 (India Standard Time)","222.00","230.00","221.45","228.60","221.00","53.22","50.95","51.64","223.25","384683.00","225.03"
"Thu Apr 21 2022 00:00:00 GMT+0530 (India Standard Time)","230.00","237.10","224.70","235.90","220.90","56.93","52.33","53.84","223.89","581070.00","225.86"
"Fri Apr 22 2022 00:00:00 GMT+0530 (India Standard Time)","234.30","253.60","231.65","239.20","221.24","58.49","52.94","54.80","224.70","3181930.00","227.11"
"Mon Apr 25 2022 00:00:00 GMT+0530 (India Standard Time)","246.00","250.65","240.70","244.90","221.74","61.05","53.98","56.41","225.66","1918482.00","228.27"
"Tue Apr 26 2022 00:00:00 GMT+0530 (India Standard Time)","248.80","253.00","243.00","243.95","222.25","60.40","53.78","56.06","226.75","843700.00","229.39"
"Wed Apr 27 2022 00:00:00 GMT+0530 (India Standard Time)","242.90","246.90","236.55","243.60","222.78","60.15","53.71","55.94","227.72","628853.00","230.53"
"Thu Apr 28 2022 00:00:00 GMT+0530 (India Standard Time)","244.45","247.80","240.10","240.85","223.36","58.18","53.11","54.92","228.69","311708.00","231.87"
"Fri Apr 29 2022 00:00:00 GMT+0530 (India Standard Time)","242.40","244.75","237.75","239.85","223.93","57.45","52.90","54.55","229.36","333888.00","233.15"
"Mon May 02 2022 00:00:00 GMT+0530 (India Standard Time)","236.00","238.70","229.00","233.00","224.24","52.75","51.43","52.07","229.96","392770.00","233.75"
"Wed May 04 2022 00:00:00 GMT+0530 (India Standard Time)","234.85","237.50","222.00","226.30","224.33","48.67","50.06","49.80","230.46","424266.00","233.35"
"Thu May 05 2022 00:00:00 GMT+0530 (India Standard Time)","228.00","232.65","216.85","218.15","224.28","44.28","48.45","47.22","230.51","422393.00","232.59"
"Fri May 06 2022 00:00:00 GMT+0530 (India Standard Time)","216.00","220.00","210.05","215.55","224.10","42.99","47.95","46.43","230.24","301421.00","231.81"
"Mon May 09 2022 00:00:00 GMT+0530 (India Standard Time)","215.00","215.00","206.00","210.45","223.83","40.54","46.98","44.92","229.93","313308.00","230.75"
"Tue May 10 2022 00:00:00 GMT+0530 (India Standard Time)","210.25","214.55","205.60","207.30","223.58","39.10","46.39","44.00","229.73","248136.00","229.45"
"Wed May 11 2022 00:00:00 GMT+0530 (India Standard Time)","208.85","208.95","185.35","188.90","223.01","32.09","43.17","39.22","229.05","916664.00","227.62"
"Thu May 12 2022 00:00:00 GMT+0530 (India Standard Time)","182.00","184.85","175.00","177.30","222.39","28.69","41.33","36.64","227.59","520025.00","225.11"
"Fri May 13 2022 00:00:00 GMT+0530 (India Standard Time)","181.80","188.40","178.65","183.40","221.75","32.63","42.64","38.82","225.74","380275.00","222.87"
"Mon May 16 2022 00:00:00 GMT+0530 (India Standard Time)","186.00","187.90","181.50","182.60","221.11","32.39","42.52","38.64","223.81","214197.00","220.81"
"Tue May 17 2022 00:00:00 GMT+0530 (India Standard Time)","184.15","193.55","184.05","192.65","220.64","38.52","44.62","42.09","222.30","291865.00","219.31"
"Wed May 18 2022 00:00:00 GMT+0530 (India Standard Time)","192.95","196.00","191.05","191.85","220.18","38.23","44.49","41.90","220.87","172146.00","218.03"
"Thu May 19 2022 00:00:00 GMT+0530 (India Standard Time)","187.05","189.70","182.60","184.10","219.60","35.51","43.23","40.07","219.06","381818.00","216.33"
"Fri May 20 2022 00:00:00 GMT+0530 (India Standard Time)","189.70","189.70","186.55","188.35","219.19","38.05","44.11","41.51","217.49","132580.00","214.48"
"Mon May 23 2022 00:00:00 GMT+0530 (India Standard Time)","189.80","196.60","187.50","195.20","218.87","41.91","45.51","43.75","216.12","320862.00","212.59"
"Tue May 24 2022 00:00:00 GMT+0530 (India Standard Time)","195.00","195.40","188.75","190.40","218.39","40.07","44.71","42.58","214.72","201168.00","210.22"
"Wed May 25 2022 00:00:00 GMT+0530 (India Standard Time)","192.95","193.95","185.00","187.45","217.79","38.97","44.23","41.86","213.33","249084.00","207.51"
"Thu May 26 2022 00:00:00 GMT+0530 (India Standard Time)","190.25","191.90","180.15","189.70","217.18","40.28","44.69","42.62","212.06","201760.00","204.75"
"Fri May 27 2022 00:00:00 GMT+0530 (India Standard Time)","191.45","193.50","188.75","191.10","216.69","41.11","44.98","43.09","211.04","142770.00","202.29"
"Mon May 30 2022 00:00:00 GMT+0530 (India Standard Time)","194.85","198.40","192.05","197.25","216.32","44.66","46.25","45.13","210.13","190890.00","200.09"
"Tue May 31 2022 00:00:00 GMT+0530 (India Standard Time)","197.00","203.50","194.45","198.50","215.98","45.36","46.50","45.54","209.14","244633.00","198.10"
"Wed Jun 01 2022 00:00:00 GMT+0530 (India Standard Time)","198.00","211.95","197.80","206.80","215.66","49.81","48.16","48.17","208.17","699744.00","196.79"
"Thu Jun 02 2022 00:00:00 GMT+0530 (India Standard Time)","206.60","208.65","202.90","206.90","215.46","49.86","48.18","48.20","206.91","182702.00","195.76"
"Fri Jun 03 2022 00:00:00 GMT+0530 (India Standard Time)","208.80","222.40","208.05","216.40","215.49","54.52","50.01","51.06","205.85","983230.00","195.49"
"Mon Jun 06 2022 00:00:00 GMT+0530 (India Standard Time)","216.00","217.80","208.00","215.55","215.35","54.05","49.85","50.80","204.67","338619.00","195.44"
"Tue Jun 07 2022 00:00:00 GMT+0530 (India Standard Time)","218.90","220.40","214.00","216.90","215.25","54.70","50.11","51.21","203.77","314600.00","195.75"
"Wed Jun 08 2022 00:00:00 GMT+0530 (India Standard Time)","216.90","224.30","213.05","221.85","215.27","57.06","51.06","52.67","202.94","283341.00","196.30"
"Thu Jun 09 2022 00:00:00 GMT+0530 (India Standard Time)","220.50","222.50","216.10","216.90","215.35","54.10","50.09","51.09","202.15","184378.00","197.50"
"Fri Jun 10 2022 00:00:00 GMT+0530 (India Standard Time)","215.00","215.65","208.85","210.45","215.31","50.53","48.86","49.12","201.36","155626.00","199.05"
"Mon Jun 13 2022 00:00:00 GMT+0530 (India Standard Time)","203.50","206.05","200.40","201.55","214.94","46.11","47.24","46.57","200.44","151088.00","199.96"
"Tue Jun 14 2022 00:00:00 GMT+0530 (India Standard Time)","201.55","207.45","201.00","206.15","214.31","48.55","48.14","48.01","199.81","166837.00","200.98"
"Wed Jun 15 2022 00:00:00 GMT+0530 (India Standard Time)","206.25","211.40","205.00","209.20","213.74","50.12","48.74","48.94","199.57","199623.00","201.84"
"Thu Jun 16 2022 00:00:00 GMT+0530 (India Standard Time)","213.40","214.00","207.00","208.90","213.30","49.97","48.68","48.85","199.55","283891.00","202.65"
"Fri Jun 17 2022 00:00:00 GMT+0530 (India Standard Time)","204.05","211.30","201.25","210.25","212.81","50.70","48.95","49.28","199.49","229241.00","203.75"
"Mon Jun 20 2022 00:00:00 GMT+0530 (India Standard Time)","212.00","212.95","199.15","200.90","212.16","45.82","47.21","46.52","199.85","335058.00","204.47"
"Tue Jun 21 2022 00:00:00 GMT+0530 (India Standard Time)","201.00","206.45","201.00","204.20","211.61","47.69","47.88","47.59","200.74","117562.00","204.97"
"Wed Jun 22 2022 00:00:00 GMT+0530 (India Standard Time)","201.20","223.00","201.20","211.95","211.22","51.78","49.41","49.99","201.76","1064408.00","205.96"
"Thu Jun 23 2022 00:00:00 GMT+0530 (India Standard Time)","208.65","216.05","208.65","213.20","210.87","52.41","49.65","50.37","202.78","220004.00","207.11"
"Fri Jun 24 2022 00:00:00 GMT+0530 (India Standard Time)","214.20","217.55","212.60","214.70","210.63","53.18","49.94","50.83","203.67","141513.00","208.40"
"Mon Jun 27 2022 00:00:00 GMT+0530 (India Standard Time)","216.95","217.85","213.05","214.55","210.48","53.09","49.91","50.78","204.46","112639.00","209.54"
"Tue Jun 28 2022 00:00:00 GMT+0530 (India Standard Time)","217.70","217.70","211.50","214.05","210.38","52.78","49.81","50.62","205.49","146877.00","210.40"
"Wed Jun 29 2022 00:00:00 GMT+0530 (India Standard Time)","211.00","214.50","210.50","212.50","210.21","51.78","49.50","50.10","206.36","66299.00","211.06"
"Thu Jun 30 2022 00:00:00 GMT+0530 (India Standard Time)","214.90","216.15","207.05","208.00","209.87","48.96","48.59","48.61","206.98","170070.00","211.24"
"Fri Jul 01 2022 00:00:00 GMT+0530 (India Standard Time)","206.00","210.45","206.00","208.50","209.37","49.28","48.70","48.78","207.58","125547.00","211.34"
"Mon Jul 04 2022 00:00:00 GMT+0530 (India Standard Time)","209.60","214.30","207.15","211.55","208.77","51.26","49.35","49.85","208.37","250282.00","211.12"
"Tue Jul 05 2022 00:00:00 GMT+0530 (India Standard Time)","212.90","221.30","210.60","215.15","208.18","53.50","50.11","51.08","209.39","424873.00","211.18"
"Wed Jul 06 2022 00:00:00 GMT+0530 (India Standard Time)","216.75","218.50","215.00","217.65","207.60","55.00","50.63","51.93","210.31","164958.00","211.19"
"Thu Jul 07 2022 00:00:00 GMT+0530 (India Standard Time)","219.95","229.85","219.05","227.40","207.26","60.28","52.60","55.04","211.37","674810.00","211.46"
"Fri Jul 08 2022 00:00:00 GMT+0530 (India Standard Time)","229.40","229.90","221.15","222.35","206.90","56.67","51.52","53.21","212.28","248255.00","211.74"
"Mon Jul 11 2022 00:00:00 GMT+0530 (India Standard Time)","222.00","223.85","218.50","219.75","206.49","54.89","50.97","52.28","212.83","169653.00","212.17"
"Tue Jul 12 2022 00:00:00 GMT+0530 (India Standard Time)","218.70","223.40","217.30","218.45","206.21","54.00","50.69","51.82","213.31","178181.00","212.98"
"Wed Jul 13 2022 00:00:00 GMT+0530 (India Standard Time)","219.30","221.70","216.00","218.45","206.03","54.00","50.69","51.82","213.42","85706.00","213.62"
"Thu Jul 14 2022 00:00:00 GMT+0530 (India Standard Time)","218.00","220.00","215.25","218.45","205.96","54.00","50.69","51.82","213.57","85597.00","214.07"
"Fri Jul 15 2022 00:00:00 GMT+0530 (India Standard Time)","219.95","224.40","218.35","220.45","206.07","55.29","51.12","52.52","213.71","173856.00","214.60"
"Mon Jul 18 2022 00:00:00 GMT+0530 (India Standard Time)","222.95","223.70","219.75","220.80","206.29","55.52","51.20","52.65","213.77","134229.00","215.22"
"Tue Jul 19 2022 00:00:00 GMT+0530 (India Standard Time)","220.25","225.65","219.95","221.25","206.55","55.82","51.29","52.81","213.91","186161.00","216.10"
"Wed Jul 20 2022 00:00:00 GMT+0530 (India Standard Time)","222.60","230.00","222.60","225.75","207.21","58.80","52.28","54.43","214.42","374728.00","217.15"
"Thu Jul 21 2022 00:00:00 GMT+0530 (India Standard Time)","227.95","230.00","226.00","227.10","208.19","59.65","52.57","54.91","215.32","174922.00","217.89"
"Fri Jul 22 2022 00:00:00 GMT+0530 (India Standard Time)","227.10","229.55","223.00","227.55","209.06","59.95","52.67","55.07","216.10","229328.00","218.56"
"Sun Jul 24 2022 00:00:00 GMT+0530 (India Standard Time)","226.00","238.90","224.05","231.75","210.02","62.59","53.59","56.56","216.92","592945.00","219.36"
"Tue Jul 26 2022 00:00:00 GMT+0530 (India Standard Time)","232.90","233.35","221.00","221.90","210.70","53.83","51.22","52.37","217.47","273632.00","219.82"
"Wed Jul 27 2022 00:00:00 GMT+0530 (India Standard Time)","221.40","223.60","219.30","220.60","211.26","52.81","50.92","51.84","217.95","107518.00","220.13"
"Thu Jul 28 2022 00:00:00 GMT+0530 (India Standard Time)","222.90","224.00","220.00","221.15","211.99","53.21","51.04","52.05","218.58","115011.00","220.57"
"Fri Jul 29 2022 00:00:00 GMT+0530 (India Standard Time)","223.25","225.55","222.35","224.25","212.71","55.42","51.74","53.22","219.30","403069.00","221.25"
"Mon Aug 01 2022 00:00:00 GMT+0530 (India Standard Time)","225.00","230.00","223.30","225.95","213.36","56.60","52.13","53.86","219.81","158700.00","222.10"
"Tue Aug 02 2022 00:00:00 GMT+0530 (India Standard Time)","225.30","230.00","225.00","225.95","214.07","56.60","52.13","53.86","220.32","151928.00","222.84"
"Wed Aug 03 2022 00:00:00 GMT+0530 (India Standard Time)","226.30","227.60","221.65","223.85","214.79","54.63","51.60","52.92","220.66","109456.00","223.26"
"Thu Aug 04 2022 00:00:00 GMT+0530 (India Standard Time)","224.75","226.70","218.70","221.30","215.47","52.31","50.97","51.79","220.91","142020.00","223.49"
"Fri Aug 05 2022 00:00:00 GMT+0530 (India Standard Time)","221.80","223.90","218.75","219.95","216.06","51.10","50.63","51.19","221.14","126544.00","223.23"
"Mon Aug 08 2022 00:00:00 GMT+0530 (India Standard Time)","219.95","222.30","218.05","219.95","216.54","51.10","50.63","51.19","221.41","101749.00","223.05"
"Wed Aug 10 2022 00:00:00 GMT+0530 (India Standard Time)","218.00","232.00","217.80","226.95","217.08","56.80","52.32","54.09","221.95","389298.00","223.31"
"Thu Aug 11 2022 00:00:00 GMT+0530 (India Standard Time)","230.40","232.00","224.20","229.45","217.54","58.61","52.91","55.07","222.68","466398.00","223.76"
"Fri Aug 12 2022 00:00:00 GMT+0530 (India Standard Time)","229.45","237.00","226.70","228.25","218.01","57.40","52.59","54.49","223.38","415746.00","224.30"
"Tue Aug 16 2022 00:00:00 GMT+0530 (India Standard Time)","229.75","242.50","226.05","241.80","218.46","65.78","55.64","59.40","224.13","810261.00","225.25"
"Wed Aug 17 2022 00:00:00 GMT+0530 (India Standard Time)","242.00","248.75","241.00","246.35","219.09","68.00","56.59","60.86","225.14","747629.00","226.43"
"Thu Aug 18 2022 00:00:00 GMT+0530 (India Standard Time)","246.00","256.60","244.00","245.75","219.71","67.40","56.43","60.57","225.98","766445.00","227.70"
"Fri Aug 19 2022 00:00:00 GMT+0530 (India Standard Time)","246.70","248.20","233.50","235.50","220.06","58.11","53.74","55.81","226.50","372911.00","228.47"
"Mon Aug 22 2022 00:00:00 GMT+0530 (India Standard Time)","235.50","238.40","229.00","230.80","220.35","54.50","52.57","53.82","226.93","212194.00","228.77"
"Tue Aug 23 2022 00:00:00 GMT+0530 (India Standard Time)","229.85","251.00","227.00","247.85","220.99","63.21","56.10","59.25","227.72","953013.00","229.52"
"Wed Aug 24 2022 00:00:00 GMT+0530 (India Standard Time)","250.00","257.00","248.05","255.40","222.02","66.22","57.52","61.32","228.96","989682.00","230.81"
"Thu Aug 25 2022 00:00:00 GMT+0530 (India Standard Time)","258.00","260.65","248.35","250.30","222.96","62.59","56.27","59.23","230.22","644236.00","231.80"
"Fri Aug 26 2022 00:00:00 GMT+0530 (India Standard Time)","252.25","257.00","249.80","250.90","223.83","62.84","56.38","59.40","231.35","359031.00","233.12"
"Mon Aug 29 2022 00:00:00 GMT+0530 (India Standard Time)","246.00","257.70","240.00","253.40","224.66","63.91","56.86","60.10","232.38","686735.00","234.55"
"Tue Aug 30 2022 00:00:00 GMT+0530 (India Standard Time)","255.35","259.15","251.20","252.95","225.58","63.56","56.74","59.91","233.53","354285.00","236.10"
"Thu Sep 01 2022 00:00:00 GMT+0530 (India Standard Time)","250.00","268.00","247.95","264.80","226.74","68.28","58.95","63.10","234.75","1266358.00","237.87"
"Fri Sep 02 2022 00:00:00 GMT+0530 (India Standard Time)","268.00","300.90","268.00","287.90","228.38","74.92","62.72","68.18","236.82","8581685.00","240.72"
"Mon Sep 05 2022 00:00:00 GMT+0530 (India Standard Time)","293.00","306.85","292.15","298.65","230.12","77.24","64.27","70.15","239.41","3923218.00","244.17"
"Tue Sep 06 2022 00:00:00 GMT+0530 (India Standard Time)","301.05","301.25","286.05","290.20","231.70","71.75","62.20","66.81","241.58","1241209.00","247.39"
"Wed Sep 07 2022 00:00:00 GMT+0530 (India Standard Time)","287.50","292.45","284.10","287.40","233.16","70.02","61.53","65.74","243.82","616282.00","250.53"
"Thu Sep 08 2022 00:00:00 GMT+0530 (India Standard Time)","291.00","310.00","290.40","307.80","234.94","74.69","64.38","69.40","246.73","1902174.00","254.50"
"Fri Sep 09 2022 00:00:00 GMT+0530 (India Standard Time)","309.35","316.00","303.35","307.85","236.83","74.70","64.38","69.41","249.85","2085647.00","258.72"
"Mon Sep 12 2022 00:00:00 GMT+0530 (India Standard Time)","307.85","319.80","307.30","316.55","238.88","76.43","65.51","70.82","253.08","1745723.00","262.96"
"Tue Sep 13 2022 00:00:00 GMT+0530 (India Standard Time)","316.55","318.80","308.00","308.75","240.91","71.81","63.67","67.94","256.13","754636.00","266.88"
"Wed Sep 14 2022 00:00:00 GMT+0530 (India Standard Time)","305.00","315.90","304.00","307.95","242.92","71.35","63.48","67.65","259.07","773859.00","270.64"
"Thu Sep 15 2022 00:00:00 GMT+0530 (India Standard Time)","309.65","309.85","300.90","304.15","244.79","69.12","62.60","66.26","261.95","469525.00","273.82"
"Fri Sep 16 2022 00:00:00 GMT+0530 (India Standard Time)","304.50","307.50","288.00","289.45","246.35","61.34","59.33","61.28","264.55","827579.00","276.10"
"Mon Sep 19 2022 00:00:00 GMT+0530 (India Standard Time)","289.90","299.80","284.10","294.55","247.87","62.86","60.07","62.29","267.12","654868.00","278.26"
"Tue Sep 20 2022 00:00:00 GMT+0530 (India Standard Time)","298.30","303.00","294.95","297.35","249.32","63.69","60.47","62.84","269.92","440935.00","281.11"
"Wed Sep 21 2022 00:00:00 GMT+0530 (India Standard Time)","297.00","299.90","290.85","292.65","250.72","61.29","59.45","61.30","272.38","306194.00","284.05"
"Thu Sep 22 2022 00:00:00 GMT+0530 (India Standard Time)","293.45","297.95","289.05","294.55","252.19","61.90","59.73","61.69","274.71","265687.00","286.46"
"Fri Sep 23 2022 00:00:00 GMT+0530 (India Standard Time)","292.00","300.90","284.35","286.45","253.60","57.82","58.00","59.07","276.85","577563.00","288.16"
"Mon Sep 26 2022 00:00:00 GMT+0530 (India Standard Time)","280.35","282.95","265.00","268.00","254.64","49.96","54.35","53.74","278.11","733264.00","289.04"
"Tue Sep 27 2022 00:00:00 GMT+0530 (India Standard Time)","269.90","277.50","264.45","268.05","255.67","49.98","54.36","53.75","278.99","553570.00","289.87"
"Wed Sep 28 2022 00:00:00 GMT+0530 (India Standard Time)","266.90","275.90","265.10","269.65","256.65","50.62","54.61","54.13","279.75","288131.00","290.77"
"Thu Sep 29 2022 00:00:00 GMT+0530 (India Standard Time)","274.80","276.80","270.00","273.75","257.70","52.27","55.27","55.10","280.98","217870.00","291.70"
"Fri Sep 30 2022 00:00:00 GMT+0530 (India Standard Time)","273.80","278.80","270.75","275.15","258.76","52.84","55.49","55.43","282.49","256808.00","292.35"
"Mon Oct 03 2022 00:00:00 GMT+0530 (India Standard Time)","277.35","287.35","274.55","280.55","259.85","54.99","56.35","56.70","283.87","510307.00","292.09"
"Tue Oct 04 2022 00:00:00 GMT+0530 (India Standard Time)","285.50","288.40","281.05","286.15","261.01","57.12","57.22","57.98","285.01","247232.00","291.44"
"Thu Oct 06 2022 00:00:00 GMT+0530 (India Standard Time)","288.90","298.00","288.00","293.00","262.33","59.58","58.26","59.48","286.43","463503.00","291.49"
"Fri Oct 07 2022 00:00:00 GMT+0530 (India Standard Time)","293.25","293.25","287.45","289.60","263.50","57.85","57.55","58.42","287.77","204302.00","291.59"
"Mon Oct 10 2022 00:00:00 GMT+0530 (India Standard Time)","284.10","308.60","284.10","300.15","264.98","61.50","59.12","60.67","289.46","1153378.00","291.32"
"Tue Oct 11 2022 00:00:00 GMT+0530 (India Standard Time)","304.00","304.00","286.00","287.50","266.38","55.46","56.57","56.87","290.82","394899.00","290.49"
"Wed Oct 12 2022 00:00:00 GMT+0530 (India Standard Time)","288.95","294.40","283.20","292.10","267.76","57.07","57.26","57.86","291.88","267524.00","289.31"
"Thu Oct 13 2022 00:00:00 GMT+0530 (India Standard Time)","291.40","291.50","277.60","280.60","268.93","52.13","55.06","54.64","291.79","356706.00","287.96"
"Fri Oct 14 2022 00:00:00 GMT+0530 (India Standard Time)","285.90","287.80","275.80","277.50","269.99","50.88","54.48","53.81","291.12","248378.00","286.56"
"Mon Oct 17 2022 00:00:00 GMT+0530 (India Standard Time)","278.00","279.20","271.45","275.25","270.96","49.97","54.07","53.21","290.51","187742.00","285.16"
"Tue Oct 18 2022 00:00:00 GMT+0530 (India Standard Time)","277.95","292.60","276.30","289.90","272.22","55.43","56.28","56.48","290.45","493241.00","284.85"
"Wed Oct 19 2022 00:00:00 GMT+0530 (India Standard Time)","291.90","292.20","285.00","286.55","273.54","54.01","55.66","55.56","289.92","203013.00","284.58"
"Thu Oct 20 2022 00:00:00 GMT+0530 (India Standard Time)","285.00","289.80","282.50","287.90","274.86","54.50","55.86","55.86","289.12","133775.00","284.05"
"Fri Oct 21 2022 00:00:00 GMT+0530 (India Standard Time)","288.90","297.25","280.45","283.40","276.18","52.54","55.01","54.61","288.14","354290.00","283.68"
"Mon Oct 24 2022 00:00:00 GMT+0530 (India Standard Time)","286.25","296.40","286.20","293.40","277.51","56.22","56.50","56.81","287.43","244822.00","283.60"
"Tue Oct 25 2022 00:00:00 GMT+0530 (India Standard Time)","294.90","294.90","280.70","287.15","278.69","53.50","55.34","55.10","286.65","311582.00","283.50"
"Thu Oct 27 2022 00:00:00 GMT+0530 (India Standard Time)","290.00","294.85","284.70","286.95","279.85","53.41","55.30","55.04","286.08","254701.00","284.33"
"Fri Oct 28 2022 00:00:00 GMT+0530 (India Standard Time)","287.10","303.00","287.05","296.75","281.01","57.00","56.75","57.19","286.10","1016078.00","285.58"
"Mon Oct 31 2022 00:00:00 GMT+0530 (India Standard Time)","303.80","313.80","303.05","308.55","282.27","60.83","58.41","59.57","286.66","1657379.00","287.41"
"Tue Nov 01 2022 00:00:00 GMT+0530 (India Standard Time)","310.00","313.80","304.80","306.40","283.46","59.81","58.00","58.96","287.01","497750.00","289.04"
"Wed Nov 02 2022 00:00:00 GMT+0530 (India Standard Time)","306.40","307.65","292.20","299.45","284.69","56.60","56.68","57.00","287.20","571587.00","290.22"
"Thu Nov 03 2022 00:00:00 GMT+0530 (India Standard Time)","297.95","303.95","294.90","298.65","286.03","56.23","56.53","56.77","287.39","388700.00","291.09"
"Fri Nov 04 2022 00:00:00 GMT+0530 (India Standard Time)","298.60","330.00","298.60","327.75","287.58","64.88","60.42","62.30","288.40","4377956.00","292.79"
"Mon Nov 07 2022 00:00:00 GMT+0530 (India Standard Time)","331.00","342.00","330.35","334.25","289.21","66.44","61.21","63.38","290.67","2300568.00","294.80"
"Wed Nov 09 2022 00:00:00 GMT+0530 (India Standard Time)","334.25","339.70","322.00","324.40","290.71","62.06","59.38","60.68","292.76","897695.00","296.59"
"Thu Nov 10 2022 00:00:00 GMT+0530 (India Standard Time)","321.95","329.70","312.00","315.85","292.04","58.55","57.85","58.46","294.51","924711.00","297.55"
"Fri Nov 11 2022 00:00:00 GMT+0530 (India Standard Time)","319.80","330.00","313.35","324.35","293.47","60.86","58.92","59.96","296.26","723187.00","299.06"
"Mon Nov 14 2022 00:00:00 GMT+0530 (India Standard Time)","329.00","347.20","326.50","345.10","295.21","65.76","61.36","63.29","298.57","1912210.00","301.46"
"Tue Nov 15 2022 00:00:00 GMT+0530 (India Standard Time)","346.85","347.50","328.00","332.70","296.69","60.97","59.22","60.21","300.55","863886.00","303.97"
"Wed Nov 16 2022 00:00:00 GMT+0530 (India Standard Time)","333.00","338.45","321.00","322.65","297.49","57.42","57.57","57.86","302.05","518607.00","306.19"
"Thu Nov 17 2022 00:00:00 GMT+0530 (India Standard Time)","323.65","326.95","320.30","323.85","297.98","57.72","57.71","58.06","303.15","427808.00","308.49"
"Fri Nov 18 2022 00:00:00 GMT+0530 (India Standard Time)","324.45","332.50","322.00","324.20","298.66","57.82","57.75","58.12","304.44","396542.00","310.33"
"Mon Nov 21 2022 00:00:00 GMT+0530 (India Standard Time)","324.20","324.40","305.00","311.00","299.16","53.15","55.61","55.08","305.01","521971.00","311.53"
"Tue Nov 22 2022 00:00:00 GMT+0530 (India Standard Time)","312.20","317.60","309.15","315.55","299.37","54.48","56.18","55.90","305.78","323745.00","312.84"
"Wed Nov 23 2022 00:00:00 GMT+0530 (India Standard Time)","317.85","325.00","317.30","320.65","299.61","55.95","56.81","56.81","306.89","369297.00","314.50"
"Thu Nov 24 2022 00:00:00 GMT+0530 (India Standard Time)","323.00","323.55","313.50","316.80","299.66","54.55","56.19","55.91","308.13","259188.00","315.70"
"Fri Nov 25 2022 00:00:00 GMT+0530 (India Standard Time)","321.90","333.00","321.00","328.70","300.00","57.96","57.66","58.01","309.81","796903.00","317.62"
"Mon Nov 28 2022 00:00:00 GMT+0530 (India Standard Time)","330.00","335.50","325.00","327.95","300.40","57.68","57.53","57.83","311.75","360911.00","319.56"
"Tue Nov 29 2022 00:00:00 GMT+0530 (India Standard Time)","330.85","354.70","330.85","339.10","301.12","60.71","58.87","59.73","313.72","2706630.00","321.71"
"Wed Nov 30 2022 00:00:00 GMT+0530 (India Standard Time)","340.80","341.40","330.55","339.20","302.00","60.73","58.88","59.75","315.48","470761.00","323.10"
"Thu Dec 01 2022 00:00:00 GMT+0530 (India Standard Time)","339.95","344.55","331.35","333.55","302.85","58.40","57.92","58.34","317.26","477221.00","324.42"
"Fri Dec 02 2022 00:00:00 GMT+0530 (India Standard Time)","333.60","336.65","330.00","331.25","303.54","57.46","57.54","57.77","318.88","262379.00","325.98"
"Mon Dec 05 2022 00:00:00 GMT+0530 (India Standard Time)","332.90","339.95","330.90","332.80","304.34","57.94","57.73","58.06","320.40","346035.00","327.65"
"Tue Dec 06 2022 00:00:00 GMT+0530 (India Standard Time)","331.10","346.95","328.10","339.80","305.23","60.08","58.60","59.33","322.21","855614.00","328.49"
"Wed Dec 07 2022 00:00:00 GMT+0530 (India Standard Time)","341.55","345.90","336.00","336.85","306.22","58.75","58.09","58.56","324.03","223059.00","328.66"
"Thu Dec 08 2022 00:00:00 GMT+0530 (India Standard Time)","336.75","342.20","333.50","340.10","307.58","59.78","58.49","59.16","325.56","203631.00","329.20"
"Fri Dec 09 2022 00:00:00 GMT+0530 (India Standard Time)","340.65","351.90","323.50","329.40","308.86","55.05","56.65","56.39","326.51","944824.00","329.93"
"Mon Dec 12 2022 00:00:00 GMT+0530 (India Standard Time)","327.85","328.80","320.00","323.25","309.93","52.54","55.62","54.88","327.07","348233.00","329.96"
"Tue Dec 13 2022 00:00:00 GMT+0530 (India Standard Time)","324.90","328.60","316.35","322.50","310.91","52.24","55.50","54.69","327.88","405051.00","329.08"
"Wed Dec 14 2022 00:00:00 GMT+0530 (India Standard Time)","324.45","325.90","321.00","323.25","311.88","52.53","55.60","54.85","328.74","192268.00","328.52"
"Thu Dec 15 2022 00:00:00 GMT+0530 (India Standard Time)","324.90","331.35","324.00","326.50","312.81","53.80","56.04","55.53","329.05","325511.00","328.56"
"Fri Dec 16 2022 00:00:00 GMT+0530 (India Standard Time)","325.45","335.95","323.25","325.40","313.65","53.29","55.85","55.24","328.79","624149.00","328.74"
"Mon Dec 19 2022 00:00:00 GMT+0530 (India Standard Time)","327.80","327.80","314.35","319.00","314.19","50.39","54.74","53.56","328.49","456158.00","328.47"
"Tue Dec 20 2022 00:00:00 GMT+0530 (India Standard Time)","316.00","324.05","316.00","320.20","314.79","50.91","54.91","53.83","328.52","265998.00","328.82"
"Wed Dec 21 2022 00:00:00 GMT+0530 (India Standard Time)","321.90","327.80","301.10","305.40","315.02","44.76","52.43","50.13","328.12","576744.00","328.60"
"Thu Dec 22 2022 00:00:00 GMT+0530 (India Standard Time)","309.00","312.05","286.25","292.50","315.12","40.30","50.40","47.22","326.60","1144122.00","327.41"
"Fri Dec 23 2022 00:00:00 GMT+0530 (India Standard Time)","288.05","288.90","266.25","268.90","314.77","33.83","47.02","42.57","324.41","729279.00","325.29"
"Mon Dec 26 2022 00:00:00 GMT+0530 (India Standard Time)","265.30","292.00","265.30","287.95","314.79","41.76","49.79","46.91","322.78","1265879.00","323.17"
"Tue Dec 27 2022 00:00:00 GMT+0530 (India Standard Time)","292.40","295.00","278.30","292.25","314.98","43.37","50.38","47.83","321.52","1274628.00","321.28"
"Wed Dec 28 2022 00:00:00 GMT+0530 (India Standard Time)","292.95","297.85","289.00","291.05","315.32","43.02","50.21","47.59","320.32","498792.00","318.96"
"Thu Dec 29 2022 00:00:00 GMT+0530 (India Standard Time)","289.05","302.50","286.85","298.35","315.51","45.80","51.23","49.16","319.69","483478.00","317.01"
"Fri Dec 30 2022 00:00:00 GMT+0530 (India Standard Time)","302.15","307.40","300.70","303.85","315.84","47.81","51.98","50.31","319.33","356250.00","315.49"
"Mon Jan 02 2023 00:00:00 GMT+0530 (India Standard Time)","305.70","314.45","304.00","306.85","316.26","48.90","52.39","50.93","318.88","524890.00","314.34"
"Tue Jan 03 2023 00:00:00 GMT+0530 (India Standard Time)","306.90","316.05","305.15","310.85","316.75","50.34","52.93","51.76","318.62","538578.00","313.22"
"Wed Jan 04 2023 00:00:00 GMT+0530 (India Standard Time)","310.85","321.55","308.10","317.40","317.22","52.65","53.81","53.10","318.20","877121.00","312.15"
"Thu Jan 05 2023 00:00:00 GMT+0530 (India Standard Time)","320.00","324.00","309.05","317.45","317.81","52.67","53.81","53.11","317.75","489246.00","311.11"
"Fri Jan 06 2023 00:00:00 GMT+0530 (India Standard Time)","319.00","319.00","309.65","312.30","318.31","50.63","53.01","51.91","316.75","360793.00","309.88"
"Mon Jan 09 2023 00:00:00 GMT+0530 (India Standard Time)","315.00","321.95","310.25","317.75","318.73","52.67","53.75","53.07","316.02","594703.00","309.09"
"Tue Jan 10 2023 00:00:00 GMT+0530 (India Standard Time)","319.35","319.35","310.10","312.95","318.84","50.73","53.00","51.94","315.23","286612.00","308.62"
"Wed Jan 11 2023 00:00:00 GMT+0530 (India Standard Time)","312.95","316.70","309.10","309.80","318.91","49.48","52.51","51.21","314.48","351308.00","308.09"
"Thu Jan 12 2023 00:00:00 GMT+0530 (India Standard Time)","311.60","319.00","309.00","316.00","319.22","51.93","53.38","52.56","313.77","709270.00","307.69"
"Fri Jan 13 2023 00:00:00 GMT+0530 (India Standard Time)","316.00","325.85","315.15","319.25","319.63","53.18","53.83","53.26","313.12","464795.00","307.35"
"Mon Jan 16 2023 00:00:00 GMT+0530 (India Standard Time)","319.30","322.35","314.25","315.65","319.55","51.62","53.25","52.38","312.33","220425.00","306.84"
"Tue Jan 17 2023 00:00:00 GMT+0530 (India Standard Time)","315.70","316.00","311.20","312.70","319.11","50.35","52.77","51.66","311.43","168938.00","306.52"
"Wed Jan 18 2023 00:00:00 GMT+0530 (India Standard Time)","312.70","320.00","310.55","318.30","318.89","52.67","53.57","52.93","310.76","226968.00","306.36"
"Thu Jan 19 2023 00:00:00 GMT+0530 (India Standard Time)","316.00","318.35","314.60","315.75","318.85","51.52","53.15","52.28","310.48","92137.00","306.65"
"Fri Jan 20 2023 00:00:00 GMT+0530 (India Standard Time)","315.80","339.50","312.65","337.10","319.02","59.35","56.07","56.79","310.74","2058019.00","308.36"
"Mon Jan 23 2023 00:00:00 GMT+0530 (India Standard Time)","337.60","339.70","326.65","331.45","318.85","56.80","55.15","55.37","311.07","473684.00","311.17"
"Tue Jan 24 2023 00:00:00 GMT+0530 (India Standard Time)","331.50","343.00","329.25","333.45","318.84","57.48","55.41","55.77","311.36","440055.00","313.62"
"Wed Jan 25 2023 00:00:00 GMT+0530 (India Standard Time)","331.80","338.95","324.00","324.95","318.88","53.71","54.03","53.65","311.40","454805.00","315.47"
"Fri Jan 27 2023 00:00:00 GMT+0530 (India Standard Time)","326.10","328.90","310.10","318.40","318.78","51.01","52.99","52.08","311.35","369532.00","316.74"
"Mon Jan 30 2023 00:00:00 GMT+0530 (India Standard Time)","318.95","328.05","318.00","322.10","318.72","52.43","53.51","52.88","311.45","239745.00","317.98"
"Tue Jan 31 2023 00:00:00 GMT+0530 (India Standard Time)","322.95","334.45","322.10","332.90","319.08","56.31","54.97","55.13","312.10","325637.00","319.25"
"Wed Feb 01 2023 00:00:00 GMT+0530 (India Standard Time)","336.00","342.50","313.60","323.75","319.30","52.50","53.52","52.93","313.16","466301.00","320.10"
"Thu Feb 02 2023 00:00:00 GMT+0530 (India Standard Time)","321.00","334.00","316.55","331.40","319.45","55.16","54.54","54.49","315.04","302452.00","320.94"
"Fri Feb 03 2023 00:00:00 GMT+0530 (India Standard Time)","334.05","335.00","324.10","329.55","319.69","54.39","54.24","54.05","316.75","267932.00","321.58"
"Mon Feb 06 2023 00:00:00 GMT+0530 (India Standard Time)","335.00","341.00","329.90","337.75","319.87","57.19","55.33","55.70","318.45","539952.00","322.51"
"Tue Feb 07 2023 00:00:00 GMT+0530 (India Standard Time)","348.00","364.95","337.10","361.55","320.41","63.93","58.25","60.00","320.66","3346479.00","324.56"
"Wed Feb 08 2023 00:00:00 GMT+0530 (India Standard Time)","361.00","367.95","354.15","362.40","320.83","64.14","58.35","60.14","323.01","1519588.00","326.69"
"Thu Feb 09 2023 00:00:00 GMT+0530 (India Standard Time)","361.90","385.00","358.40","382.70","321.62","68.74","60.63","63.34","325.56","2273840.00","329.71"
"Fri Feb 10 2023 00:00:00 GMT+0530 (India Standard Time)","380.00","381.25","368.50","369.90","322.35","63.36","58.57","60.21","327.87","556982.00","332.61"
"Mon Feb 13 2023 00:00:00 GMT+0530 (India Standard Time)","371.00","379.80","363.15","373.05","323.15","64.09","58.92","60.70","330.06","780405.00","335.34"
"Tue Feb 14 2023 00:00:00 GMT+0530 (India Standard Time)","373.10","383.00","370.20","378.10","324.01","65.25","59.48","61.49","332.25","651992.00","338.08"
"Wed Feb 15 2023 00:00:00 GMT+0530 (India Standard Time)","376.45","382.25","373.10","375.80","324.78","64.25","59.11","60.92","334.40","316002.00","340.92"
"Thu Feb 16 2023 00:00:00 GMT+0530 (India Standard Time)","377.45","393.30","374.85","381.15","325.65","65.53","59.70","61.77","336.88","1057588.00","344.23"
"Fri Feb 17 2023 00:00:00 GMT+0530 (India Standard Time)","381.00","392.95","379.60","382.75","326.56","65.92","59.88","62.02","339.33","731557.00","347.46"
"Mon Feb 20 2023 00:00:00 GMT+0530 (India Standard Time)","384.50","386.80","371.35","373.85","327.42","61.90","58.42","59.75","341.59","349255.00","350.33"
"Tue Feb 21 2023 00:00:00 GMT+0530 (India Standard Time)","373.95","383.35","368.65","373.10","328.43","61.56","58.30","59.56","343.84","389473.00","352.38"
"Wed Feb 22 2023 00:00:00 GMT+0530 (India Standard Time)","368.95","380.75","365.00","366.95","329.38","58.84","57.30","58.01","345.85","406652.00","354.17"
"Thu Feb 23 2023 00:00:00 GMT+0530 (India Standard Time)","367.00","376.00","364.00","370.35","330.32","59.87","57.71","58.63","347.64","330831.00","355.85"
"Fri Feb 24 2023 00:00:00 GMT+0530 (India Standard Time)","371.80","377.45","354.00","360.15","331.04","55.50","56.07","56.11","349.30","467700.00","357.50"
"Mon Feb 27 2023 00:00:00 GMT+0530 (India Standard Time)","360.15","362.50","344.25","349.05","331.51","51.22","54.36","53.53","350.68","617188.00","359.04"
"Tue Feb 28 2023 00:00:00 GMT+0530 (India Standard Time)","349.00","354.05","342.00","344.30","332.03","49.51","53.65","52.47","351.76","505823.00","360.16"
"Wed Mar 01 2023 00:00:00 GMT+0530 (India Standard Time)","345.70","355.00","341.50","352.45","332.64","52.38","54.68","54.08","352.96","600902.00","361.11"
"Thu Mar 02 2023 00:00:00 GMT+0530 (India Standard Time)","353.40","366.75","353.00","361.80","333.66","55.43","55.84","55.84","354.06","669885.00","362.77"
"Fri Mar 03 2023 00:00:00 GMT+0530 (India Standard Time)","364.40","376.55","362.85","370.15","335.14","57.96","56.84","57.34","355.39","627922.00","364.75"
"Mon Mar 06 2023 00:00:00 GMT+0530 (India Standard Time)","371.80","376.30","367.60","368.85","337.08","57.43","56.64","57.03","356.66","310042.00","366.70"
"Wed Mar 08 2023 00:00:00 GMT+0530 (India Standard Time)","368.45","383.95","365.00","381.85","338.98","61.17","58.16","59.29","358.36","650093.00","368.67"
"Thu Mar 09 2023 00:00:00 GMT+0530 (India Standard Time)","383.40","388.95","375.30","377.45","340.78","59.32","57.46","58.22","360.56","382555.00","369.79"
"Fri Mar 10 2023 00:00:00 GMT+0530 (India Standard Time)","377.90","383.90","372.50","380.80","342.53","60.28","57.85","58.81","362.57","473461.00","370.64"
"Mon Mar 13 2023 00:00:00 GMT+0530 (India Standard Time)","382.70","396.55","380.00","388.65","344.37","62.46","58.76","60.14","364.66","1556937.00","371.18"
"Tue Mar 14 2023 00:00:00 GMT+0530 (India Standard Time)","390.00","394.70","371.30","375.40","345.87","56.92","56.67","56.93","366.59","853234.00","371.50"
"Wed Mar 15 2023 00:00:00 GMT+0530 (India Standard Time)","377.75","383.00","370.00","371.85","347.20","55.53","56.12","56.11","368.29","394834.00","371.59"
"Thu Mar 16 2023 00:00:00 GMT+0530 (India Standard Time)","371.85","372.90","355.50","361.05","348.23","51.52","54.50","53.67","369.49","584696.00","370.89"
"Fri Mar 17 2023 00:00:00 GMT+0530 (India Standard Time)","366.55","380.00","363.15","377.70","349.41","56.59","56.48","56.66","370.82","580994.00","370.79"
"Mon Mar 20 2023 00:00:00 GMT+0530 (India Standard Time)","369.00","377.65","356.70","361.40","350.35","51.09","54.14","53.21","371.20","382148.00","369.92"
"Tue Mar 21 2023 00:00:00 GMT+0530 (India Standard Time)","364.85","376.00","362.00","374.40","351.52","54.77","55.63","55.43","371.54","432665.00","369.31"
"Wed Mar 22 2023 00:00:00 GMT+0530 (India Standard Time)","374.00","376.95","370.00","371.70","352.63","53.89","55.25","54.88","371.45","252332.00","369.12"
"Thu Mar 23 2023 00:00:00 GMT+0530 (India Standard Time)","369.70","382.25","368.20","380.35","353.91","56.27","56.23","56.32","371.58","488049.00","369.28"
"Fri Mar 24 2023 00:00:00 GMT+0530 (India Standard Time)","379.20","384.00","375.00","377.35","355.25","55.23","55.80","55.69","371.82","349720.00","369.68"
"Mon Mar 27 2023 00:00:00 GMT+0530 (India Standard Time)","379.70","386.00","370.35","382.55","356.56","56.68","56.38","56.56","371.91","617509.00","370.17"
"Tue Mar 28 2023 00:00:00 GMT+0530 (India Standard Time)","380.90","384.90","375.10","379.35","357.76","55.52","55.92","55.86","372.01","270474.00","370.96"
"Wed Mar 29 2023 00:00:00 GMT+0530 (India Standard Time)","380.80","401.70","379.35","394.90","359.27","59.73","57.65","58.43","372.33","1080940.00","372.94"
"Fri Mar 31 2023 00:00:00 GMT+0530 (India Standard Time)","403.10","409.90","395.50","406.90","361.10","62.61","58.92","60.27","373.01","903710.00","375.73"
"Mon Apr 03 2023 00:00:00 GMT+0530 (India Standard Time)","414.50","416.00","407.05","412.40","363.01","63.85","59.49","61.08","374.24","626607.00","378.67"
"Wed Apr 05 2023 00:00:00 GMT+0530 (India Standard Time)","414.70","422.00","401.00","405.05","364.85","61.01","58.39","59.41","375.46","677080.00","380.93"
"Thu Apr 06 2023 00:00:00 GMT+0530 (India Standard Time)","406.90","423.70","402.90","415.95","366.51","63.53","59.52","61.03","377.01","765289.00","383.05"
"Mon Apr 10 2023 00:00:00 GMT+0530 (India Standard Time)","419.00","423.00","398.30","406.05","368.03","59.83","58.07","58.84","378.40","889636.00","384.86"
"Tue Apr 11 2023 00:00:00 GMT+0530 (India Standard Time)","409.00","419.00","407.15","415.45","369.62","62.04","59.03","60.23","380.19","344472.00","386.58"
"Wed Apr 12 2023 00:00:00 GMT+0530 (India Standard Time)","417.00","417.00","404.30","405.90","371.22","58.61","57.66","58.17","382.23","280332.00","387.94"
"Thu Apr 13 2023 00:00:00 GMT+0530 (India Standard Time)","405.85","411.35","398.50","401.75","372.91","57.17","57.07","57.29","384.27","339726.00","389.07"
"Mon Apr 17 2023 00:00:00 GMT+0530 (India Standard Time)","402.10","411.00","399.55","406.45","374.58","58.38","57.57","58.03","386.27","286735.00","389.90"
"Tue Apr 18 2023 00:00:00 GMT+0530 (India Standard Time)","408.05","414.45","404.50","407.10","376.13","58.56","57.64","58.13","387.99","265180.00","391.29"
"Wed Apr 19 2023 00:00:00 GMT+0530 (India Standard Time)","409.00","420.00","408.05","413.40","377.89","60.22","58.31","59.13","389.56","508603.00","393.17"
"Thu Apr 20 2023 00:00:00 GMT+0530 (India Standard Time)","415.40","415.40","408.70","411.65","379.56","59.52","58.05","58.73","391.02","312137.00","395.51"
"Fri Apr 21 2023 00:00:00 GMT+0530 (India Standard Time)","413.20","414.90","404.15","407.00","381.13","57.66","57.35","57.67","392.16","150561.00","397.11"
"Mon Apr 24 2023 00:00:00 GMT+0530 (India Standard Time)","409.40","426.70","407.25","420.05","382.77","61.23","58.76","59.77","393.49","917426.00","399.70"
"Tue Apr 25 2023 00:00:00 GMT+0530 (India Standard Time)","422.85","430.50","419.80","428.70","384.18","63.38","59.66","61.09","395.18","567607.00","402.33"
"Wed Apr 26 2023 00:00:00 GMT+0530 (India Standard Time)","431.00","433.60","411.00","414.45","385.32","57.83","57.56","57.88","396.30","588644.00","404.51"
"Thu Apr 27 2023 00:00:00 GMT+0530 (India Standard Time)","419.00","422.00","415.05","419.70","386.15","59.22","58.11","58.70","397.67","288350.00","406.47"
"Fri Apr 28 2023 00:00:00 GMT+0530 (India Standard Time)","421.80","422.95","413.10","417.35","387.06","58.32","57.77","58.18","399.20","210439.00","408.34"
"Tue May 02 2023 00:00:00 GMT+0530 (India Standard Time)","419.85","425.30","415.00","417.25","387.99","58.28","57.75","58.15","401.20","298095.00","410.17"
"Wed May 03 2023 00:00:00 GMT+0530 (India Standard Time)","416.50","442.00","416.00","439.70","389.13","64.02","60.09","61.62","403.31","1077518.00","412.77"
"Thu May 04 2023 00:00:00 GMT+0530 (India Standard Time)","441.90","448.20","437.20","443.15","390.45","64.80","60.43","62.11","406.08","537720.00","415.16"
"Fri May 05 2023 00:00:00 GMT+0530 (India Standard Time)","442.95","447.80","435.55","444.80","391.66","65.18","60.60","62.35","408.65","313467.00","416.99"
"Mon May 08 2023 00:00:00 GMT+0530 (India Standard Time)","447.50","451.60","445.30","448.00","392.94","65.93","60.92","62.82","411.34","241042.00","418.72"
"Tue May 09 2023 00:00:00 GMT+0530 (India Standard Time)","449.30","453.20","433.30","439.65","394.24","62.26","59.63","60.79","413.67","250650.00","420.30"
"Wed May 10 2023 00:00:00 GMT+0530 (India Standard Time)","442.90","445.00","430.10","433.85","395.46","59.83","58.75","59.42","415.72","245123.00","421.30"
"Thu May 11 2023 00:00:00 GMT+0530 (India Standard Time)","435.90","443.80","435.05","440.10","396.86","61.53","59.41","60.41","417.87","199334.00","422.80"
"Fri May 12 2023 00:00:00 GMT+0530 (India Standard Time)","439.65","455.00","439.00","442.80","398.35","62.26","59.69","60.83","420.22","679703.00","424.26"
"Mon May 15 2023 00:00:00 GMT+0530 (India Standard Time)","444.00","459.00","443.25","457.05","400.18","65.82","61.14","62.99","422.40","620028.00","426.44"
"Tue May 16 2023 00:00:00 GMT+0530 (India Standard Time)","459.80","469.40","450.00","453.35","402.28","64.17","60.57","62.08","424.31","571401.00","428.97"
"Wed May 17 2023 00:00:00 GMT+0530 (India Standard Time)","454.70","462.60","445.00","448.70","404.38","62.11","59.84","60.94","425.75","298904.00","431.14"
"Thu May 18 2023 00:00:00 GMT+0530 (India Standard Time)","451.80","460.90","450.30","456.85","406.50","64.22","60.68","62.19","427.42","257969.00","433.42"
"Fri May 19 2023 00:00:00 GMT+0530 (India Standard Time)","455.85","465.70","448.05","463.15","408.48","65.77","61.32","63.13","429.01","297045.00","435.62"
"Mon May 22 2023 00:00:00 GMT+0530 (India Standard Time)","462.80","467.00","458.55","463.70","410.35","65.90","61.37","63.21","430.94","187122.00","438.07"
"Tue May 23 2023 00:00:00 GMT+0530 (India Standard Time)","462.15","463.90","457.05","460.75","412.16","64.47","60.89","62.44","432.61","167381.00","440.56"
"Wed May 24 2023 00:00:00 GMT+0530 (India Standard Time)","460.75","462.75","451.05","455.00","413.71","61.72","59.97","60.96","434.30","194384.00","442.35"
"Thu May 25 2023 00:00:00 GMT+0530 (India Standard Time)","456.70","462.50","451.50","458.45","415.27","62.72","60.34","61.52","436.21","211240.00","443.81"
"Fri May 26 2023 00:00:00 GMT+0530 (India Standard Time)","460.85","470.00","459.45","462.75","416.95","63.96","60.80","62.22","438.30","280294.00","445.97"
"Mon May 29 2023 00:00:00 GMT+0530 (India Standard Time)","466.75","467.40","454.00","458.55","418.38","61.86","60.11","61.11","440.13","253590.00","447.90"
"Tue May 30 2023 00:00:00 GMT+0530 (India Standard Time)","459.80","463.90","452.00","454.45","419.92","59.84","59.43","60.03","441.66","318836.00","449.74"
"Wed May 31 2023 00:00:00 GMT+0530 (India Standard Time)","457.10","476.00","456.20","472.00","421.82","64.97","61.32","62.91","443.67","1401099.00","452.13"
"Thu Jun 01 2023 00:00:00 GMT+0530 (India Standard Time)","472.00","478.00","463.00","474.80","424.02","65.70","61.60","63.35","445.93","551300.00","453.96"
"Fri Jun 02 2023 00:00:00 GMT+0530 (India Standard Time)","476.00","505.00","475.95","495.90","426.39","70.58","63.69","66.40","448.58","1550159.00","456.35"
"Mon Jun 05 2023 00:00:00 GMT+0530 (India Standard Time)","499.40","503.00","485.00","486.95","428.91","66.37","62.23","64.07","450.91","598254.00","458.60"
"Tue Jun 06 2023 00:00:00 GMT+0530 (India Standard Time)","488.00","490.75","481.20","486.95","431.21","66.37","62.23","64.07","453.29","356423.00","460.42"
"Wed Jun 07 2023 00:00:00 GMT+0530 (India Standard Time)","493.00","500.30","490.15","491.55","433.62","67.47","62.68","64.75","455.97","341683.00","462.89"
"Thu Jun 08 2023 00:00:00 GMT+0530 (India Standard Time)","494.50","495.40","483.95","487.20","435.83","65.35","61.97","63.59","458.51","216116.00","465.40"
"Fri Jun 09 2023 00:00:00 GMT+0530 (India Standard Time)","489.90","489.90","477.70","479.15","437.90","61.60","60.66","61.50","460.76","240380.00","467.39"
"Mon Jun 12 2023 00:00:00 GMT+0530 (India Standard Time)","480.00","495.00","472.55","492.15","440.05","65.01","61.98","63.49","462.69","403561.00","469.44"
"Tue Jun 13 2023 00:00:00 GMT+0530 (India Standard Time)","492.15","494.95","489.00","490.55","442.28","64.27","61.72","63.08","464.43","201612.00","471.21"
"Wed Jun 14 2023 00:00:00 GMT+0530 (India Standard Time)","490.55","494.85","485.00","486.95","444.19","62.59","61.13","62.14","466.08","164546.00","472.73"
"Thu Jun 15 2023 00:00:00 GMT+0530 (India Standard Time)","488.85","500.00","484.00","485.55","445.87","61.93","60.90","61.77","467.56","358374.00","474.52"
"Fri Jun 16 2023 00:00:00 GMT+0530 (India Standard Time)","488.65","492.90","478.00","479.85","447.29","59.26","59.97","60.28","469.05","250428.00","475.78"
"Mon Jun 19 2023 00:00:00 GMT+0530 (India Standard Time)","480.20","493.55","478.95","481.15","448.80","59.68","60.11","60.51","470.77","215405.00","476.90"
"Tue Jun 20 2023 00:00:00 GMT+0530 (India Standard Time)","481.05","488.90","472.00","473.55","450.04","56.15","58.87","58.52","472.15","237829.00","477.56"
"Wed Jun 21 2023 00:00:00 GMT+0530 (India Standard Time)","475.00","484.05","474.05","481.15","451.48","58.71","59.71","59.88","473.36","191121.00","478.49"
"Thu Jun 22 2023 00:00:00 GMT+0530 (India Standard Time)","482.80","483.60","466.25","468.70","452.63","53.35","57.73","56.76","474.07","270012.00","479.24"
"Fri Jun 23 2023 00:00:00 GMT+0530 (India Standard Time)","470.50","474.70","455.55","457.15","453.69","49.00","55.97","54.07","474.24","245994.00","479.41"
"Mon Jun 26 2023 00:00:00 GMT+0530 (India Standard Time)","455.15","471.95","453.05","469.90","454.94","53.41","57.43","56.41","474.70","370375.00","479.52"
"Tue Jun 27 2023 00:00:00 GMT+0530 (India Standard Time)","473.70","499.45","472.85","497.90","456.67","61.15","60.36","60.92","475.92","1006466.00","481.07"
"Wed Jun 28 2023 00:00:00 GMT+0530 (India Standard Time)","500.00","516.30","491.00","494.55","458.48","59.90","59.86","60.15","477.41","1093499.00","483.11"
"Fri Jun 30 2023 00:00:00 GMT+0530 (India Standard Time)","496.80","499.90","487.70","490.10","460.05","58.24","59.19","59.14","478.46","369999.00","484.20"
"Mon Jul 03 2023 00:00:00 GMT+0530 (India Standard Time)","492.90","499.50","485.30","493.95","461.67","59.27","59.59","59.74","479.62","267593.00","485.18"
"Tue Jul 04 2023 00:00:00 GMT+0530 (India Standard Time)","496.25","496.65","482.30","483.75","463.24","55.47","58.07","57.43","480.73","212627.00","484.86"
"Wed Jul 05 2023 00:00:00 GMT+0530 (India Standard Time)","487.70","507.75","484.35","504.55","464.88","60.84","60.18","60.63","482.21","508465.00","485.33"
"Thu Jul 06 2023 00:00:00 GMT+0530 (India Standard Time)","510.00","567.50","510.00","551.90","467.25","69.60","64.34","66.52","485.04","4697732.00","488.13"
"Fri Jul 07 2023 00:00:00 GMT+0530 (India Standard Time)","544.00","602.60","542.15","594.55","470.55","74.91","67.46","70.59","489.31","2118644.00","492.42"
"Mon Jul 10 2023 00:00:00 GMT+0530 (India Standard Time)","594.00","628.00","571.15","606.55","474.23","76.14","68.25","71.59","494.50","1857658.00","497.88"
"Tue Jul 11 2023 00:00:00 GMT+0530 (India Standard Time)","607.05","624.00","591.50","615.40","478.10","77.01","68.82","72.31","499.58","744533.00","504.08"
"Wed Jul 12 2023 00:00:00 GMT+0530 (India Standard Time)","614.00","644.70","608.20","613.40","482.13","76.35","68.54","71.89","504.94","1193039.00","510.36"
"Thu Jul 13 2023 00:00:00 GMT+0530 (India Standard Time)","619.80","628.55","596.25","599.90","485.56","71.96","66.65","69.10","509.08","465963.00","515.83"
"Fri Jul 14 2023 00:00:00 GMT+0530 (India Standard Time)","604.05","609.90","590.00","601.40","488.72","72.14","66.75","69.23","512.97","214248.00","521.18"
"Mon Jul 17 2023 00:00:00 GMT+0530 (India Standard Time)","605.00","627.00","598.15","619.30","492.17","74.29","67.96","70.81","517.56","714648.00","527.23"
"Tue Jul 18 2023 00:00:00 GMT+0530 (India Standard Time)","622.00","623.90","605.00","606.45","495.42","70.21","66.20","68.23","521.76","143903.00","533.32"
"Wed Jul 19 2023 00:00:00 GMT+0530 (India Standard Time)","609.50","616.40","606.45","613.20","498.84","71.09","66.66","68.84","526.16","122460.00","539.44"
"Thu Jul 20 2023 00:00:00 GMT+0530 (India Standard Time)","615.65","615.65","606.00","609.80","502.33","70.00","66.20","68.16","530.74","119946.00","545.79"
"Fri Jul 21 2023 00:00:00 GMT+0530 (India Standard Time)","611.85","622.95","607.10","614.75","505.83","70.68","66.54","68.62","535.33","191537.00","552.21"
"Mon Jul 24 2023 00:00:00 GMT+0530 (India Standard Time)","619.90","694.70","616.05","667.40","510.16","76.65","69.88","72.96","541.32","2221464.00","561.24"
"Tue Jul 25 2023 00:00:00 GMT+0530 (India Standard Time)","674.90","694.90","671.10","677.90","514.69","77.60","70.48","73.71","548.19","1276016.00","571.68"
"Wed Jul 26 2023 00:00:00 GMT+0530 (India Standard Time)","677.90","737.00","672.00","726.05","519.86","81.28","72.98","76.73","556.11","1990394.00","583.54"
"Thu Jul 27 2023 00:00:00 GMT+0530 (India Standard Time)","732.00","744.70","716.10","735.55","525.50","81.90","73.43","77.26","564.99","1029071.00","595.01"
"Fri Jul 28 2023 00:00:00 GMT+0530 (India Standard Time)","735.90","742.50","670.00","693.20","530.37","70.96","68.24","69.94","572.75","993727.00","604.57"
"Mon Jul 31 2023 00:00:00 GMT+0530 (India Standard Time)","696.90","725.00","689.85","721.55","535.46","73.45","69.70","71.78","581.11","665318.00","615.16"
"Tue Aug 01 2023 00:00:00 GMT+0530 (India Standard Time)","729.50","729.90","706.85","724.65","540.62","73.71","69.86","71.98","589.71","266720.00","626.04"
"Wed Aug 02 2023 00:00:00 GMT+0530 (India Standard Time)","722.95","723.00","705.05","715.00","545.70","71.43","68.75","70.44","598.33","226156.00","636.89"
"Thu Aug 03 2023 00:00:00 GMT+0530 (India Standard Time)","715.00","729.95","703.05","725.35","551.00","72.40","69.28","71.12","607.51","241956.00","647.40"
"Fri Aug 04 2023 00:00:00 GMT+0530 (India Standard Time)","729.40","739.70","720.00","723.90","556.38","72.04","69.11","70.88","616.90","258661.00","656.04"
"Mon Aug 07 2023 00:00:00 GMT+0530 (India Standard Time)","724.30","736.95","705.10","731.00","561.63","72.73","69.48","71.36","625.27","218617.00","662.83"
"Tue Aug 08 2023 00:00:00 GMT+0530 (India Standard Time)","744.00","783.00","742.05","753.30","567.59","74.78","70.60","72.80","634.51","671283.00","670.20"
"Wed Aug 09 2023 00:00:00 GMT+0530 (India Standard Time)","760.00","798.00","757.05","792.85","574.17","77.88","72.44","75.09","644.87","525027.00","678.47"
"Thu Aug 10 2023 00:00:00 GMT+0530 (India Standard Time)","795.00","802.00","762.30","773.50","580.35","73.26","70.26","72.04","655.10","456976.00","685.99"
"Fri Aug 11 2023 00:00:00 GMT+0530 (India Standard Time)","774.95","786.00","755.15","761.50","586.22","70.53","68.95","70.22","665.10","475967.00","693.60"
"Mon Aug 14 2023 00:00:00 GMT+0530 (India Standard Time)","790.00","790.30","765.00","770.25","591.83","71.34","69.37","70.77","674.96","276770.00","701.85"
"Wed Aug 16 2023 00:00:00 GMT+0530 (India Standard Time)","771.70","787.00","770.25","783.40","597.64","72.55","70.00","71.59","683.43","218187.00","709.72"
"Thu Aug 17 2023 00:00:00 GMT+0530 (India Standard Time)","788.00","798.00","783.45","792.70","603.75","73.37","70.43","72.16","690.99","202969.00","718.35"
"Fri Aug 18 2023 00:00:00 GMT+0530 (India Standard Time)","799.00","821.00","780.00","791.10","609.80","72.98","70.25","71.90","697.97","506627.00","727.08"
"Mon Aug 21 2023 00:00:00 GMT+0530 (India Standard Time)","797.85","797.90","766.90","771.80","615.57","68.29","68.13","68.90","703.99","175829.00","735.03"
"Tue Aug 22 2023 00:00:00 GMT+0530 (India Standard Time)","770.00","787.00","765.45","783.80","621.54","69.56","68.73","69.71","709.58","166186.00","742.89"
"Wed Aug 23 2023 00:00:00 GMT+0530 (India Standard Time)","790.00","790.00","772.05","774.25","627.33","67.30","67.70","68.25","715.67","119402.00","748.43"
"Thu Aug 24 2023 00:00:00 GMT+0530 (India Standard Time)","784.90","793.00","766.55","780.60","633.11","68.02","68.02","68.70","722.09","146614.00","753.17"
"Fri Aug 25 2023 00:00:00 GMT+0530 (India Standard Time)","780.00","780.00","742.90","755.50","638.51","62.28","65.38","64.98","727.26","212005.00","755.23"
"Mon Aug 28 2023 00:00:00 GMT+0530 (India Standard Time)","790.00","792.00","765.50","768.75","644.21","63.97","66.09","65.98","733.10","149426.00","757.17"
"Tue Aug 29 2023 00:00:00 GMT+0530 (India Standard Time)","769.95","779.25","769.95","775.10","650.06","64.76","66.42","66.46","738.91","82601.00","760.75"
"Wed Aug 30 2023 00:00:00 GMT+0530 (India Standard Time)","775.50","787.90","770.00","777.25","655.94","65.03","66.54","66.62","744.91","111696.00","763.78"
"Thu Aug 31 2023 00:00:00 GMT+0530 (India Standard Time)","774.95","775.15","748.00","765.10","661.67","62.17","65.26","64.81","750.19","360537.00","765.77"
"Fri Sep 01 2023 00:00:00 GMT+0530 (India Standard Time)","765.10","772.60","755.50","760.65","667.32","61.13","64.80","64.15","753.89","150733.00","768.05"
"Mon Sep 04 2023 00:00:00 GMT+0530 (India Standard Time)","757.00","764.85","710.00","720.20","672.46","52.75","60.81","58.60","755.69","665787.00","768.43"
"Tue Sep 05 2023 00:00:00 GMT+0530 (India Standard Time)","710.00","752.00","677.00","717.50","677.55","52.25","60.55","58.25","755.82","1669904.00","767.91"
"Wed Sep 06 2023 00:00:00 GMT+0530 (India Standard Time)","701.00","720.00","700.00","705.00","682.38","49.94","59.38","56.66","754.97","402133.00","767.03"
"Thu Sep 07 2023 00:00:00 GMT+0530 (India Standard Time)","701.00","723.00","701.00","712.90","686.79","51.36","59.88","57.41","755.34","294878.00","764.86"
"Fri Sep 08 2023 00:00:00 GMT+0530 (India Standard Time)","713.95","723.05","710.65","714.40","691.12","51.64","59.98","57.56","755.48","146659.00","761.55"
"Mon Sep 11 2023 00:00:00 GMT+0530 (India Standard Time)","716.00","719.95","708.00","710.95","695.53","50.94","59.65","57.10","755.21","188248.00","758.44"
"Tue Sep 12 2023 00:00:00 GMT+0530 (India Standard Time)","715.45","728.45","644.35","681.45","699.34","45.45","56.92","53.35","754.16","359140.00","754.53"
"Wed Sep 13 2023 00:00:00 GMT+0530 (India Standard Time)","682.00","708.00","676.05","682.20","703.35","45.60","56.97","53.43","753.06","194562.00","750.39"
"Thu Sep 14 2023 00:00:00 GMT+0530 (India Standard Time)","693.80","721.50","690.15","704.35","707.45","50.05","58.45","55.73","752.26","200043.00","746.78"
"Fri Sep 15 2023 00:00:00 GMT+0530 (India Standard Time)","709.80","715.50","695.85","706.80","710.67","50.52","58.61","55.98","751.60","155658.00","742.71"
"Mon Sep 18 2023 00:00:00 GMT+0530 (India Standard Time)","706.00","731.95","701.00","708.60","713.25","50.88","58.73","56.17","749.97","257754.00","738.74"
"Wed Sep 20 2023 00:00:00 GMT+0530 (India Standard Time)","713.65","713.65","690.40","692.05","715.13","47.57","57.19","54.02","746.98","127823.00","734.93"
"Thu Sep 21 2023 00:00:00 GMT+0530 (India Standard Time)","692.10","702.70","682.00","688.60","716.71","46.90","56.87","53.58","743.83","112669.00","730.66"
"Fri Sep 22 2023 00:00:00 GMT+0530 (India Standard Time)","693.00","696.40","663.00","677.75","717.88","44.82","55.88","52.20","740.67","276139.00","725.95"
"Mon Sep 25 2023 00:00:00 GMT+0530 (India Standard Time)","679.90","684.40","653.75","670.15","719.15","43.41","55.20","51.25","736.89","287325.00","720.69"
"Tue Sep 26 2023 00:00:00 GMT+0530 (India Standard Time)","670.15","708.95","670.15","676.80","720.80","45.00","55.68","52.04","733.50","316827.00","717.10"
"Wed Sep 27 2023 00:00:00 GMT+0530 (India Standard Time)","684.60","706.00","680.60","701.70","722.43","50.49","57.43","54.83","730.10","205989.00","713.47"
"Thu Sep 28 2023 00:00:00 GMT+0530 (India Standard Time)","707.80","715.15","695.00","696.75","724.24","49.46","56.98","54.19","726.70","181364.00","709.95"
"Fri Sep 29 2023 00:00:00 GMT+0530 (India Standard Time)","709.00","709.00","686.00","688.50","725.86","47.75","56.22","53.12","723.69","135824.00","705.90"
"Tue Oct 03 2023 00:00:00 GMT+0530 (India Standard Time)","688.50","690.15","670.70","674.05","727.19","44.91","54.92","51.29","720.10","213036.00","701.80"
"Wed Oct 04 2023 00:00:00 GMT+0530 (India Standard Time)","669.05","710.00","665.85","695.30","728.73","49.55","56.43","53.70","716.95","275951.00","698.43"
"Thu Oct 05 2023 00:00:00 GMT+0530 (India Standard Time)","703.00","713.40","685.00","690.00","729.39","48.48","55.95","53.02","713.95","318506.00","696.80"
"Fri Oct 06 2023 00:00:00 GMT+0530 (India Standard Time)","694.95","723.00","687.00","711.90","729.95","52.89","57.46","55.40","712.09","373799.00","696.44"
"Mon Oct 09 2023 00:00:00 GMT+0530 (India Standard Time)","717.50","727.45","685.50","693.05","729.64","49.09","55.79","53.03","709.46","406342.00","696.07"
"Tue Oct 10 2023 00:00:00 GMT+0530 (India Standard Time)","699.00","708.95","692.20","698.90","728.98","50.26","56.19","53.66","706.79","162712.00","695.47"
"Wed Oct 11 2023 00:00:00 GMT+0530 (India Standard Time)","701.00","726.95","701.00","713.30","729.26","53.03","57.17","55.19","704.49","225134.00","695.37"
"Thu Oct 12 2023 00:00:00 GMT+0530 (India Standard Time)","713.25","720.85","696.40","703.15","729.08","50.93","56.27","53.90","702.49","171173.00","695.06"
"Fri Oct 13 2023 00:00:00 GMT+0530 (India Standard Time)","703.00","718.00","697.05","712.35","728.85","52.72","56.90","54.89","700.57","207346.00","696.30"
"Mon Oct 16 2023 00:00:00 GMT+0530 (India Standard Time)","703.10","715.75","702.00","704.20","728.69","50.99","56.17","53.84","699.70","103328.00","697.22"
"Tue Oct 17 2023 00:00:00 GMT+0530 (India Standard Time)","711.85","715.00","701.05","704.80","728.40","51.11","56.21","53.90","699.39","105192.00","697.29"
"Wed Oct 18 2023 00:00:00 GMT+0530 (India Standard Time)","709.00","710.00","693.00","700.10","727.88","50.07","55.78","53.28","699.13","160495.00","697.03"
"Thu Oct 19 2023 00:00:00 GMT+0530 (India Standard Time)","700.00","722.45","699.85","714.45","727.62","53.13","56.80","54.91","699.13","249268.00","697.04"
"Fri Oct 20 2023 00:00:00 GMT+0530 (India Standard Time)","711.95","756.60","708.55","739.10","727.18","57.79","58.48","57.53","699.80","682463.00","698.89"
"Mon Oct 23 2023 00:00:00 GMT+0530 (India Standard Time)","746.50","762.00","705.00","714.15","725.95","52.27","56.23","54.25","700.30","476904.00","700.48"
"Wed Oct 25 2023 00:00:00 GMT+0530 (India Standard Time)","719.00","732.95","697.00","702.90","724.57","50.00","55.26","52.86","701.24","248655.00","701.91"
"Thu Oct 26 2023 00:00:00 GMT+0530 (India Standard Time)","700.05","719.45","657.30","715.75","723.29","52.47","56.14","54.24","701.55","328999.00","703.46"
"Fri Oct 27 2023 00:00:00 GMT+0530 (India Standard Time)","719.00","755.00","719.00","750.65","722.69","58.34","58.41","57.71","702.84","385796.00","706.35"
"Mon Oct 30 2023 00:00:00 GMT+0530 (India Standard Time)","755.00","785.50","742.05","768.55","722.39","60.93","59.51","59.33","704.96","558853.00","709.62"
"Tue Oct 31 2023 00:00:00 GMT+0530 (India Standard Time)","774.70","842.00","774.65","833.10","722.97","68.39","63.08","64.40","708.63","1147948.00","715.32"
"Wed Nov 01 2023 00:00:00 GMT+0530 (India Standard Time)","841.95","864.35","826.30","843.40","723.94","69.37","63.60","65.12","713.84","509361.00","722.53"
"Thu Nov 02 2023 00:00:00 GMT+0530 (India Standard Time)","856.00","859.55","830.15","846.20","725.31","69.64","63.74","65.31","719.35","225676.00","730.54"
"Fri Nov 03 2023 00:00:00 GMT+0530 (India Standard Time)","847.95","863.00","822.00","839.85","726.53","68.21","63.17","64.47","725.16","240297.00","737.67"
"Mon Nov 06 2023 00:00:00 GMT+0530 (India Standard Time)","865.00","879.70","842.00","859.35","728.18","70.18","64.17","65.86","731.97","376514.00","745.55"
"Tue Nov 07 2023 00:00:00 GMT+0530 (India Standard Time)","867.00","877.90","829.00","834.50","729.46","64.81","61.99","62.66","737.75","214473.00","752.00"
"Wed Nov 08 2023 00:00:00 GMT+0530 (India Standard Time)","841.70","850.75","836.40","846.55","731.19","66.13","62.62","63.54","743.06","98766.00","758.92"
"Thu Nov 09 2023 00:00:00 GMT+0530 (India Standard Time)","854.00","867.95","800.00","807.25","732.13","58.61","59.37","58.87","747.44","285393.00","764.68"
"Fri Nov 10 2023 00:00:00 GMT+0530 (India Standard Time)","850.00","894.70","843.70","854.45","733.87","63.80","61.79","62.29","753.50","914003.00","771.73"
"Sun Nov 12 2023 00:00:00 GMT+0530 (India Standard Time)","869.95","878.85","865.35","873.25","735.76","65.61","62.70","63.54","760.44","93438.00","779.67"
"Mon Nov 13 2023 00:00:00 GMT+0530 (India Standard Time)","872.95","872.95","845.25","858.10","737.66","62.95","61.50","61.85","766.45","198808.00","786.75"
"Wed Nov 15 2023 00:00:00 GMT+0530 (India Standard Time)","870.05","873.55","862.10","869.80","739.79","64.13","62.07","62.64","772.61","161436.00","794.48"
"Thu Nov 16 2023 00:00:00 GMT+0530 (India Standard Time)","875.80","895.00","869.80","872.35","742.77","64.39","62.19","62.81","778.74","247845.00","802.62"
"Fri Nov 17 2023 00:00:00 GMT+0530 (India Standard Time)","871.90","884.00","858.35","863.40","745.79","62.72","61.48","61.78","784.69","444212.00","810.55"
"Mon Nov 20 2023 00:00:00 GMT+0530 (India Standard Time)","870.00","879.95","845.15","849.30","748.76","60.14","60.36","60.18","790.34","164132.00","817.37"
"Tue Nov 21 2023 00:00:00 GMT+0530 (India Standard Time)","856.00","865.75","830.10","833.80","751.33","57.42","59.16","58.46","794.96","191690.00","822.37"
"Wed Nov 22 2023 00:00:00 GMT+0530 (India Standard Time)","838.00","844.90","822.30","833.30","753.68","57.33","59.12","58.41","799.49","119795.00","827.59"
"Thu Nov 23 2023 00:00:00 GMT+0530 (India Standard Time)","838.00","842.30","814.35","821.80","755.94","55.29","58.23","57.13","803.67","175434.00","833.12"
"Fri Nov 24 2023 00:00:00 GMT+0530 (India Standard Time)","823.00","847.05","810.00","813.20","758.67","53.78","57.57","56.19","807.81","263140.00","838.77"
"Tue Nov 28 2023 00:00:00 GMT+0530 (India Standard Time)","813.20","839.00","809.95","815.50","761.33","54.13","57.70","56.39","811.90","402136.00","842.40"
"Wed Nov 29 2023 00:00:00 GMT+0530 (India Standard Time)","821.90","833.70","818.00","830.75","763.80","56.43","58.56","57.69","816.42","126348.00","845.36"
"Thu Nov 30 2023 00:00:00 GMT+0530 (India Standard Time)","835.70","849.00","815.10","838.25","766.37","57.53","58.98","58.32","820.77","399865.00","846.05"
"Fri Dec 01 2023 00:00:00 GMT+0530 (India Standard Time)","844.95","854.35","819.15","822.70","768.72","54.53","57.75","56.53","824.25","214799.00","845.35"
"Mon Dec 04 2023 00:00:00 GMT+0530 (India Standard Time)","840.00","843.70","815.05","819.90","771.27","54.00","57.53","56.21","827.79","174290.00","844.36"
"Tue Dec 05 2023 00:00:00 GMT+0530 (India Standard Time)","825.00","826.00","805.55","810.95","773.73","52.29","56.82","55.18","831.48","183225.00","843.03"
"Wed Dec 06 2023 00:00:00 GMT+0530 (India Standard Time)","810.95","828.45","790.00","798.70","776.23","50.01","55.87","53.79","835.34","287130.00","840.36"
"Thu Dec 07 2023 00:00:00 GMT+0530 (India Standard Time)","798.95","842.00","798.70","835.85","779.40","56.10","58.05","57.15","838.34","327255.00","839.60"
"Fri Dec 08 2023 00:00:00 GMT+0530 (India Standard Time)","839.00","846.80","810.10","815.05","782.17","52.35","56.46","54.85","840.43","181273.00","838.49"
"Mon Dec 11 2023 00:00:00 GMT+0530 (India Standard Time)","819.90","821.40","805.25","812.05","784.48","51.83","56.23","54.53","840.30","130656.00","838.11"
"Tue Dec 12 2023 00:00:00 GMT+0530 (India Standard Time)","817.40","820.00","800.00","801.80","786.58","50.03","55.46","53.41","838.96","183353.00","835.45"
"Wed Dec 13 2023 00:00:00 GMT+0530 (India Standard Time)","807.70","825.00","796.20","815.65","788.98","52.37","56.29","54.70","837.79","233285.00","832.62"
"Thu Dec 14 2023 00:00:00 GMT+0530 (India Standard Time)","825.00","828.55","814.00","817.55","791.82","52.69","56.40","54.87","837.01","126108.00","830.75"
"Fri Dec 15 2023 00:00:00 GMT+0530 (India Standard Time)","826.80","860.00","820.00","853.90","794.93","58.32","58.49","58.07","836.45","675516.00","829.71"
"Mon Dec 18 2023 00:00:00 GMT+0530 (India Standard Time)","860.00","872.00","840.00","842.35","798.02","56.09","57.59","56.76","836.61","297595.00","828.37"
"Tue Dec 19 2023 00:00:00 GMT+0530 (India Standard Time)","848.00","850.00","826.00","836.25","800.60","54.93","57.13","56.07","836.35","173400.00","826.93"
"Wed Dec 20 2023 00:00:00 GMT+0530 (India Standard Time)","842.95","881.00","806.05","812.40","803.16","50.62","55.34","53.46","836.64","481623.00","825.60"
"Thu Dec 21 2023 00:00:00 GMT+0530 (India Standard Time)","796.05","885.00","780.00","859.85","806.09","57.57","58.00","57.51","835.83","313418.00","825.85"
"Fri Dec 22 2023 00:00:00 GMT+0530 (India Standard Time)","869.05","881.95","844.00","851.10","808.96","56.05","57.36","56.57","835.35","174188.00","826.97"
"Tue Dec 26 2023 00:00:00 GMT+0530 (India Standard Time)","855.00","865.00","842.05","847.05","811.84","55.33","57.06","56.14","835.09","142478.00","828.18"
"Wed Dec 27 2023 00:00:00 GMT+0530 (India Standard Time)","851.05","857.10","833.00","840.50","814.50","54.16","56.58","55.43","834.20","113159.00","829.22"
"Thu Dec 28 2023 00:00:00 GMT+0530 (India Standard Time)","846.00","849.70","816.60","826.00","816.96","51.62","55.51","53.89","832.47","139546.00","829.68"
"Fri Dec 29 2023 00:00:00 GMT+0530 (India Standard Time)","821.15","839.95","821.00","829.15","819.43","52.13","55.70","54.17","831.09","100049.00","829.75"
"Mon Jan 01 2024 00:00:00 GMT+0530 (India Standard Time)","834.00","852.00","834.00","845.90","822.30","54.80","56.67","55.67","830.59","147904.00","830.19"
"Tue Jan 02 2024 00:00:00 GMT+0530 (India Standard Time)","851.00","880.00","837.00","869.70","825.33","58.28","58.00","57.70","831.27","595007.00","831.83"
"Wed Jan 03 2024 00:00:00 GMT+0530 (India Standard Time)","875.90","928.00","867.00","925.50","828.84","64.91","60.87","61.90","833.89","1395777.00","835.96"
"Thu Jan 04 2024 00:00:00 GMT+0530 (India Standard Time)","931.10","937.00","895.00","899.80","832.52","60.28","58.98","59.12","836.90","455671.00","840.46"
"Fri Jan 05 2024 00:00:00 GMT+0530 (India Standard Time)","906.95","921.25","896.05","911.40","836.55","61.58","59.56","59.95","839.98","245802.00","845.52"
"Mon Jan 08 2024 00:00:00 GMT+0530 (India Standard Time)","913.75","916.45","899.10","907.05","840.65","60.79","59.24","59.48","843.05","134704.00","849.29"
"Tue Jan 09 2024 00:00:00 GMT+0530 (India Standard Time)","923.00","927.95","895.00","902.90","843.92","60.03","58.93","59.03","845.95","194844.00","853.36"
"Wed Jan 10 2024 00:00:00 GMT+0530 (India Standard Time)","896.00","908.05","882.25","894.05","846.49","58.38","58.28","58.06","848.12","215825.00","857.26"
"Thu Jan 11 2024 00:00:00 GMT+0530 (India Standard Time)","902.00","910.90","896.90","901.90","848.13","59.42","58.69","58.68","850.66","122250.00","861.88"
"Fri Jan 12 2024 00:00:00 GMT+0530 (India Standard Time)","908.00","910.90","897.00","898.70","849.27","58.79","58.45","58.32","853.37","111687.00","866.08"
"Mon Jan 15 2024 00:00:00 GMT+0530 (India Standard Time)","900.00","924.10","899.05","903.75","850.51","59.50","58.72","58.73","856.76","158436.00","870.28"
"Tue Jan 16 2024 00:00:00 GMT+0530 (India Standard Time)","903.70","910.95","876.70","879.95","851.43","54.84","56.94","56.05","859.74","203822.00","872.18"
"Wed Jan 17 2024 00:00:00 GMT+0530 (India Standard Time)","880.75","904.00","871.25","901.60","852.12","57.98","58.12","57.85","862.12","174938.00","874.35"
"Thu Jan 18 2024 00:00:00 GMT+0530 (India Standard Time)","899.75","919.00","876.00","904.30","853.26","58.36","58.26","58.07","864.83","257581.00","877.39"
"Fri Jan 19 2024 00:00:00 GMT+0530 (India Standard Time)","909.50","943.45","905.00","911.70","854.72","59.42","58.66","58.68","868.66","218251.00","881.67"
"Sat Jan 20 2024 00:00:00 GMT+0530 (India Standard Time)","918.70","919.05","901.05","906.05","856.46","58.23","58.23","58.02","872.28","90509.00","884.62"
"Tue Jan 23 2024 00:00:00 GMT+0530 (India Standard Time)","908.05","929.85","855.00","873.50","856.89","51.98","55.81","54.38","874.92","285661.00","885.85"
"Wed Jan 24 2024 00:00:00 GMT+0530 (India Standard Time)","872.90","912.50","861.05","907.60","857.38","57.05","57.68","57.27","877.55","242757.00","888.09"
"Thu Jan 25 2024 00:00:00 GMT+0530 (India Standard Time)","908.95","916.35","895.00","896.95","858.23","55.14","56.92","56.13","879.62","129831.00","890.87"
"Mon Jan 29 2024 00:00:00 GMT+0530 (India Standard Time)","900.95","922.00","900.95","919.15","859.16","58.21","58.10","57.92","881.86","204165.00","894.96"
"Tue Jan 30 2024 00:00:00 GMT+0530 (India Standard Time)","923.95","968.00","921.00","933.30","860.39","60.03","58.84","59.02","885.55","675331.00","900.15"
"Wed Jan 31 2024 00:00:00 GMT+0530 (India Standard Time)","939.90","994.00","939.50","977.00","862.48","65.00","60.99","62.17","890.44","829173.00","906.22"
"Thu Feb 01 2024 00:00:00 GMT+0530 (India Standard Time)","983.95","984.00","965.10","969.65","864.81","63.60","60.45","61.35","895.13","223781.00","911.36"
"Fri Feb 02 2024 00:00:00 GMT+0530 (India Standard Time)","976.90","983.40","946.00","951.45","867.15","60.24","59.12","59.37","898.75","229481.00","913.58"
"Mon Feb 05 2024 00:00:00 GMT+0530 (India Standard Time)","959.95","1005.00","956.65","991.05","870.20","64.52","61.01","62.11","903.50","501859.00","917.29"
"Tue Feb 06 2024 00:00:00 GMT+0530 (India Standard Time)","998.90","1020.50","965.45","990.35","873.53","64.40","60.96","62.04","908.80","376425.00","921.18"
"Wed Feb 07 2024 00:00:00 GMT+0530 (India Standard Time)","1035.00","1170.00","1025.00","1116.90","879.26","74.18","66.14","69.07","918.56","2485849.00","930.70"
"Thu Feb 08 2024 00:00:00 GMT+0530 (India Standard Time)","1129.80","1175.20","1116.90","1144.95","885.77","75.73","67.13","70.33","929.83","721003.00","942.04"
"Fri Feb 09 2024 00:00:00 GMT+0530 (India Standard Time)","1143.10","1143.90","1075.05","1103.80","891.34","69.31","64.33","66.27","939.25","472391.00","952.14"
"Mon Feb 12 2024 00:00:00 GMT+0530 (India Standard Time)","1113.70","1125.95","1092.50","1106.35","896.79","69.48","64.43","66.40","948.03","402436.00","961.90"
"Tue Feb 13 2024 00:00:00 GMT+0530 (India Standard Time)","1106.45","1160.00","1066.30","1143.05","902.76","71.82","65.74","68.12","955.76","569096.00","972.70"
"Wed Feb 14 2024 00:00:00 GMT+0530 (India Standard Time)","1146.70","1198.00","1124.05","1177.40","909.65","73.79","66.91","69.63","964.90","655285.00","985.15"
"Thu Feb 15 2024 00:00:00 GMT+0530 (India Standard Time)","1189.00","1210.90","1142.10","1151.75","916.66","69.95","65.22","67.19","974.14","355095.00","998.35"
"Fri Feb 16 2024 00:00:00 GMT+0530 (India Standard Time)","1159.00","1184.70","1155.00","1174.75","924.03","71.35","66.00","68.22","983.56","196809.00","1011.58"
"Mon Feb 19 2024 00:00:00 GMT+0530 (India Standard Time)","1185.00","1199.95","1165.20","1169.00","930.98","70.49","65.63","67.67","993.19","180032.00","1024.67"
"Tue Feb 20 2024 00:00:00 GMT+0530 (India Standard Time)","1173.10","1173.50","1127.00","1129.85","937.35","64.88","63.13","64.10","1002.07","234941.00","1035.24"
"Wed Feb 21 2024 00:00:00 GMT+0530 (India Standard Time)","1137.60","1154.65","1100.00","1108.00","943.45","61.99","61.80","62.21","1009.84","239338.00","1045.22"
"Thu Feb 22 2024 00:00:00 GMT+0530 (India Standard Time)","1120.10","1128.35","1086.90","1095.45","949.36","60.36","61.04","61.15","1017.03","243417.00","1055.63"
"Fri Feb 23 2024 00:00:00 GMT+0530 (India Standard Time)","1100.00","1179.00","1095.50","1170.45","956.18","65.96","63.74","64.84","1025.58","421853.00","1067.85"
"Mon Feb 26 2024 00:00:00 GMT+0530 (India Standard Time)","1176.05","1179.90","1151.10","1158.55","963.03","64.44","63.03","63.85","1035.36","154249.00","1080.27"
"Tue Feb 27 2024 00:00:00 GMT+0530 (India Standard Time)","1155.55","1255.10","1150.00","1244.70","970.56","69.73","65.82","67.54","1046.95","1093352.00","1094.95"
"Wed Feb 28 2024 00:00:00 GMT+0530 (India Standard Time)","1257.90","1278.40","1202.35","1214.30","978.13","66.09","64.08","65.13","1058.80","546336.00","1108.69"
"Thu Feb 29 2024 00:00:00 GMT+0530 (India Standard Time)","1220.10","1295.00","1220.10","1264.15","986.60","68.88","65.60","67.11","1070.93","1150990.00","1122.45"
"Fri Mar 01 2024 00:00:00 GMT+0530 (India Standard Time)","1299.00","1478.00","1276.25","1418.50","998.00","75.46","69.63","72.16","1088.15","1796623.00","1142.72"
"Sat Mar 02 2024 00:00:00 GMT+0530 (India Standard Time)","1439.70","1489.40","1439.70","1487.30","1010.59","77.67","71.16","73.99","1109.08","234665.00","1167.38"
"Mon Mar 04 2024 00:00:00 GMT+0530 (India Standard Time)","1489.40","1489.40","1376.35","1391.95","1021.70","68.67","66.43","67.65","1127.85","1038710.00","1187.69"
"Tue Mar 05 2024 00:00:00 GMT+0530 (India Standard Time)","1402.00","1430.00","1390.05","1402.70","1032.82","69.10","66.68","67.97","1145.88","369531.00","1207.43"
"Wed Mar 06 2024 00:00:00 GMT+0530 (India Standard Time)","1414.50","1461.10","1260.45","1383.90","1043.41","67.42","65.79","66.79","1162.11","419566.00","1220.06"
"Thu Mar 07 2024 00:00:00 GMT+0530 (India Standard Time)","1391.00","1424.40","1350.50","1383.35","1054.53","67.37","65.77","66.75","1178.02","258094.00","1231.48"
"Mon Mar 11 2024 00:00:00 GMT+0530 (India Standard Time)","1382.00","1382.00","1285.10","1291.70","1064.19","59.61","61.62","61.26","1190.50","307743.00","1241.29"
"Tue Mar 12 2024 00:00:00 GMT+0530 (India Standard Time)","1307.70","1309.50","1211.10","1265.00","1072.55","57.58","60.49","59.79","1200.82","546515.00","1248.67"
"Wed Mar 13 2024 00:00:00 GMT+0530 (India Standard Time)","1265.05","1305.00","1044.30","1078.50","1077.80","46.08","53.51","50.98","1207.33","802633.00","1248.59"
"Thu Mar 14 2024 00:00:00 GMT+0530 (India Standard Time)","1074.95","1294.00","1050.00","1273.45","1084.02","55.78","58.60","57.68","1215.24","1454430.00","1251.14"
"Fri Mar 15 2024 00:00:00 GMT+0530 (India Standard Time)","1278.00","1331.95","1205.05","1241.10","1090.96","54.08","57.53","56.37","1224.79","756999.00","1255.46"
"Mon Mar 18 2024 00:00:00 GMT+0530 (India Standard Time)","1238.40","1310.00","1230.05","1274.85","1098.21","55.56","58.33","57.41","1230.77","549590.00","1260.23"
"Tue Mar 19 2024 00:00:00 GMT+0530 (India Standard Time)","1276.85","1294.00","1232.60","1281.10","1105.51","55.84","58.48","57.60","1235.19","346062.00","1264.82"
"Wed Mar 20 2024 00:00:00 GMT+0530 (India Standard Time)","1286.10","1295.00","1243.05","1276.35","1112.82","55.56","58.32","57.40","1241.04","245596.00","1271.14"
"Thu Mar 21 2024 00:00:00 GMT+0530 (India Standard Time)","1296.80","1424.95","1294.00","1408.35","1122.60","61.16","61.32","61.30","1250.59","1724060.00","1283.81"
"Fri Mar 22 2024 00:00:00 GMT+0530 (India Standard Time)","1409.00","1428.20","1370.40","1393.20","1132.47","60.25","60.81","60.65","1260.38","677845.00","1297.85"
"Tue Mar 26 2024 00:00:00 GMT+0530 (India Standard Time)","1380.00","1415.85","1345.00","1392.40","1142.17","60.20","60.79","60.61","1268.17","522256.00","1308.92"
"Wed Mar 27 2024 00:00:00 GMT+0530 (India Standard Time)","1397.00","1444.70","1380.00","1408.90","1152.23","60.90","61.15","61.09","1276.84","603349.00","1320.76"
"Thu Mar 28 2024 00:00:00 GMT+0530 (India Standard Time)","1419.45","1472.90","1416.10","1426.65","1163.20","61.66","61.54","61.61","1286.38","555877.00","1330.85"
"Mon Apr 01 2024 00:00:00 GMT+0530 (India Standard Time)","1440.05","1635.00","1440.05","1606.40","1176.75","68.25","65.18","66.28","1300.04","2443155.00","1347.26"
"Tue Apr 02 2024 00:00:00 GMT+0530 (India Standard Time)","1610.00","1695.00","1584.55","1592.45","1191.05","67.31","64.69","65.64","1317.20","1881865.00","1364.18"
"Wed Apr 03 2024 00:00:00 GMT+0530 (India Standard Time)","1592.45","1626.20","1557.40","1571.20","1204.33","65.86","63.96","64.67","1333.78","610341.00","1372.93"
"Thu Apr 04 2024 00:00:00 GMT+0530 (India Standard Time)","1588.90","1621.85","1553.35","1559.05","1217.63","65.01","63.54","64.11","1350.72","469918.00","1377.57"
"Fri Apr 05 2024 00:00:00 GMT+0530 (India Standard Time)","1563.80","1589.35","1559.05","1573.85","1231.45","65.58","63.83","64.49","1365.93","406844.00","1385.26"
"Mon Apr 08 2024 00:00:00 GMT+0530 (India Standard Time)","1596.00","1609.95","1581.85","1589.75","1245.36","66.19","64.15","64.91","1381.31","330191.00","1394.14"
"Tue Apr 09 2024 00:00:00 GMT+0530 (India Standard Time)","1606.45","1606.45","1525.00","1551.95","1258.52","63.36","62.82","63.10","1393.61","205175.00","1403.02"
"Wed Apr 10 2024 00:00:00 GMT+0530 (India Standard Time)","1554.50","1558.90","1453.00","1484.40","1270.11","58.67","60.53","60.03","1403.15","363351.00","1408.25"
"Fri Apr 12 2024 00:00:00 GMT+0530 (India Standard Time)","1484.40","1527.25","1466.20","1490.60","1281.21","58.96","60.66","60.21","1411.54","277844.00","1416.87"
"Mon Apr 15 2024 00:00:00 GMT+0530 (India Standard Time)","1440.00","1460.00","1388.20","1447.50","1290.49","56.05","59.24","58.30","1413.01","305422.00","1425.12"
"Tue Apr 16 2024 00:00:00 GMT+0530 (India Standard Time)","1429.65","1457.90","1422.40","1434.25","1299.79","55.18","58.81","57.73","1411.80","226899.00","1439.91"
"Thu Apr 18 2024 00:00:00 GMT+0530 (India Standard Time)","1447.80","1460.00","1345.80","1398.85","1308.64","52.86","57.67","56.20","1411.16","283829.00","1448.39"
"Fri Apr 19 2024 00:00:00 GMT+0530 (India Standard Time)","1381.75","1440.00","1373.70","1415.00","1317.14","53.79","58.05","56.73","1411.23","292295.00","1455.83"
"Mon Apr 22 2024 00:00:00 GMT+0530 (India Standard Time)","1433.00","1525.00","1433.00","1510.05","1327.20","58.81","60.18","59.73","1415.55","605762.00","1466.40"
"Tue Apr 23 2024 00:00:00 GMT+0530 (India Standard Time)","1530.00","1540.00","1482.00","1507.55","1335.24","58.64","60.10","59.62","1419.97","264027.00","1477.69"
"Wed Apr 24 2024 00:00:00 GMT+0530 (India Standard Time)","1513.90","1550.10","1507.00","1539.05","1343.01","60.21","60.78","60.57","1427.56","333301.00","1490.12"
"Thu Apr 25 2024 00:00:00 GMT+0530 (India Standard Time)","1540.00","1570.00","1524.00","1553.85","1351.88","60.95","61.10","61.02","1437.82","263539.00","1498.05"
"Fri Apr 26 2024 00:00:00 GMT+0530 (India Standard Time)","1540.10","1565.90","1520.20","1528.00","1360.44","58.95","60.23","59.81","1451.95","243090.00","1504.69"
"Mon Apr 29 2024 00:00:00 GMT+0530 (India Standard Time)","1539.90","1550.00","1501.15","1537.20","1368.51","59.45","60.44","60.10","1463.50","183362.00","1511.59"
"Tue Apr 30 2024 00:00:00 GMT+0530 (India Standard Time)","1541.00","1585.20","1510.50","1518.80","1375.79","57.98","59.81","59.22","1473.46","209873.00","1517.43"
"Thu May 02 2024 00:00:00 GMT+0530 (India Standard Time)","1523.95","1533.00","1465.80","1486.00","1382.36","55.41","58.70","57.66","1481.44","202583.00","1520.15"
"Fri May 03 2024 00:00:00 GMT+0530 (India Standard Time)","1501.45","1542.95","1455.00","1474.25","1388.65","54.50","58.31","57.11","1489.35","256308.00","1516.09"
"Mon May 06 2024 00:00:00 GMT+0530 (India Standard Time)","1474.25","1499.00","1426.60","1431.50","1394.07","51.29","56.90","55.14","1495.81","268405.00","1508.04"
"Tue May 07 2024 00:00:00 GMT+0530 (India Standard Time)","1442.00","1442.90","1385.00","1405.00","1399.46","49.40","56.04","53.95","1497.07","254784.00","1499.85"
"Wed May 08 2024 00:00:00 GMT+0530 (India Standard Time)","1404.00","1443.90","1384.20","1434.55","1405.59","51.50","56.78","55.06","1497.91","184274.00","1492.75"
"Thu May 09 2024 00:00:00 GMT+0530 (India Standard Time)","1434.10","1435.90","1380.00","1391.85","1411.56","48.45","55.41","53.16","1498.56","176119.00","1484.46"
"Fri May 10 2024 00:00:00 GMT+0530 (India Standard Time)","1381.05","1408.75","1353.00","1399.60","1416.29","49.02","55.61","53.46","1497.70","337934.00","1474.81"
"Mon May 13 2024 00:00:00 GMT+0530 (India Standard Time)","1381.00","1384.95","1283.00","1345.25","1419.84","45.31","53.90","51.09","1494.10","841790.00","1464.38"
"Tue May 14 2024 00:00:00 GMT+0530 (India Standard Time)","1345.20","1395.00","1336.90","1378.90","1422.82","47.88","54.78","52.43","1487.30","377827.00","1458.53"
"Wed May 15 2024 00:00:00 GMT+0530 (India Standard Time)","1388.40","1410.00","1370.10","1392.80","1426.10","48.92","55.14","52.98","1478.98","258944.00","1453.66"
"Thu May 16 2024 00:00:00 GMT+0530 (India Standard Time)","1402.50","1422.10","1377.60","1389.50","1428.77","48.68","55.03","52.83","1472.25","326681.00","1451.70"
"Fri May 17 2024 00:00:00 GMT+0530 (India Standard Time)","1396.00","1447.00","1384.45","1418.50","1429.16","50.92","55.79","54.00","1466.48","377504.00","1450.75"
"Sat May 18 2024 00:00:00 GMT+0530 (India Standard Time)","1429.50","1480.00","1429.00","1478.90","1428.98","55.20","57.31","56.31","1462.50","133601.00","1453.88"
"Tue May 21 2024 00:00:00 GMT+0530 (India Standard Time)","1489.80","1580.00","1447.00","1570.25","1431.57","60.65","59.46","59.48","1460.31","1114461.00","1460.12"
"Wed May 22 2024 00:00:00 GMT+0530 (India Standard Time)","1640.00","1649.00","1505.10","1524.15","1434.45","56.98","57.96","57.32","1460.25","1610475.00","1462.79"
"Thu May 23 2024 00:00:00 GMT+0530 (India Standard Time)","1531.60","1558.95","1480.00","1500.30","1437.20","55.16","57.20","56.24","1460.76","359801.00","1462.82"
"Fri May 24 2024 00:00:00 GMT+0530 (India Standard Time)","1499.95","1535.50","1442.30","1451.70","1438.90","51.64","55.69","54.09","1460.11","474928.00","1459.79"
"Mon May 27 2024 00:00:00 GMT+0530 (India Standard Time)","1456.60","1465.00","1408.00","1428.40","1441.30","50.04","54.97","53.09","1460.18","550576.00","1454.18"
"Tue May 28 2024 00:00:00 GMT+0530 (India Standard Time)","1428.40","1428.75","1370.00","1376.50","1443.80","46.64","53.43","50.93","1458.52","412437.00","1447.15"
"Wed May 29 2024 00:00:00 GMT+0530 (India Standard Time)","1370.00","1431.65","1360.05","1423.25","1449.46","49.86","54.60","52.71","1458.64","392863.00","1441.35"
"Thu May 30 2024 00:00:00 GMT+0530 (India Standard Time)","1423.95","1470.00","1406.15","1428.20","1453.67","50.19","54.72","52.90","1459.54","261119.00","1436.57"
"Fri May 31 2024 00:00:00 GMT+0530 (India Standard Time)","1428.20","1447.95","1398.00","1432.20","1457.12","50.47","54.82","53.05","1457.28","354334.00","1433.47"
"Mon Jun 03 2024 00:00:00 GMT+0530 (India Standard Time)","1500.00","1520.00","1439.85","1450.10","1460.98","51.75","55.28","53.75","1455.86","341655.00","1432.45"
"Tue Jun 04 2024 00:00:00 GMT+0530 (India Standard Time)","1450.10","1452.00","1181.00","1269.40","1461.39","40.66","50.12","46.59","1447.60","1042444.00","1425.10"
"Wed Jun 05 2024 00:00:00 GMT+0530 (India Standard Time)","1347.20","1421.85","1278.00","1351.00","1462.95","46.13","52.17","49.70","1440.49","805420.00","1422.29"
"Thu Jun 06 2024 00:00:00 GMT+0530 (India Standard Time)","1386.55","1419.00","1376.00","1401.10","1463.25","49.15","53.37","51.49","1435.51","382996.00","1421.10"
"Fri Jun 07 2024 00:00:00 GMT+0530 (India Standard Time)","1398.05","1471.45","1390.05","1462.30","1464.26","52.57","54.78","53.56","1432.36","391268.00","1423.32"
"Mon Jun 10 2024 00:00:00 GMT+0530 (India Standard Time)","1479.80","1525.00","1450.00","1468.50","1466.09","52.91","54.92","53.76","1430.33","543015.00","1427.50"
"Tue Jun 11 2024 00:00:00 GMT+0530 (India Standard Time)","1478.00","1507.00","1387.65","1432.55","1466.68","50.72","53.93","52.38","1428.45","1449438.00","1432.28"
"Wed Jun 12 2024 00:00:00 GMT+0530 (India Standard Time)","1440.00","1467.70","1431.05","1447.65","1466.94","51.60","54.28","52.90","1426.96","425090.00","1435.90"
"Thu Jun 13 2024 00:00:00 GMT+0530 (India Standard Time)","1459.90","1480.85","1440.00","1455.30","1464.65","52.06","54.46","53.17","1427.18","293296.00","1439.07"
"Fri Jun 14 2024 00:00:00 GMT+0530 (India Standard Time)","1455.30","1493.70","1441.00","1476.90","1461.78","53.36","54.97","53.93","1429.31","510872.00","1442.75"
"Tue Jun 18 2024 00:00:00 GMT+0530 (India Standard Time)","1490.00","1532.00","1463.25","1476.90","1459.89","53.36","54.97","53.93","1431.80","747807.00","1446.09"
"Wed Jun 19 2024 00:00:00 GMT+0530 (India Standard Time)","1485.00","1524.80","1441.00","1515.65","1458.41","55.75","55.89","55.31","1435.06","1174173.00","1447.65"
"Thu Jun 20 2024 00:00:00 GMT+0530 (India Standard Time)","1544.00","1560.00","1510.05","1519.10","1457.47","55.96","55.97","55.43","1440.15","962806.00","1446.94"
"Fri Jun 21 2024 00:00:00 GMT+0530 (India Standard Time)","1525.00","1528.00","1478.00","1489.55","1455.54","53.66","55.08","54.13","1445.90","362454.00","1444.35"
"Mon Jun 24 2024 00:00:00 GMT+0530 (India Standard Time)","1477.65","1499.10","1455.00","1478.75","1453.92","52.83","54.76","53.65","1449.73","271683.00","1442.83"
"Tue Jun 25 2024 00:00:00 GMT+0530 (India Standard Time)","1481.90","1520.00","1475.00","1494.90","1453.94","53.95","55.16","54.27","1453.50","401593.00","1444.06"
"Wed Jun 26 2024 00:00:00 GMT+0530 (India Standard Time)","1499.80","1522.00","1484.25","1504.80","1454.15","54.64","55.41","54.65","1457.34","352083.00","1447.47"
"Thu Jun 27 2024 00:00:00 GMT+0530 (India Standard Time)","1509.00","1545.00","1480.00","1505.65","1455.61","54.71","55.43","54.68","1460.68","386620.00","1453.24"
"Fri Jun 28 2024 00:00:00 GMT+0530 (India Standard Time)","1518.80","1519.00","1480.50","1486.90","1456.73","53.04","54.84","53.79","1461.85","220530.00","1457.23"
"Mon Jul 01 2024 00:00:00 GMT+0530 (India Standard Time)","1480.00","1486.00","1451.20","1460.50","1458.01","50.75","54.01","52.54","1459.48","391917.00","1458.72"
"Tue Jul 02 2024 00:00:00 GMT+0530 (India Standard Time)","1460.50","1498.90","1460.50","1486.95","1459.46","52.89","54.71","53.65","1456.71","319156.00","1461.38"
"Wed Jul 03 2024 00:00:00 GMT+0530 (India Standard Time)","1500.85","1603.00","1487.00","1526.55","1460.28","55.90","55.73","55.26","1457.63","2252951.00","1464.75"
"Thu Jul 04 2024 00:00:00 GMT+0530 (India Standard Time)","1534.55","1549.00","1514.85","1525.65","1460.67","55.81","55.70","55.21","1459.54","347075.00","1475.98"
"Fri Jul 05 2024 00:00:00 GMT+0530 (India Standard Time)","1522.20","1523.90","1484.75","1492.30","1459.96","52.69","54.63","53.56","1461.91","358114.00","1483.02"
"Mon Jul 08 2024 00:00:00 GMT+0530 (India Standard Time)","1497.45","1498.00","1456.00","1461.05","1458.33","49.95","53.64","52.06","1464.77","313353.00","1486.34"
"Tue Jul 09 2024 00:00:00 GMT+0530 (India Standard Time)","1476.45","1483.00","1435.00","1464.20","1456.86","50.22","53.73","52.20","1466.76","382063.00","1487.05"
"Wed Jul 10 2024 00:00:00 GMT+0530 (India Standard Time)","1477.00","1483.95","1414.00","1421.50","1454.93","46.59","52.39","50.17","1466.94","369332.00","1485.02"
"Thu Jul 11 2024 00:00:00 GMT+0530 (India Standard Time)","1435.10","1453.50","1420.00","1423.90","1452.87","46.82","52.46","50.28","1467.17","603632.00","1484.56"
"Fri Jul 12 2024 00:00:00 GMT+0530 (India Standard Time)","1423.90","1424.65","1397.00","1405.10","1451.18","45.23","51.87","49.39","1464.99","398579.00","1482.63"
"Mon Jul 15 2024 00:00:00 GMT+0530 (India Standard Time)","1410.00","1451.60","1407.05","1447.25","1450.21","49.27","53.07","51.38","1469.79","323813.00","1481.70"
"Tue Jul 16 2024 00:00:00 GMT+0530 (India Standard Time)","1464.00","1469.00","1433.35","1444.25","1450.22","49.00","52.98","51.23","1473.31","266192.00","1480.54"
"Thu Jul 18 2024 00:00:00 GMT+0530 (India Standard Time)","1449.00","1457.40","1403.00","1411.45","1450.45","46.10","51.93","49.63","1474.21","287623.00","1477.37"
"Fri Jul 19 2024 00:00:00 GMT+0530 (India Standard Time)","1400.00","1419.90","1360.10","1368.20","1449.55","42.61","50.59","47.61","1472.12","322853.00","1471.65"
"Mon Jul 22 2024 00:00:00 GMT+0530 (India Standard Time)","1360.00","1414.00","1339.70","1406.00","1449.38","46.34","51.70","49.46","1468.75","191922.00","1465.19"
"Tue Jul 23 2024 00:00:00 GMT+0530 (India Standard Time)","1416.00","1417.80","1335.00","1384.85","1449.18","44.63","51.05","48.47","1466.49","317670.00","1459.68"
"Wed Jul 24 2024 00:00:00 GMT+0530 (India Standard Time)","1385.00","1422.60","1380.55","1414.95","1450.56","47.52","51.93","49.93","1464.96","206518.00","1456.37"
"Thu Jul 25 2024 00:00:00 GMT+0530 (India Standard Time)","1408.00","1414.50","1387.00","1391.45","1451.03","45.57","51.20","48.82","1462.78","123965.00","1451.60"
"Fri Jul 26 2024 00:00:00 GMT+0530 (India Standard Time)","1394.25","1407.55","1385.75","1390.65","1451.07","45.51","51.17","48.78","1460.07","152364.00","1446.35"
"Mon Jul 29 2024 00:00:00 GMT+0530 (India Standard Time)","1401.00","1415.00","1377.85","1382.60","1450.97","44.81","50.92","48.39","1456.54","201415.00","1440.65"
"Tue Jul 30 2024 00:00:00 GMT+0530 (India Standard Time)","1391.35","1451.00","1383.05","1434.75","1451.15","49.99","52.48","51.00","1454.01","426617.00","1437.44"
"Wed Jul 31 2024 00:00:00 GMT+0530 (India Standard Time)","1448.75","1478.00","1383.10","1393.40","1450.05","46.37","51.17","48.98","1450.02","870565.00","1434.94"
"Thu Aug 01 2024 00:00:00 GMT+0530 (India Standard Time)","1385.10","1392.10","1355.70","1360.35","1446.56","43.71","50.15","47.44","1445.41","464161.00","1429.41"
"Fri Aug 02 2024 00:00:00 GMT+0530 (India Standard Time)","1351.00","1367.05","1337.20","1343.55","1442.50","42.42","49.64","46.67","1440.83","261185.00","1420.46"
"Mon Aug 05 2024 00:00:00 GMT+0530 (India Standard Time)","1324.80","1330.00","1270.25","1278.50","1438.09","37.85","47.72","43.84","1433.55","382413.00","1409.05"
"Tue Aug 06 2024 00:00:00 GMT+0530 (India Standard Time)","1299.85","1337.75","1261.65","1269.85","1434.38","37.29","47.47","43.48","1425.91","434637.00","1398.88"
"Wed Aug 07 2024 00:00:00 GMT+0530 (India Standard Time)","1289.85","1308.00","1276.00","1304.80","1431.70","41.00","48.57","45.35","1418.27","160702.00","1390.76"
"Thu Aug 08 2024 00:00:00 GMT+0530 (India Standard Time)","1305.00","1321.60","1295.00","1300.60","1430.03","40.69","48.45","45.17","1411.49","149002.00","1383.28"
"Fri Aug 09 2024 00:00:00 GMT+0530 (India Standard Time)","1315.35","1327.50","1284.00","1286.95","1427.77","39.69","48.04","44.56","1405.55","284934.00","1376.66"
"Mon Aug 12 2024 00:00:00 GMT+0530 (India Standard Time)","1284.10","1314.00","1262.00","1295.15","1424.93","40.61","48.30","45.02","1398.70","232713.00","1370.05"
"Tue Aug 13 2024 00:00:00 GMT+0530 (India Standard Time)","1297.00","1299.00","1252.05","1260.85","1421.75","38.06","47.28","43.48","1389.12","232526.00","1363.40"
"Wed Aug 14 2024 00:00:00 GMT+0530 (India Standard Time)","1272.00","1279.75","1227.55","1233.80","1417.32","36.17","46.48","42.31","1379.02","267061.00","1354.13"
"Fri Aug 16 2024 00:00:00 GMT+0530 (India Standard Time)","1245.00","1280.00","1245.00","1264.05","1416.73","39.68","47.49","44.04","1370.55","256453.00","1345.35"
"Mon Aug 19 2024 00:00:00 GMT+0530 (India Standard Time)","1292.20","1323.00","1274.00","1310.90","1415.81","44.63","49.00","46.60","1364.51","559816.00","1339.82"
"Tue Aug 20 2024 00:00:00 GMT+0530 (India Standard Time)","1316.80","1354.00","1300.00","1306.50","1414.16","44.27","48.86","46.39","1359.49","415875.00","1336.85"
"Wed Aug 21 2024 00:00:00 GMT+0530 (India Standard Time)","1308.00","1335.00","1295.60","1329.50","1411.68","46.63","49.60","47.63","1355.21","223638.00","1333.57"
"Thu Aug 22 2024 00:00:00 GMT+0530 (India Standard Time)","1338.60","1339.70","1315.25","1321.70","1408.61","45.94","49.35","47.25","1351.39","207530.00","1330.90"
"Fri Aug 23 2024 00:00:00 GMT+0530 (India Standard Time)","1323.10","1326.70","1301.50","1305.55","1406.01","44.50","48.84","46.46","1347.91","199818.00","1326.21"
"Mon Aug 26 2024 00:00:00 GMT+0530 (India Standard Time)","1313.00","1316.80","1291.10","1298.85","1403.07","43.91","48.63","46.13","1343.15","237837.00","1321.70"
"Tue Aug 27 2024 00:00:00 GMT+0530 (India Standard Time)","1304.95","1318.80","1293.00","1306.45","1400.03","44.79","48.89","46.57","1338.06","160506.00","1317.53"
"Wed Aug 28 2024 00:00:00 GMT+0530 (India Standard Time)","1299.90","1307.00","1265.05","1269.50","1396.14","41.46","47.71","44.74","1332.93","352234.00","1312.21"
"Thu Aug 29 2024 00:00:00 GMT+0530 (India Standard Time)","1270.00","1284.00","1262.15","1264.80","1391.78","41.05","47.56","44.51","1328.92","185274.00","1304.74"
"Fri Aug 30 2024 00:00:00 GMT+0530 (India Standard Time)","1274.90","1295.00","1264.00","1290.95","1387.50","44.25","48.47","46.09","1325.23","166883.00","1298.70"
"Mon Sep 02 2024 00:00:00 GMT+0530 (India Standard Time)","1294.60","1295.00","1265.00","1271.85","1382.47","42.48","47.85","45.12","1321.59","171947.00","1294.36"
"Tue Sep 03 2024 00:00:00 GMT+0530 (India Standard Time)","1277.95","1309.75","1270.90","1296.60","1378.42","45.45","48.71","46.62","1317.53","266816.00","1291.77"
"Wed Sep 04 2024 00:00:00 GMT+0530 (India Standard Time)","1292.00","1303.80","1276.95","1279.15","1374.55","43.78","48.14","45.72","1313.57","190638.00","1291.55"
"Thu Sep 05 2024 00:00:00 GMT+0530 (India Standard Time)","1281.05","1289.95","1265.10","1277.40","1370.18","43.61","48.09","45.62","1309.38","298627.00","1291.21"
"Fri Sep 06 2024 00:00:00 GMT+0530 (India Standard Time)","1282.05","1299.95","1260.00","1262.85","1365.53","42.19","47.61","44.86","1305.18","188934.00","1289.92"
"Mon Sep 09 2024 00:00:00 GMT+0530 (India Standard Time)","1262.90","1264.15","1225.05","1235.65","1360.15","39.65","46.72","43.46","1298.71","172806.00","1286.86"
"Tue Sep 10 2024 00:00:00 GMT+0530 (India Standard Time)","1265.00","1278.00","1243.00","1263.30","1355.52","43.29","47.73","45.25","1293.11","275400.00","1285.22"
"Wed Sep 11 2024 00:00:00 GMT+0530 (India Standard Time)","1252.00","1269.90","1247.00","1253.10","1351.35","42.30","47.39","44.71","1289.09","147792.00","1283.51"
"Thu Sep 12 2024 00:00:00 GMT+0530 (India Standard Time)","1265.00","1268.00","1245.00","1248.25","1346.73","41.83","47.23","44.45","1285.67","115737.00","1282.76"
"Fri Sep 13 2024 00:00:00 GMT+0530 (India Standard Time)","1255.95","1262.00","1245.00","1251.20","1341.06","42.24","47.34","44.65","1284.24","115152.00","1283.17"
"Mon Sep 16 2024 00:00:00 GMT+0530 (India Standard Time)","1256.50","1329.00","1249.10","1321.15","1336.59","50.96","49.89","49.11","1284.60","760016.00","1285.16"
"Tue Sep 17 2024 00:00:00 GMT+0530 (India Standard Time)","1333.45","1376.00","1325.45","1366.05","1333.79","55.49","51.43","51.68","1286.72","1032902.00","1287.72"
"Wed Sep 18 2024 00:00:00 GMT+0530 (India Standard Time)","1371.85","1398.00","1342.35","1348.05","1331.59","53.41","50.79","50.62","1288.76","501854.00","1289.74"
"Thu Sep 19 2024 00:00:00 GMT+0530 (India Standard Time)","1355.95","1358.00","1297.95","1326.40","1328.90","51.00","50.03","49.38","1289.76","248214.00","1289.96"
"Fri Sep 20 2024 00:00:00 GMT+0530 (India Standard Time)","1330.00","1425.00","1311.65","1398.40","1327.86","57.67","52.44","53.31","1292.90","1667628.00","1292.76"
"Mon Sep 23 2024 00:00:00 GMT+0530 (India Standard Time)","1428.60","1464.90","1420.00","1444.40","1328.12","61.21","53.88","55.57","1299.06","857596.00","1299.13"
"Tue Sep 24 2024 00:00:00 GMT+0530 (India Standard Time)","1448.95","1453.00","1430.60","1444.55","1328.83","61.23","53.89","55.58","1306.05","324893.00","1305.88"
"Wed Sep 25 2024 00:00:00 GMT+0530 (India Standard Time)","1445.50","1445.95","1421.45","1428.80","1328.69","59.35","53.31","54.62","1312.09","174857.00","1311.83"
"Thu Sep 26 2024 00:00:00 GMT+0530 (India Standard Time)","1427.80","1427.80","1392.15","1411.60","1327.95","57.34","52.69","53.58","1315.94","230647.00","1318.17"
"Fri Sep 27 2024 00:00:00 GMT+0530 (India Standard Time)","1411.90","1432.00","1410.00","1418.80","1327.93","57.97","52.92","53.96","1319.52","166760.00","1325.36"
"Mon Sep 30 2024 00:00:00 GMT+0530 (India Standard Time)","1418.00","1418.00","1384.05","1388.75","1328.25","54.46","51.83","52.14","1322.26","191422.00","1330.58"
"Tue Oct 01 2024 00:00:00 GMT+0530 (India Standard Time)","1396.05","1413.50","1385.00","1391.70","1328.33","54.74","51.93","52.30","1324.80","172066.00","1336.27"
"Thu Oct 03 2024 00:00:00 GMT+0530 (India Standard Time)","1368.60","1389.80","1355.00","1370.60","1328.15","52.31","51.16","51.03","1326.97","218468.00","1339.99"
"Fri Oct 04 2024 00:00:00 GMT+0530 (India Standard Time)","1370.60","1370.60","1315.00","1321.50","1326.62","47.19","49.43","48.22","1328.16","690854.00","1342.24"
"Mon Oct 07 2024 00:00:00 GMT+0530 (India Standard Time)","1321.50","1334.00","1273.55","1282.10","1324.56","43.59","48.10","46.12","1327.82","410548.00","1342.98"
"Tue Oct 08 2024 00:00:00 GMT+0530 (India Standard Time)","1280.70","1295.70","1262.00","1285.10","1322.33","43.93","48.21","46.30","1327.84","235387.00","1343.48"
"Wed Oct 09 2024 00:00:00 GMT+0530 (India Standard Time)","1304.00","1359.95","1299.05","1355.45","1321.39","51.21","50.66","50.37","1330.26","420930.00","1348.36"
"Thu Oct 10 2024 00:00:00 GMT+0530 (India Standard Time)","1360.00","1365.40","1343.05","1348.60","1319.90","50.54","50.42","49.99","1332.72","125517.00","1352.62"
"Fri Oct 11 2024 00:00:00 GMT+0530 (India Standard Time)","1355.00","1356.20","1340.10","1343.85","1318.58","50.06","50.26","49.72","1335.20","70140.00","1356.92"
"Mon Oct 14 2024 00:00:00 GMT+0530 (India Standard Time)","1348.90","1354.00","1330.05","1339.30","1318.05","49.59","50.10","49.46","1336.94","85523.00","1361.12"
"Tue Oct 15 2024 00:00:00 GMT+0530 (India Standard Time)","1341.00","1353.00","1332.10","1344.70","1317.96","50.17","50.29","49.78","1338.97","90292.00","1365.47"
"Wed Oct 16 2024 00:00:00 GMT+0530 (India Standard Time)","1342.20","1435.00","1331.00","1418.40","1320.19","57.27","52.81","53.89","1343.16","1434786.00","1370.02"
"Thu Oct 17 2024 00:00:00 GMT+0530 (India Standard Time)","1425.00","1437.05","1385.00","1388.50","1322.49","54.00","51.73","52.11","1347.77","246081.00","1371.99"
"Fri Oct 18 2024 00:00:00 GMT+0530 (India Standard Time)","1382.80","1390.00","1344.90","1379.10","1323.99","52.99","51.39","51.56","1352.40","128594.00","1372.66"
"Mon Oct 21 2024 00:00:00 GMT+0530 (India Standard Time)","1390.00","1418.00","1373.65","1386.05","1325.72","53.66","51.63","51.95","1357.09","293699.00","1375.70"
"Tue Oct 22 2024 00:00:00 GMT+0530 (India Standard Time)","1383.55","1386.45","1297.20","1306.20","1326.27","45.82","48.83","47.48","1359.71","324862.00","1372.87"
"Wed Oct 23 2024 00:00:00 GMT+0530 (India Standard Time)","1290.00","1293.05","1241.35","1275.85","1325.87","43.29","47.83","45.93","1360.29","533528.00","1364.69"
"Thu Oct 24 2024 00:00:00 GMT+0530 (India Standard Time)","1284.00","1287.90","1263.60","1268.60","1325.95","42.70","47.59","45.57","1361.03","127813.00","1356.54"
"Fri Oct 25 2024 00:00:00 GMT+0530 (India Standard Time)","1269.00","1274.95","1216.80","1222.90","1325.76","39.17","46.12","43.34","1358.83","261131.00","1347.17"
"Mon Oct 28 2024 00:00:00 GMT+0530 (India Standard Time)","1194.05","1205.80","1128.40","1171.15","1323.88","35.66","44.53","41.00","1352.14","755668.00","1335.66"
"Tue Oct 29 2024 00:00:00 GMT+0530 (India Standard Time)","1152.50","1197.90","1115.50","1184.90","1321.20","37.23","45.05","41.86","1345.11","688858.00","1323.80"
"Wed Oct 30 2024 00:00:00 GMT+0530 (India Standard Time)","1166.05","1324.45","1163.65","1304.80","1320.36","48.69","49.20","48.56","1342.86","1533121.00","1318.06"
"Thu Oct 31 2024 00:00:00 GMT+0530 (India Standard Time)","1304.80","1374.95","1282.20","1347.20","1320.67","51.94","50.55","50.63","1341.30","441932.00","1315.32"
"Fri Nov 01 2024 00:00:00 GMT+0530 (India Standard Time)","1349.15","1368.70","1340.00","1347.55","1321.19","51.97","50.56","50.64","1338.05","76117.00","1314.34"
"Mon Nov 04 2024 00:00:00 GMT+0530 (India Standard Time)","1343.05","1344.90","1282.25","1299.65","1321.13","48.16","49.04","48.32","1333.27","251438.00","1313.13"
"Tue Nov 05 2024 00:00:00 GMT+0530 (India Standard Time)","1302.25","1318.00","1291.00","1303.35","1321.18","48.47","49.16","48.51","1328.70","173880.00","1313.65"
"Wed Nov 06 2024 00:00:00 GMT+0530 (India Standard Time)","1305.70","1347.70","1305.70","1324.30","1321.57","50.22","49.84","49.57","1325.68","149856.00","1315.72"
"Thu Nov 07 2024 00:00:00 GMT+0530 (India Standard Time)","1333.45","1340.55","1310.85","1320.55","1322.47","49.90","49.72","49.39","1322.24","136810.00","1314.80"
"Fri Nov 08 2024 00:00:00 GMT+0530 (India Standard Time)","1322.95","1406.00","1290.10","1367.55","1324.25","53.75","51.24","51.75","1320.73","630408.00","1315.11"
"Mon Nov 11 2024 00:00:00 GMT+0530 (India Standard Time)","1359.05","1375.00","1325.00","1340.55","1325.45","51.37","50.35","50.36","1318.95","321518.00","1315.07"
"Tue Nov 12 2024 00:00:00 GMT+0530 (India Standard Time)","1340.55","1363.05","1293.90","1301.75","1326.23","48.15","49.10","48.44","1317.08","154969.00","1313.85"
"Wed Nov 13 2024 00:00:00 GMT+0530 (India Standard Time)","1303.95","1303.95","1225.00","1228.20","1325.29","42.80","46.86","45.09","1314.10","268862.00","1309.22"
"Thu Nov 14 2024 00:00:00 GMT+0530 (India Standard Time)","1228.25","1279.70","1228.25","1242.40","1324.56","44.06","47.33","45.83","1312.45","208691.00","1301.96"
"Mon Nov 18 2024 00:00:00 GMT+0530 (India Standard Time)","1243.50","1251.95","1197.65","1211.75","1323.38","41.97","46.42","44.49","1310.29","251045.00","1293.32"
"Tue Nov 19 2024 00:00:00 GMT+0530 (India Standard Time)","1212.95","1263.90","1206.65","1242.00","1322.72","44.69","47.44","46.09","1306.69","205789.00","1286.91"
"Thu Nov 21 2024 00:00:00 GMT+0530 (India Standard Time)","1237.95","1237.95","1186.30","1203.35","1322.07","42.05","46.30","44.41","1301.58","302215.00","1278.18"
"Fri Nov 22 2024 00:00:00 GMT+0530 (India Standard Time)","1205.65","1230.00","1199.90","1225.15","1321.24","44.01","47.03","45.56","1296.99","153885.00","1273.23"
"Mon Nov 25 2024 00:00:00 GMT+0530 (India Standard Time)","1250.00","1274.65","1246.25","1255.40","1321.28","46.64","48.03","47.12","1294.05","171100.00","1272.58"
"Tue Nov 26 2024 00:00:00 GMT+0530 (India Standard Time)","1255.10","1276.00","1252.05","1260.85","1321.48","47.11","48.21","47.40","1291.19","91510.00","1272.12"
"Wed Nov 27 2024 00:00:00 GMT+0530 (India Standard Time)","1261.00","1299.35","1253.20","1292.25","1322.12","49.79","49.23","49.01","1287.14","192745.00","1274.49"
"Thu Nov 28 2024 00:00:00 GMT+0530 (India Standard Time)","1294.00","1314.50","1282.55","1287.65","1321.88","49.41","49.09","48.78","1283.26","161192.00","1280.40"
"Fri Nov 29 2024 00:00:00 GMT+0530 (India Standard Time)","1290.00","1312.00","1272.20","1308.10","1320.71","51.17","49.76","49.83","1280.62","143799.00","1286.55"
"Mon Dec 02 2024 00:00:00 GMT+0530 (India Standard Time)","1288.50","1359.00","1268.95","1354.00","1320.21","54.87","51.23","52.09","1278.29","399948.00","1289.39"
"Tue Dec 03 2024 00:00:00 GMT+0530 (India Standard Time)","1360.00","1363.00","1335.10","1357.70","1320.73","55.16","51.34","52.27","1279.08","192985.00","1290.13"
"Wed Dec 04 2024 00:00:00 GMT+0530 (India Standard Time)","1359.00","1383.10","1336.15","1341.80","1320.08","53.62","50.81","51.42","1282.06","204182.00","1290.12"
"Thu Dec 05 2024 00:00:00 GMT+0530 (India Standard Time)","1344.00","1429.90","1339.80","1425.15","1319.31","59.81","53.39","55.32","1286.53","888404.00","1294.80"
"Fri Dec 06 2024 00:00:00 GMT+0530 (India Standard Time)","1430.00","1459.95","1410.00","1416.40","1318.96","58.94","53.09","54.85","1293.33","916783.00","1300.60"
"Mon Dec 09 2024 00:00:00 GMT+0530 (India Standard Time)","1416.35","1452.80","1403.10","1423.70","1318.85","59.46","53.31","55.18","1302.55","280530.00","1305.38"
"Tue Dec 10 2024 00:00:00 GMT+0530 (India Standard Time)","1424.20","1449.50","1409.05","1428.80","1319.22","59.83","53.47","55.41","1311.94","290503.00","1310.42"
"Wed Dec 11 2024 00:00:00 GMT+0530 (India Standard Time)","1430.95","1435.15","1402.10","1409.15","1319.10","57.70","52.78","54.29","1317.34","135633.00","1313.09"
"Thu Dec 12 2024 00:00:00 GMT+0530 (India Standard Time)","1409.80","1413.95","1354.00","1362.55","1318.67","53.00","51.18","51.72","1318.84","204467.00","1314.43"
"Fri Dec 13 2024 00:00:00 GMT+0530 (India Standard Time)","1362.55","1382.70","1332.00","1340.40","1317.73","50.94","50.44","50.56","1318.83","264505.00","1316.03"
"Mon Dec 16 2024 00:00:00 GMT+0530 (India Standard Time)","1343.00","1419.90","1342.95","1408.15","1318.20","56.40","52.57","53.83","1321.74","649227.00","1323.10"
"Tue Dec 17 2024 00:00:00 GMT+0530 (India Standard Time)","1415.25","1482.00","1406.00","1452.95","1320.53","59.53","53.91","55.83","1326.84","1728218.00","1332.64"
"Wed Dec 18 2024 00:00:00 GMT+0530 (India Standard Time)","1458.00","1515.00","1454.05","1502.80","1324.54","62.66","55.33","57.90","1332.72","2402783.00","1345.75"
"Thu Dec 19 2024 00:00:00 GMT+0530 (India Standard Time)","1479.80","1524.70","1462.70","1518.05","1329.02","63.57","55.76","58.52","1339.07","607588.00","1358.48"
"Fri Dec 20 2024 00:00:00 GMT+0530 (India Standard Time)","1515.00","1542.00","1481.00","1491.40","1332.20","60.86","54.83","57.02","1344.44","644936.00","1372.46"
"Mon Dec 23 2024 00:00:00 GMT+0530 (India Standard Time)","1506.05","1524.00","1463.00","1492.85","1335.03","60.95","54.87","57.08","1349.67","387975.00","1385.47"
"Tue Dec 24 2024 00:00:00 GMT+0530 (India Standard Time)","1499.00","1499.00","1462.00","1469.80","1337.62","58.58","54.06","55.78","1355.29","145814.00","1395.81"
"Thu Dec 26 2024 00:00:00 GMT+0530 (India Standard Time)","1469.90","1479.55","1435.60","1448.95","1339.87","56.49","53.34","54.62","1362.51","221893.00","1404.90"
"Fri Dec 27 2024 00:00:00 GMT+0530 (India Standard Time)","1450.00","1464.85","1441.40","1446.25","1341.99","56.22","53.24","54.47","1369.68","127586.00","1412.78"
"Mon Dec 30 2024 00:00:00 GMT+0530 (India Standard Time)","1446.25","1535.90","1428.10","1520.80","1344.00","61.59","55.45","57.78","1379.49","1102620.00","1422.70"
"Tue Dec 31 2024 00:00:00 GMT+0530 (India Standard Time)","1528.00","1529.70","1495.75","1507.40","1346.21","60.20","54.98","57.02","1389.25","225125.00","1432.70"
"Wed Jan 01 2025 00:00:00 GMT+0530 (India Standard Time)","1506.00","1600.00","1501.75","1552.80","1349.78","63.16","56.27","58.91","1401.48","1511623.00","1443.07"
"Thu Jan 02 2025 00:00:00 GMT+0530 (India Standard Time)","1558.80","1569.80","1531.50","1559.80","1353.07","63.60","56.46","59.20","1413.45","268281.00","1452.68"
"Fri Jan 03 2025 00:00:00 GMT+0530 (India Standard Time)","1554.00","1558.70","1510.05","1518.10","1357.11","59.19","54.97","56.78","1423.10","236417.00","1461.04"
"Mon Jan 06 2025 00:00:00 GMT+0530 (India Standard Time)","1523.00","1542.55","1436.85","1446.35","1361.04","52.59","52.53","52.95","1430.69","321889.00","1464.04"
"Tue Jan 07 2025 00:00:00 GMT+0530 (India Standard Time)","1452.85","1502.15","1452.85","1492.50","1365.30","55.91","53.87","54.96","1437.86","245408.00","1466.87"
"Wed Jan 08 2025 00:00:00 GMT+0530 (India Standard Time)","1492.60","1503.70","1431.00","1435.25","1369.64","51.24","52.02","52.12","1443.64","244446.00","1468.08"
"Thu Jan 09 2025 00:00:00 GMT+0530 (India Standard Time)","1442.40","1448.50","1390.00","1398.75","1374.43","48.53","50.88","50.41","1447.74","172160.00","1467.13"
"Fri Jan 10 2025 00:00:00 GMT+0530 (India Standard Time)","1386.00","1412.00","1332.05","1342.20","1378.16","44.68","49.19","47.90","1448.99","225138.00","1464.42"
"Mon Jan 13 2025 00:00:00 GMT+0530 (India Standard Time)","1325.05","1362.95","1221.10","1245.50","1378.05","39.11","46.49","44.05","1446.29","701886.00","1459.45"
"Tue Jan 14 2025 00:00:00 GMT+0530 (India Standard Time)","1254.95","1275.50","1228.10","1265.85","1376.47","40.74","47.11","45.01","1442.82","292894.00","1455.16"
"Wed Jan 15 2025 00:00:00 GMT+0530 (India Standard Time)","1273.00","1283.35","1235.75","1249.35","1374.54","39.83","46.67","44.38","1437.74","226137.00","1448.48"
"Thu Jan 16 2025 00:00:00 GMT+0530 (India Standard Time)","1255.35","1313.00","1255.35","1302.25","1374.27","44.03","48.27","46.84","1432.79","283391.00","1441.08"
"Fri Jan 17 2025 00:00:00 GMT+0530 (India Standard Time)","1300.00","1307.00","1281.65","1291.70","1374.05","43.40","47.98","46.42","1428.04","108393.00","1431.53"
"Mon Jan 20 2025 00:00:00 GMT+0530 (India Standard Time)","1297.90","1335.00","1291.00","1321.35","1373.88","45.71","48.86","47.78","1423.99","184833.00","1422.54"
"Tue Jan 21 2025 00:00:00 GMT+0530 (India Standard Time)","1330.00","1343.90","1276.00","1284.55","1373.37","43.40","47.83","46.28","1419.92","169513.00","1412.82"
"Wed Jan 22 2025 00:00:00 GMT+0530 (India Standard Time)","1290.00","1290.00","1236.95","1271.35","1371.56","42.59","47.47","45.75","1415.97","196268.00","1402.07"
"Thu Jan 23 2025 00:00:00 GMT+0530 (India Standard Time)","1271.00","1304.95","1261.90","1295.20","1370.44","44.55","48.20","46.88","1413.67","93459.00","1393.22"
"Fri Jan 24 2025 00:00:00 GMT+0530 (India Standard Time)","1295.00","1301.85","1228.00","1236.15","1369.15","40.92","46.57","44.52","1408.85","147054.00","1383.56"
"Mon Jan 27 2025 00:00:00 GMT+0530 (India Standard Time)","1232.00","1268.95","1163.40","1246.40","1368.85","41.78","46.88","45.01","1400.97","461398.00","1373.16"
"Tue Jan 28 2025 00:00:00 GMT+0530 (India Standard Time)","1256.00","1279.50","1205.35","1237.10","1368.68","41.21","46.63","44.64","1392.04","294073.00","1360.70"
"Wed Jan 29 2025 00:00:00 GMT+0530 (India Standard Time)","1240.00","1315.00","1237.10","1306.35","1370.14","46.92","48.75","47.93","1384.34","198072.00","1350.28"
"Thu Jan 30 2025 00:00:00 GMT+0530 (India Standard Time)","1318.00","1321.40","1280.00","1293.60","1371.31","46.06","48.39","47.40","1376.96","123298.00","1338.15"
"Fri Jan 31 2025 00:00:00 GMT+0530 (India Standard Time)","1281.00","1292.60","1266.00","1288.00","1372.82","45.67","48.23","47.16","1369.42","160867.00","1325.22"
"Sat Feb 01 2025 00:00:00 GMT+0530 (India Standard Time)","1287.95","1299.00","1252.45","1269.35","1373.87","44.36","47.70","46.37","1362.16","151332.00","1313.14"
"Mon Feb 03 2025 00:00:00 GMT+0530 (India Standard Time)","1267.90","1276.80","1244.50","1251.75","1373.84","43.14","47.19","45.62","1355.12","95283.00","1303.05"
"Tue Feb 04 2025 00:00:00 GMT+0530 (India Standard Time)","1250.00","1268.25","1223.70","1231.55","1373.37","41.75","46.62","44.77","1347.64","131939.00","1291.33"
"Wed Feb 05 2025 00:00:00 GMT+0530 (India Standard Time)","1232.55","1252.90","1223.15","1228.55","1372.35","41.54","46.54","44.64","1338.35","213139.00","1280.95"
"Thu Feb 06 2025 00:00:00 GMT+0530 (India Standard Time)","1239.95","1250.95","1222.95","1246.60","1371.32","43.33","47.13","45.60","1328.68","144127.00","1272.98"
"Fri Feb 07 2025 00:00:00 GMT+0530 (India Standard Time)","1247.80","1266.40","1232.00","1260.65","1370.42","44.71","47.59","46.34","1318.02","179379.00","1268.12"
"Mon Feb 10 2025 00:00:00 GMT+0530 (India Standard Time)","1283.10","1319.85","1221.95","1249.90","1368.95","43.85","47.27","45.85","1307.67","1146227.00","1267.72"
"Tue Feb 11 2025 00:00:00 GMT+0530 (India Standard Time)","1233.00","1249.95","1190.15","1204.55","1366.12","40.41","45.94","43.83","1296.45","313216.00","1265.50"
"Wed Feb 12 2025 00:00:00 GMT+0530 (India Standard Time)","1214.00","1214.00","1146.75","1194.00","1362.85","39.65","45.63","43.37","1286.08","313362.00","1262.30"
"Thu Feb 13 2025 00:00:00 GMT+0530 (India Standard Time)","1207.20","1242.85","1198.55","1225.65","1359.22","43.02","46.71","45.14","1276.79","187899.00","1258.97"
"Fri Feb 14 2025 00:00:00 GMT+0530 (India Standard Time)","1232.00","1238.80","1177.45","1203.55","1354.82","41.33","46.06","44.15","1267.86","136485.00","1254.82"
"Mon Feb 17 2025 00:00:00 GMT+0530 (India Standard Time)","1172.05","1199.55","1149.50","1165.55","1349.70","38.58","44.97","42.50","1259.26","235243.00","1247.81"
"Tue Feb 18 2025 00:00:00 GMT+0530 (India Standard Time)","1164.05","1165.45","1105.20","1119.45","1343.67","35.58","43.69","40.61","1250.97","258270.00","1239.72"
"Wed Feb 19 2025 00:00:00 GMT+0530 (India Standard Time)","1115.00","1205.15","1106.05","1192.90","1338.88","43.01","46.18","44.65","1247.10","269353.00","1235.28"
"Thu Feb 20 2025 00:00:00 GMT+0530 (India Standard Time)","1195.00","1272.25","1175.50","1247.25","1336.12","47.70","47.91","47.37","1246.21","392233.00","1232.72"
"Fri Feb 21 2025 00:00:00 GMT+0530 (India Standard Time)","1258.00","1258.95","1195.00","1218.25","1333.60","45.60","47.09","46.12","1245.06","386238.00","1231.39"
"Mon Feb 24 2025 00:00:00 GMT+0530 (India Standard Time)","1194.20","1213.70","1182.25","1192.50","1329.61","43.80","46.37","45.04","1241.70","139622.00","1229.68"
"Tue Feb 25 2025 00:00:00 GMT+0530 (India Standard Time)","1193.00","1206.70","1138.55","1145.55","1323.82","40.72","45.08","43.15","1237.07","259024.00","1225.84"
"Thu Feb 27 2025 00:00:00 GMT+0530 (India Standard Time)","1153.00","1155.00","1109.00","1112.50","1316.39","38.71","44.21","41.87","1230.27","181247.00","1217.79"
"Fri Feb 28 2025 00:00:00 GMT+0530 (India Standard Time)","1107.95","1111.95","1042.05","1050.30","1307.55","35.27","42.62","39.60","1221.94","378440.00","1206.67"
"Mon Mar 03 2025 00:00:00 GMT+0530 (India Standard Time)","1052.55","1061.45","917.45","1026.50","1297.68","34.05","42.03","38.78","1212.50","1829011.00","1193.54"
"Tue Mar 04 2025 00:00:00 GMT+0530 (India Standard Time)","1009.05","1075.90","995.00","1068.80","1288.86","38.04","43.44","41.03","1203.90","449861.00","1183.05"
"Wed Mar 05 2025 00:00:00 GMT+0530 (India Standard Time)","1078.95","1095.50","1048.05","1088.50","1280.96","39.82","44.09","42.05","1197.54","298246.00","1174.66"
"Thu Mar 06 2025 00:00:00 GMT+0530 (India Standard Time)","1099.30","1117.55","1091.30","1103.60","1273.97","41.18","44.58","42.83","1193.18","200009.00","1168.25"
"Fri Mar 07 2025 00:00:00 GMT+0530 (India Standard Time)","1112.20","1166.95","1094.10","1136.30","1267.65","44.05","45.64","44.49","1189.32","393864.00","1163.49"
"Mon Mar 10 2025 00:00:00 GMT+0530 (India Standard Time)","1145.25","1151.25","1104.50","1134.20","1260.24","43.91","45.58","44.40","1183.74","289972.00","1158.22"
"Tue Mar 11 2025 00:00:00 GMT+0530 (India Standard Time)","1105.00","1188.00","1096.85","1169.30","1253.16","46.96","46.72","46.18","1178.49","599897.00","1153.50"
"Wed Mar 12 2025 00:00:00 GMT+0530 (India Standard Time)","1180.00","1231.20","1144.00","1168.70","1245.68","46.92","46.70","46.15","1174.89","931596.00","1149.59"
"Thu Mar 13 2025 00:00:00 GMT+0530 (India Standard Time)","1173.55","1177.60","1144.15","1151.25","1237.70","45.56","46.20","45.39","1170.75","170872.00","1146.91"
"Mon Mar 17 2025 00:00:00 GMT+0530 (India Standard Time)","1155.05","1171.10","1146.65","1154.70","1230.31","45.88","46.32","45.57","1167.17","177194.00","1145.46"
"Tue Mar 18 2025 00:00:00 GMT+0530 (India Standard Time)","1172.25","1212.95","1160.70","1192.80","1224.74","49.39","47.57","47.57","1165.30","216069.00","1143.87"
"Wed Mar 19 2025 00:00:00 GMT+0530 (India Standard Time)","1205.00","1220.70","1196.05","1212.95","1219.26","51.15","48.22","48.59","1164.41","193022.00","1144.10"
"Thu Mar 20 2025 00:00:00 GMT+0530 (India Standard Time)","1227.40","1237.25","1208.20","1223.80","1214.70","52.09","48.58","49.14","1163.80","197080.00","1146.64"
"Fri Mar 21 2025 00:00:00 GMT+0530 (India Standard Time)","1223.80","1262.70","1213.05","1250.85","1211.40","54.39","49.44","50.50","1163.41","196208.00","1152.21"
"Mon Mar 24 2025 00:00:00 GMT+0530 (India Standard Time)","1242.05","1294.35","1228.60","1242.90","1209.31","53.60","49.20","50.09","1163.10","246437.00","1155.92"
"Tue Mar 25 2025 00:00:00 GMT+0530 (India Standard Time)","1259.75","1259.75","1201.00","1210.55","1208.34","50.45","48.19","48.47","1163.42","191813.00","1155.20"
"Wed Mar 26 2025 00:00:00 GMT+0530 (India Standard Time)","1215.00","1222.65","1195.00","1198.25","1207.23","49.30","47.81","47.86","1164.15","167276.00","1154.29"
"Thu Mar 27 2025 00:00:00 GMT+0530 (India Standard Time)","1193.00","1274.45","1186.30","1259.00","1207.04","54.68","49.79","50.98","1164.77","651323.00","1156.64"
"Fri Mar 28 2025 00:00:00 GMT+0530 (India Standard Time)","1268.95","1278.50","1244.95","1257.10","1206.36","54.49","49.73","50.88","1166.69","211136.00","1161.42"
"Tue Apr 01 2025 00:00:00 GMT+0530 (India Standard Time)","1254.00","1265.90","1233.10","1256.10","1205.56","54.38","49.70","50.83","1169.55","132521.00","1167.64"
"Wed Apr 02 2025 00:00:00 GMT+0530 (India Standard Time)","1259.95","1282.90","1233.55","1276.45","1204.56","56.18","50.36","51.88","1174.35","182858.00","1177.34"
"Thu Apr 03 2025 00:00:00 GMT+0530 (India Standard Time)","1264.95","1302.00","1250.05","1298.70","1204.36","58.07","51.08","53.00","1178.47","195745.00","1190.64"
"Fri Apr 04 2025 00:00:00 GMT+0530 (India Standard Time)","1290.00","1292.00","1245.05","1263.40","1204.34","54.17","49.92","51.05","1179.73","285109.00","1200.82"
"Mon Apr 07 2025 00:00:00 GMT+0530 (India Standard Time)","1065.00","1208.45","1060.05","1187.15","1201.76","47.01","47.52","47.20","1177.15","314692.00","1204.66"
"Tue Apr 08 2025 00:00:00 GMT+0530 (India Standard Time)","1205.10","1237.20","1187.00","1199.60","1200.87","48.19","47.94","47.86","1177.57","187373.00","1209.51"
"Wed Apr 09 2025 00:00:00 GMT+0530 (India Standard Time)","1190.75","1209.20","1185.00","1194.60","1200.16","47.74","47.79","47.62","1178.74","162046.00","1212.48"
"Fri Apr 11 2025 00:00:00 GMT+0530 (India Standard Time)","1250.00","1250.00","1206.90","1230.75","1199.96","51.17","48.99","49.55","1182.44","129159.00","1217.18"
"Tue Apr 15 2025 00:00:00 GMT+0530 (India Standard Time)","1260.00","1267.90","1243.00","1248.40","1199.17","52.76","49.57","50.46","1189.05","105281.00","1221.75"
"Wed Apr 16 2025 00:00:00 GMT+0530 (India Standard Time)","1248.40","1260.70","1240.00","1246.40","1198.20","52.56","49.51","50.36","1197.88","85546.00","1225.10"
"Thu Apr 17 2025 00:00:00 GMT+0530 (India Standard Time)","1242.00","1254.00","1221.00","1231.20","1197.21","50.99","49.01","49.54","1204.62","148521.00","1228.82"
"Mon Apr 21 2025 00:00:00 GMT+0530 (India Standard Time)","1248.00","1277.80","1237.80","1265.40","1196.99","54.22","50.16","51.37","1211.16","275884.00","1233.81"
"Tue Apr 22 2025 00:00:00 GMT+0530 (India Standard Time)","1270.00","1273.90","1253.30","1256.00","1197.06","53.21","49.85","50.84","1216.76","97267.00","1237.15"
"Wed Apr 23 2025 00:00:00 GMT+0530 (India Standard Time)","1268.00","1273.30","1242.20","1245.90","1197.33","52.11","49.51","50.28","1221.10","132877.00","1239.11"
"Thu Apr 24 2025 00:00:00 GMT+0530 (India Standard Time)","1245.00","1260.00","1238.10","1243.70","1197.59","51.86","49.43","50.16","1225.29","108613.00","1240.21"
"Fri Apr 25 2025 00:00:00 GMT+0530 (India Standard Time)","1245.00","1253.20","1183.10","1203.30","1196.97","47.56","48.08","47.92","1227.49","203542.00","1238.61"
"Mon Apr 28 2025 00:00:00 GMT+0530 (India Standard Time)","1203.00","1215.00","1185.70","1206.20","1195.93","47.88","48.18","48.09","1228.24","103461.00","1236.28"
"Tue Apr 29 2025 00:00:00 GMT+0530 (India Standard Time)","1205.00","1243.70","1205.00","1214.30","1195.11","48.82","48.48","48.57","1230.50","97106.00","1236.22"
"Wed Apr 30 2025 00:00:00 GMT+0530 (India Standard Time)","1205.10","1212.00","1161.50","1168.50","1194.42","44.12","46.95","46.07","1231.33","167154.00","1234.99"
"Fri May 02 2025 00:00:00 GMT+0530 (India Standard Time)","1175.00","1191.90","1156.00","1172.40","1194.14","44.60","47.09","46.31","1230.78","159180.00","1231.58"
"Mon May 05 2025 00:00:00 GMT+0530 (India Standard Time)","1172.40","1200.10","1171.00","1195.70","1193.49","47.41","47.96","47.75","1230.03","86534.00","1228.31"
"Tue May 06 2025 00:00:00 GMT+0530 (India Standard Time)","1195.00","1207.80","1152.10","1158.80","1192.76","43.72","46.73","45.75","1228.24","112482.00","1224.34"
"Wed May 07 2025 00:00:00 GMT+0530 (India Standard Time)","1154.90","1184.20","1140.00","1176.50","1192.74","45.85","47.39","46.85","1225.55","147736.00","1219.67"
"Thu May 08 2025 00:00:00 GMT+0530 (India Standard Time)","1178.30","1242.10","1168.20","1176.50","1194.01","45.85","47.39","46.85","1223.42","395237.00","1215.07"
"Fri May 09 2025 00:00:00 GMT+0530 (India Standard Time)","1153.00","1173.60","1146.10","1150.70","1193.63","43.23","46.52","45.43","1221.03","189538.00","1209.80"
"Mon May 12 2025 00:00:00 GMT+0530 (India Standard Time)","1198.00","1233.00","1190.10","1207.60","1193.11","49.86","48.63","48.94","1221.21","364153.00","1212.13"
"Tue May 13 2025 00:00:00 GMT+0530 (India Standard Time)","1210.00","1236.10","1195.00","1225.10","1193.07","51.68","49.26","49.96","1220.45","314217.00","1212.82"
"Wed May 14 2025 00:00:00 GMT+0530 (India Standard Time)","1233.90","1238.90","1212.00","1215.80","1193.57","50.66","48.93","49.42","1219.09","147804.00","1214.00"
"Thu May 15 2025 00:00:00 GMT+0530 (India Standard Time)","1219.00","1238.40","1205.30","1223.50","1194.85","51.49","49.22","49.88","1218.05","176060.00","1213.67"
"Fri May 16 2025 00:00:00 GMT+0530 (India Standard Time)","1225.00","1289.00","1225.00","1259.00","1197.56","55.18","50.50","51.96","1217.81","505824.00","1213.95"
"Mon May 19 2025 00:00:00 GMT+0530 (India Standard Time)","1273.00","1285.00","1252.90","1278.00","1201.76","57.02","51.17","53.03","1217.40","358948.00","1215.15"
"Tue May 20 2025 00:00:00 GMT+0530 (India Standard Time)","1295.00","1300.00","1236.60","1242.70","1206.71","52.80","49.89","50.86","1217.14","272824.00","1216.16"
"Wed May 21 2025 00:00:00 GMT+0530 (India Standard Time)","1252.40","1274.90","1245.00","1266.90","1210.93","55.19","50.75","52.24","1221.09","179975.00","1216.24"
"Thu May 22 2025 00:00:00 GMT+0530 (India Standard Time)","1266.80","1323.00","1255.00","1270.30","1214.92","55.52","50.87","52.43","1223.76","739353.00","1217.19"
"Fri May 23 2025 00:00:00 GMT+0530 (India Standard Time)","1280.10","1295.00","1263.30","1291.80","1218.55","57.60","51.63","53.65","1226.87","253231.00","1218.79"
"Mon May 26 2025 00:00:00 GMT+0530 (India Standard Time)","1299.80","1389.00","1299.00","1355.20","1222.88","62.98","53.78","56.98","1231.10","1927727.00","1223.71"
"Tue May 27 2025 00:00:00 GMT+0530 (India Standard Time)","1355.20","1355.20","1270.00","1301.40","1226.40","56.59","51.79","53.62","1233.09","809649.00","1228.29"
"Wed May 28 2025 00:00:00 GMT+0530 (India Standard Time)","1301.20","1305.00","1245.00","1247.90","1228.51","51.17","49.92","50.56","1233.70","635651.00","1231.06"
"Thu May 29 2025 00:00:00 GMT+0530 (India Standard Time)","1250.00","1270.00","1240.10","1247.00","1229.97","51.08","49.89","50.51","1234.30","357142.00","1232.57"
"Fri May 30 2025 00:00:00 GMT+0530 (India Standard Time)","1257.00","1267.00","1244.80","1248.70","1231.89","51.24","49.95","50.61","1234.06","187630.00","1236.13"
"Mon Jun 02 2025 00:00:00 GMT+0530 (India Standard Time)","1253.60","1277.00","1240.20","1262.20","1233.96","52.56","50.42","51.36","1234.02","212378.00","1240.28"
"Tue Jun 03 2025 00:00:00 GMT+0530 (India Standard Time)","1268.90","1273.80","1251.00","1253.50","1235.33","51.62","50.11","50.85","1234.22","123853.00","1243.49"
"Wed Jun 04 2025 00:00:00 GMT+0530 (India Standard Time)","1261.00","1272.60","1244.80","1266.20","1236.36","52.92","50.57","51.58","1234.71","178033.00","1247.92"
"Thu Jun 05 2025 00:00:00 GMT+0530 (India Standard Time)","1275.00","1275.70","1250.00","1251.90","1237.04","51.29","50.04","50.70","1236.36","125324.00","1252.11"
"Fri Jun 06 2025 00:00:00 GMT+0530 (India Standard Time)","1258.90","1263.00","1240.50","1242.40","1237.10","50.21","49.69","50.12","1238.01","128347.00","1254.79"
"Mon Jun 09 2025 00:00:00 GMT+0530 (India Standard Time)","1253.00","1269.90","1244.40","1263.30","1237.26","52.52","50.47","51.38","1239.38","306089.00","1259.79"
"Tue Jun 10 2025 00:00:00 GMT+0530 (India Standard Time)","1270.00","1271.50","1249.10","1252.00","1237.97","51.17","50.04","50.67","1242.12","135184.00","1262.01"
"Wed Jun 11 2025 00:00:00 GMT+0530 (India Standard Time)","1254.90","1265.90","1245.00","1257.00","1239.03","51.74","50.23","50.98","1245.07","215760.00","1263.72"
"Thu Jun 12 2025 00:00:00 GMT+0530 (India Standard Time)","1258.00","1260.00","1225.00","1228.90","1238.85","48.39","49.17","49.20","1246.82","131936.00","1264.43"
"Fri Jun 13 2025 00:00:00 GMT+0530 (India Standard Time)","1201.90","1230.00","1193.10","1199.60","1237.77","45.18","48.10","47.42","1248.06","225663.00","1263.62"
"Mon Jun 16 2025 00:00:00 GMT+0530 (India Standard Time)","1199.60","1201.20","1176.00","1187.70","1236.48","43.94","47.67","46.71","1248.82","204518.00","1260.29"
"Tue Jun 17 2025 00:00:00 GMT+0530 (India Standard Time)","1196.30","1211.00","1182.00","1188.30","1234.98","44.02","47.69","46.75","1248.76","182684.00","1256.43"
"Wed Jun 18 2025 00:00:00 GMT+0530 (India Standard Time)","1195.10","1212.80","1181.00","1198.60","1233.19","45.45","48.11","47.47","1250.21","154457.00","1253.68"
"Thu Jun 19 2025 00:00:00 GMT+0530 (India Standard Time)","1198.60","1202.40","1166.00","1171.10","1231.42","42.41","47.09","45.78","1249.12","122727.00","1249.60"
"Fri Jun 20 2025 00:00:00 GMT+0530 (India Standard Time)","1175.00","1185.90","1165.10","1177.80","1231.74","43.38","47.36","46.26","1247.61","143738.00","1244.69"
"Mon Jun 23 2025 00:00:00 GMT+0530 (India Standard Time)","1174.90","1179.00","1156.90","1167.10","1230.97","42.19","46.96","45.60","1245.66","117494.00","1239.08"
"Tue Jun 24 2025 00:00:00 GMT+0530 (India Standard Time)","1190.10","1225.00","1180.20","1203.80","1231.12","47.38","48.48","48.21","1244.97","393481.00","1232.11"
"Wed Jun 25 2025 00:00:00 GMT+0530 (India Standard Time)","1215.10","1233.90","1209.10","1216.50","1230.91","49.05","49.00","49.08","1243.61","192594.00","1227.92"
"Thu Jun 26 2025 00:00:00 GMT+0530 (India Standard Time)","1228.00","1228.00","1213.00","1224.30","1230.32","50.06","49.31","49.62","1241.82","100707.00","1226.06"
"Fri Jun 27 2025 00:00:00 GMT+0530 (India Standard Time)","1226.40","1231.90","1207.50","1211.70","1229.66","48.42","48.82","48.77","1240.30","131833.00","1224.37"
"Mon Jun 30 2025 00:00:00 GMT+0530 (India Standard Time)","1190.00","1236.00","1190.00","1218.60","1229.29","49.38","49.10","49.26","1238.60","231792.00","1222.64"
"Tue Jul 01 2025 00:00:00 GMT+0530 (India Standard Time)","1218.60","1227.80","1201.40","1205.70","1228.26","47.65","48.58","48.37","1236.06","154834.00","1220.24"
"Wed Jul 02 2025 00:00:00 GMT+0530 (India Standard Time)","1210.00","1216.70","1187.00","1193.80","1227.02","46.08","48.11","47.55","1233.05","115545.00","1217.38"
"Thu Jul 03 2025 00:00:00 GMT+0530 (India Standard Time)","1195.00","1205.60","1180.10","1183.70","1225.75","44.77","47.70","46.86","1227.41","143882.00","1213.85"
"Fri Jul 04 2025 00:00:00 GMT+0530 (India Standard Time)","1184.50","1193.50","1177.00","1188.00","1224.56","45.47","47.89","47.20","1223.03","86470.00","1210.48"
"Mon Jul 07 2025 00:00:00 GMT+0530 (India Standard Time)","1188.00","1198.00","1184.10","1193.60","1224.19","46.39","48.14","47.64","1220.39","89068.00","1207.87"
"Tue Jul 08 2025 00:00:00 GMT+0530 (India Standard Time)","1198.00","1214.40","1193.60","1196.30","1224.13","46.84","48.26","47.86","1218.57","142421.00","1205.01"
"Wed Jul 09 2025 00:00:00 GMT+0530 (India Standard Time)","1202.80","1212.00","1174.50","1200.10","1223.67","47.50","48.44","48.17","1216.50","185398.00","1202.18"
"Thu Jul 10 2025 00:00:00 GMT+0530 (India Standard Time)","1211.00","1219.00","1200.00","1212.00","1224.34","49.55","48.98","49.14","1214.73","118563.00","1200.01"
"Fri Jul 11 2025 00:00:00 GMT+0530 (India Standard Time)","1212.00","1213.40","1191.50","1196.20","1224.86","46.99","48.29","47.91","1212.62","72979.00","1198.28"
"Mon Jul 14 2025 00:00:00 GMT+0530 (India Standard Time)","1197.90","1199.00","1176.60","1179.80","1224.72","44.49","47.58","46.66","1209.90","109723.00","1197.24"
"Tue Jul 15 2025 00:00:00 GMT+0530 (India Standard Time)","1179.80","1188.40","1167.70","1169.00","1224.81","42.91","47.12","45.85","1206.90","191692.00","1196.55"
"Wed Jul 16 2025 00:00:00 GMT+0530 (India Standard Time)","1175.70","1178.40","1152.10","1156.10","1224.63","41.08","46.57","44.89","1203.81","200237.00","1195.04"
"Thu Jul 17 2025 00:00:00 GMT+0530 (India Standard Time)","1164.90","1169.80","1146.60","1149.20","1223.89","40.12","46.27","44.38","1200.10","151005.00","1192.94"
"Fri Jul 18 2025 00:00:00 GMT+0530 (India Standard Time)","1152.80","1158.00","1135.00","1140.60","1223.66","38.92","45.90","43.75","1196.06","109658.00","1191.32"
"Mon Jul 21 2025 00:00:00 GMT+0530 (India Standard Time)","1140.60","1147.00","1131.40","1137.60","1222.23","38.51","45.77","43.52","1191.87","127221.00","1189.49"
"Tue Jul 22 2025 00:00:00 GMT+0530 (India Standard Time)","1143.20","1154.90","1136.60","1144.60","1220.73","40.08","46.13","44.21","1188.57","163084.00","1188.43"
"Wed Jul 23 2025 00:00:00 GMT+0530 (India Standard Time)","1156.60","1156.60","1133.90","1140.60","1219.18","39.48","45.96","43.89","1186.28","153723.00","1185.56"
"Thu Jul 24 2025 00:00:00 GMT+0530 (India Standard Time)","1141.00","1151.90","1124.70","1128.90","1217.39","37.72","45.43","42.98","1184.39","110048.00","1181.49"
"Fri Jul 25 2025 00:00:00 GMT+0530 (India Standard Time)","1130.00","1131.00","1097.70","1102.40","1214.40","34.10","44.27","40.98","1181.41","170202.00","1176.06"
"Mon Jul 28 2025 00:00:00 GMT+0530 (India Standard Time)","1107.60","1124.30","1090.00","1092.70","1210.93","32.89","43.85","40.28","1178.01","140295.00","1170.55"
"Tue Jul 29 2025 00:00:00 GMT+0530 (India Standard Time)","1095.00","1125.90","1077.70","1118.60","1208.02","38.97","45.26","42.97","1175.42","112164.00","1165.52"
"Wed Jul 30 2025 00:00:00 GMT+0530 (India Standard Time)","1125.00","1139.10","1116.30","1137.30","1205.41","42.89","46.25","44.81","1173.80","95878.00","1161.82"
"Thu Jul 31 2025 00:00:00 GMT+0530 (India Standard Time)","1129.10","1140.00","1107.90","1132.50","1202.38","42.16","46.03","44.44","1172.34","90902.00","1158.51"
"Fri Aug 01 2025 00:00:00 GMT+0530 (India Standard Time)","1132.00","1141.00","1111.60","1115.00","1199.08","39.58","45.24","43.07","1169.47","61724.00","1155.29"
"Mon Aug 04 2025 00:00:00 GMT+0530 (India Standard Time)","1115.00","1123.20","1097.00","1105.10","1194.24","38.19","44.80","42.31","1165.49","89821.00","1151.53"
"Tue Aug 05 2025 00:00:00 GMT+0530 (India Standard Time)","1115.00","1115.00","1083.60","1093.60","1190.03","36.63","44.28","41.44","1161.05","115677.00","1146.96"
"Wed Aug 06 2025 00:00:00 GMT+0530 (India Standard Time)","1095.80","1100.00","1075.00","1080.90","1186.49","34.97","43.72","40.49","1156.35","90813.00","1141.44"
"Thu Aug 07 2025 00:00:00 GMT+0530 (India Standard Time)","1080.00","1130.60","1062.60","1104.90","1183.48","40.34","45.06","43.02","1152.22","182704.00","1136.87"
"Fri Aug 08 2025 00:00:00 GMT+0530 (India Standard Time)","1111.00","1115.00","1072.40","1078.10","1180.15","36.78","43.87","41.02","1147.82","119283.00","1130.93"
"Mon Aug 11 2025 00:00:00 GMT+0530 (India Standard Time)","1050.00","1059.60","1005.20","1008.60","1175.35","29.65","41.01","36.49","1141.58","597508.00","1122.41"
"Tue Aug 12 2025 00:00:00 GMT+0530 (India Standard Time)","991.80","1004.40","935.50","943.40","1169.33","24.89","38.61","32.97","1133.42","1466117.00","1111.60"
"Wed Aug 13 2025 00:00:00 GMT+0530 (India Standard Time)","943.50","958.50","930.50","939.60","1162.92","24.65","38.48","32.78","1124.73","776948.00","1100.57"
"Thu Aug 14 2025 00:00:00 GMT+0530 (India Standard Time)","945.00","952.80","930.00","932.40","1156.51","24.18","38.22","32.42","1115.67","346847.00","1089.92"
"Mon Aug 18 2025 00:00:00 GMT+0530 (India Standard Time)","948.00","979.70","938.30","956.30","1150.72","28.88","39.58","34.88","1106.98","539830.00","1080.58"
"Tue Aug 19 2025 00:00:00 GMT+0530 (India Standard Time)","962.00","1006.60","960.00","999.00","1145.34","36.29","41.90","38.96","1099.59","700976.00","1073.32"
"Wed Aug 20 2025 00:00:00 GMT+0530 (India Standard Time)","1005.00","1017.00","996.20","999.80","1140.28","36.42","41.94","39.04","1092.23","408047.00","1066.89"
"Thu Aug 21 2025 00:00:00 GMT+0530 (India Standard Time)","1004.90","1010.00","988.10","997.70","1135.12","36.22","41.86","38.91","1085.03","368111.00","1059.90"
"Fri Aug 22 2025 00:00:00 GMT+0530 (India Standard Time)","996.10","1002.00","977.20","985.40","1130.16","35.01","41.38","38.16","1077.99","297055.00","1052.49"
"Mon Aug 25 2025 00:00:00 GMT+0530 (India Standard Time)","995.60","1103.90","991.60","1080.50","1127.33","48.85","46.25","46.35","1073.84","8981829.00","1049.19"
"Tue Aug 26 2025 00:00:00 GMT+0530 (India Standard Time)","1078.80","1079.50","1039.40","1042.80","1124.59","44.87","44.75","43.98","1069.97","817523.00","1046.46"
"Thu Aug 28 2025 00:00:00 GMT+0530 (India Standard Time)","1042.80","1102.80","1030.00","1068.30","1122.09","47.89","45.96","45.91","1066.82","2064029.00","1044.91"
"Fri Aug 29 2025 00:00:00 GMT+0530 (India Standard Time)","1072.30","1081.10","1047.80","1053.50","1119.31","46.34","45.37","44.98","1063.83","430656.00","1042.47"
"Mon Sep 01 2025 00:00:00 GMT+0530 (India Standard Time)","1060.30","1079.00","1052.30","1071.50","1117.13","48.47","46.22","46.33","1061.29","296954.00","1039.43"
"Tue Sep 02 2025 00:00:00 GMT+0530 (India Standard Time)","1075.00","1093.90","1063.20","1082.30","1115.21","49.72","46.72","47.14","1058.95","261675.00","1037.15"
"Wed Sep 03 2025 00:00:00 GMT+0530 (India Standard Time)","1081.90","1101.90","1073.50","1096.80","1113.70","51.38","47.40","48.20","1057.06","287429.00","1035.80"
"Thu Sep 04 2025 00:00:00 GMT+0530 (India Standard Time)","1107.00","1120.00","1067.30","1072.20","1111.30","48.52","46.38","46.56","1055.32","331769.00","1034.62"
"Fri Sep 05 2025 00:00:00 GMT+0530 (India Standard Time)","1074.00","1079.90","1040.00","1056.60","1108.08","46.78","45.75","45.55","1053.48","411285.00","1032.80"
"Mon Sep 08 2025 00:00:00 GMT+0530 (India Standard Time)","1059.20","1078.00","1056.60","1061.20","1104.92","47.37","45.97","45.91","1052.16","185295.00","1031.85"
"Tue Sep 09 2025 00:00:00 GMT+0530 (India Standard Time)","1100.80","1158.50","1085.10","1143.40","1103.26","56.34","49.71","51.72","1052.93","5194212.00","1033.37"
"Wed Sep 10 2025 00:00:00 GMT+0530 (India Standard Time)","1143.40","1155.00","1120.00","1125.90","1101.58","54.27","48.98","50.53","1053.02","606253.00","1035.55"
"Thu Sep 11 2025 00:00:00 GMT+0530 (India Standard Time)","1125.90","1132.00","1107.00","1112.70","1099.70","52.74","48.43","49.64","1052.68","319072.00","1040.10"
"Fri Sep 12 2025 00:00:00 GMT+0530 (India Standard Time)","1119.90","1131.50","1109.90","1118.90","1098.13","53.39","48.70","50.07","1052.60","291044.00","1047.87"
"Mon Sep 15 2025 00:00:00 GMT+0530 (India Standard Time)","1122.00","1131.30","1115.90","1120.90","1096.81","53.61","48.79","50.21","1053.11","181389.00","1056.45"
"Tue Sep 16 2025 00:00:00 GMT+0530 (India Standard Time)","1121.10","1131.30","1109.00","1112.20","1095.41","52.49","48.42","49.59","1053.82","180878.00","1064.99"
"Wed Sep 17 2025 00:00:00 GMT+0530 (India Standard Time)","1119.00","1152.60","1109.60","1134.30","1094.21","54.98","49.42","51.16","1055.50","405573.00","1073.33"
"Thu Sep 18 2025 00:00:00 GMT+0530 (India Standard Time)","1136.60","1156.00","1119.00","1145.10","1093.04","56.16","49.91","51.91","1056.95","303635.00","1080.48"
"Fri Sep 19 2025 00:00:00 GMT+0530 (India Standard Time)","1151.00","1170.00","1143.20","1150.00","1092.17","56.70","50.13","52.25","1059.30","444642.00","1087.62"
"Mon Sep 22 2025 00:00:00 GMT+0530 (India Standard Time)","1150.10","1164.70","1133.70","1146.30","1090.91","56.15","49.96","51.96","1063.72","325069.00","1094.74"
"Tue Sep 23 2025 00:00:00 GMT+0530 (India Standard Time)","1154.00","1167.00","1144.00","1155.40","1090.03","57.22","50.38","52.62","1070.67","197555.00","1102.73"
"Wed Sep 24 2025 00:00:00 GMT+0530 (India Standard Time)","1157.50","1158.00","1135.00","1138.10","1089.20","54.57","49.57","51.25","1077.84","143290.00","1106.46"
"Thu Sep 25 2025 00:00:00 GMT+0530 (India Standard Time)","1140.00","1140.00","1110.20","1114.00","1088.12","51.10","48.47","49.40","1084.37","146601.00","1109.71"
"Fri Sep 26 2025 00:00:00 GMT+0530 (India Standard Time)","1108.00","1108.00","1075.50","1080.10","1086.63","46.72","46.98","46.94","1089.01","254756.00","1110.60"
"Mon Sep 29 2025 00:00:00 GMT+0530 (India Standard Time)","1081.00","1104.40","1067.30","1076.20","1085.17","46.24","46.81","46.67","1092.37","189370.00","1111.65"
"Tue Sep 30 2025 00:00:00 GMT+0530 (India Standard Time)","1076.10","1078.80","1063.20","1072.60","1083.74","45.78","46.65","46.41","1094.77","105766.00","1111.80"
"Wed Oct 01 2025 00:00:00 GMT+0530 (India Standard Time)","1067.00","1073.80","1049.00","1069.60","1082.28","45.39","46.52","46.19","1097.11","193184.00","1111.09"
"Fri Oct 03 2025 00:00:00 GMT+0530 (India Standard Time)","1069.90","1080.10","1066.30","1076.80","1080.88","46.54","46.89","46.81","1100.19","108871.00","1110.27"
"Mon Oct 06 2025 00:00:00 GMT+0530 (India Standard Time)","1078.00","1097.70","1078.00","1091.60","1079.81","48.87","47.65","48.07","1101.28","177664.00","1110.59"
"Tue Oct 07 2025 00:00:00 GMT+0530 (India Standard Time)","1093.00","1094.90","1076.50","1079.80","1078.80","47.15","47.10","47.15","1102.34","111396.00","1111.76"
"Wed Oct 08 2025 00:00:00 GMT+0530 (India Standard Time)","1082.00","1089.80","1067.30","1085.40","1078.27","48.06","47.39","47.64","1102.83","106816.00","1112.60"
"Thu Oct 09 2025 00:00:00 GMT+0530 (India Standard Time)","1084.90","1084.90","1070.50","1071.40","1077.76","45.98","46.74","46.54","1103.36","93496.00","1109.84"
"Fri Oct 10 2025 00:00:00 GMT+0530 (India Standard Time)","1067.60","1079.50","1064.00","1069.00","1076.96","45.63","46.62","46.35","1103.48","93643.00","1106.92"
"Mon Oct 13 2025 00:00:00 GMT+0530 (India Standard Time)","1066.90","1094.20","1061.00","1081.40","1075.90","47.81","47.29","47.48","1103.44","179378.00","1105.18"
"Tue Oct 14 2025 00:00:00 GMT+0530 (India Standard Time)","1080.80","1101.40","1071.00","1082.80","1075.03","48.06","47.37","47.61","1103.24","212943.00","1103.50"
"Wed Oct 15 2025 00:00:00 GMT+0530 (India Standard Time)","1079.80","1094.50","1071.00","1075.30","1074.20","46.81","47.00","46.98","1103.02","162267.00","1101.44"
"Thu Oct 16 2025 00:00:00 GMT+0530 (India Standard Time)","1075.00","1093.40","1072.20","1076.80","1073.64","47.10","47.08","47.12","1103.80","148967.00","1099.70"
"Fri Oct 17 2025 00:00:00 GMT+0530 (India Standard Time)","1077.00","1089.40","1076.80","1086.40","1073.41","48.96","47.62","48.06","1104.48","115044.00","1097.42"
"Mon Oct 20 2025 00:00:00 GMT+0530 (India Standard Time)","1086.40","1116.00","1085.20","1112.50","1073.85","53.62","49.06","50.51","1103.61","220266.00","1095.77"
"Tue Oct 21 2025 00:00:00 GMT+0530 (India Standard Time)","1112.00","1125.00","1110.00","1117.00","1074.18","54.37","49.30","50.92","1103.02","48283.00","1094.05"
"Thu Oct 23 2025 00:00:00 GMT+0530 (India Standard Time)","1120.00","1123.90","1094.30","1101.00","1074.57","51.26","48.46","49.42","1102.64","184531.00","1092.02"
"Fri Oct 24 2025 00:00:00 GMT+0530 (India Standard Time)","1098.30","1121.40","1096.50","1110.10","1076.35","52.87","48.97","50.27","1102.25","115244.00","1089.83"
"Mon Oct 27 2025 00:00:00 GMT+0530 (India Standard Time)","1109.50","1121.40","1103.90","1114.20","1079.48","53.60","49.19","50.66","1101.91","149351.00","1088.45"
"Tue Oct 28 2025 00:00:00 GMT+0530 (India Standard Time)","1114.40","1124.90","1078.00","1082.70","1082.48","47.68","47.53","47.73","1101.12","227459.00","1087.15"
"Wed Oct 29 2025 00:00:00 GMT+0530 (India Standard Time)","1085.00","1112.00","1085.00","1105.50","1085.78","51.73","48.81","49.89","1100.00","141894.00","1087.91"
"Thu Oct 30 2025 00:00:00 GMT+0530 (India Standard Time)","1105.50","1119.00","1101.50","1112.00","1088.85","52.82","49.17","50.49","1098.95","113634.00","1089.35"
"Fri Oct 31 2025 00:00:00 GMT+0530 (India Standard Time)","1105.00","1119.00","1098.10","1100.90","1091.13","50.76","48.57","49.45","1097.23","114528.00","1090.91"
"Mon Nov 03 2025 00:00:00 GMT+0530 (India Standard Time)","1102.00","1110.60","1091.60","1095.40","1093.03","49.75","48.28","48.93","1095.47","76165.00","1092.47"
"Tue Nov 04 2025 00:00:00 GMT+0530 (India Standard Time)","1094.00","1102.90","1082.50","1097.40","1094.96","50.13","48.40","49.13","1093.29","104494.00","1093.43"
"Thu Nov 06 2025 00:00:00 GMT+0530 (India Standard Time)","1098.40","1103.20","1066.80","1072.00","1096.78","45.55","47.04","46.77","1091.04","124610.00","1092.89"
"Fri Nov 07 2025 00:00:00 GMT+0530 (India Standard Time)","1051.00","1054.50","1015.00","1022.00","1096.06","38.31","44.54","42.61","1087.79","363927.00","1090.30"
"Mon Nov 10 2025 00:00:00 GMT+0530 (India Standard Time)","1015.00","1019.70","994.30","1001.40","1095.13","35.85","43.57","41.07","1084.84","218371.00","1086.60"
"Tue Nov 11 2025 00:00:00 GMT+0530 (India Standard Time)","997.00","1007.00","991.00","999.20","1093.76","35.59","43.47","40.91","1081.85","104020.00","1083.01"
"Wed Nov 12 2025 00:00:00 GMT+0530 (India Standard Time)","1004.90","1006.90","993.80","998.10","1092.57","35.46","43.42","40.82","1079.28","149825.00","1079.62"
"Thu Nov 13 2025 00:00:00 GMT+0530 (India Standard Time)","1002.00","1007.90","986.00","988.00","1091.04","34.22","42.93","40.05","1076.78","122892.00","1075.48"
"Fri Nov 14 2025 00:00:00 GMT+0530 (India Standard Time)","988.00","988.00","959.30","983.50","1089.01","33.68","42.72","39.71","1073.30","153072.00","1070.43"
"Mon Nov 17 2025 00:00:00 GMT+0530 (India Standard Time)","983.50","991.00","979.70","987.20","1086.89","34.58","42.96","40.14","1069.61","153347.00","1066.01"
"Tue Nov 18 2025 00:00:00 GMT+0530 (India Standard Time)","992.10","992.10","970.50","971.50","1084.76","32.60","42.20","38.92","1065.84","120804.00","1061.09"
"Wed Nov 19 2025 00:00:00 GMT+0530 (India Standard Time)","975.90","976.30","963.00","972.40","1083.01","32.83","42.26","39.03","1061.90","116756.00","1055.68"
"Thu Nov 20 2025 00:00:00 GMT+0530 (India Standard Time)","975.30","977.90","965.00","966.30","1081.10","32.04","41.96","38.55","1058.12","93309.00","1049.12"
"Fri Nov 21 2025 00:00:00 GMT+0530 (India Standard Time)","968.50","970.70","957.00","960.40","1077.70","31.29","41.66","38.08","1054.26","69107.00","1041.73"
"Mon Nov 24 2025 00:00:00 GMT+0530 (India Standard Time)","961.90","1005.00","958.60","970.80","1074.59","34.17","42.38","39.41","1050.66","499897.00","1035.60"
"Tue Nov 25 2025 00:00:00 GMT+0530 (India Standard Time)","976.00","976.00","965.00","969.30","1071.66","33.96","42.31","39.29","1046.55","104605.00","1028.95"
"Wed Nov 26 2025 00:00:00 GMT+0530 (India Standard Time)","978.90","978.90","967.50","974.30","1068.74","35.39","42.66","39.94","1042.74","54284.00","1022.30"
"Thu Nov 27 2025 00:00:00 GMT+0530 (India Standard Time)","977.00","986.00","971.40","982.80","1065.91","37.79","43.25","41.06","1039.15","166555.00","1017.00"
"Fri Nov 28 2025 00:00:00 GMT+0530 (India Standard Time)","985.00","997.50","975.00","992.80","1063.38","40.52","43.95","42.35","1035.72","125335.00","1011.64"
"Mon Dec 01 2025 00:00:00 GMT+0530 (India Standard Time)","995.70","997.80","976.95","980.80","1060.41","38.40","43.30","41.23","1031.46","70219.00","1005.59"
"Tue Dec 02 2025 00:00:00 GMT+0530 (India Standard Time)","984.95","990.00","969.00","980.95","1057.19","38.44","43.31","41.25","1026.56","93533.00","999.67"
"Wed Dec 03 2025 00:00:00 GMT+0530 (India Standard Time)","982.00","985.10","968.05","972.85","1053.61","37.00","42.87","40.49","1021.87","78448.00","993.78"
"Thu Dec 04 2025 00:00:00 GMT+0530 (India Standard Time)","972.85","981.00","965.25","976.65","1050.16","38.14","43.15","41.02","1017.05","59633.00","988.06"
"Fri Dec 05 2025 00:00:00 GMT+0530 (India Standard Time)","976.65","976.65","960.00","962.25","1046.35","35.57","42.35","39.65","1011.81","91337.00","982.67"
"Mon Dec 08 2025 00:00:00 GMT+0530 (India Standard Time)","962.25","965.20","921.10","923.90","1042.18","29.93","40.33","36.34","1006.15","211435.00","978.15"
"Tue Dec 09 2025 00:00:00 GMT+0530 (India Standard Time)","924.90","945.20","909.00","938.50","1038.44","34.11","41.41","38.36","1000.08","199437.00","974.75"
"Wed Dec 10 2025 00:00:00 GMT+0530 (India Standard Time)","933.85","937.35","923.85","929.50","1035.33","32.84","40.94","37.60","993.63","99257.00","971.47"
"Thu Dec 11 2025 00:00:00 GMT+0530 (India Standard Time)","935.40","935.40","921.45","924.95","1032.24","32.20","40.71","37.22","987.25","100698.00","968.01"
"Fri Dec 12 2025 00:00:00 GMT+0530 (India Standard Time)","936.00","940.95","920.00","933.75","1029.44","34.77","41.37","38.46","981.26","163402.00","965.14"
"Mon Dec 15 2025 00:00:00 GMT+0530 (India Standard Time)","935.00","1009.50","930.05","995.90","1027.79","49.05","45.76","46.18","977.12","1513723.00","965.34"
"Tue Dec 16 2025 00:00:00 GMT+0530 (India Standard Time)","993.00","993.00","971.00","975.30","1025.86","45.57","44.63","44.29","973.52","203094.00","964.98"
"Wed Dec 17 2025 00:00:00 GMT+0530 (India Standard Time)","966.60","968.95","942.75","947.40","1023.10","41.41","43.17","41.89","970.75","151839.00","963.80"
"Thu Dec 18 2025 00:00:00 GMT+0530 (India Standard Time)","947.50","947.50","922.45","925.20","1020.05","38.47","42.05","40.12","968.13","159285.00","961.85"
"Fri Dec 19 2025 00:00:00 GMT+0530 (India Standard Time)","926.60","930.00","920.85","927.50","1016.94","38.94","42.21","40.39","965.53","121845.00","959.83"
"Mon Dec 22 2025 00:00:00 GMT+0530 (India Standard Time)","931.95","958.90","929.60","954.95","1014.44","44.29","44.06","43.51","963.68","166122.00","959.23"
"Tue Dec 23 2025 00:00:00 GMT+0530 (India Standard Time)","961.00","981.75","952.80","973.75","1012.44","47.59","45.28","45.51","962.80","323855.00","958.96"
"Wed Dec 24 2025 00:00:00 GMT+0530 (India Standard Time)","970.70","981.40","959.00","960.70","1010.16","45.62","44.59","44.39","962.45","98759.00","958.74"
"Fri Dec 26 2025 00:00:00 GMT+0530 (India Standard Time)","960.60","960.70","948.10","951.20","1007.53","44.22","44.09","43.58","961.28","92012.00","957.75"
"Mon Dec 29 2025 00:00:00 GMT+0530 (India Standard Time)","955.00","955.00","930.10","933.75","1004.71","41.75","43.19","42.13","959.91","133533.00","955.72"
"Tue Dec 30 2025 00:00:00 GMT+0530 (India Standard Time)","937.90","948.40","922.30","925.25","1001.72","40.59","42.76","41.44","958.53","215217.00","952.90"
"Wed Dec 31 2025 00:00:00 GMT+0530 (India Standard Time)","931.05","957.95","926.30","946.65","998.91","44.65","44.20","43.82","957.60","140766.00","951.01"
"Thu Jan 01 2026 00:00:00 GMT+0530 (India Standard Time)","954.00","957.00","941.45","943.95","995.71","44.25","44.05","43.59","957.05","56964.00","949.41"
"Fri Jan 02 2026 00:00:00 GMT+0530 (India Standard Time)","948.40","981.00","940.55","976.80","992.74","49.99","46.19","47.07","956.63","267168.00","949.12"
"Mon Jan 05 2026 00:00:00 GMT+0530 (India Standard Time)","979.00","981.40","951.00","952.45","989.83","46.28","44.90","44.96","956.32","171909.00","948.38"
"Tue Jan 06 2026 00:00:00 GMT+0530 (India Standard Time)","959.90","959.90","934.10","937.00","986.48","44.10","44.10","43.68","955.25","152535.00","947.27"
"Wed Jan 07 2026 00:00:00 GMT+0530 (India Standard Time)","936.00","940.00","925.50","931.75","982.86","43.38","43.83","43.25","953.55","130186.00","947.21"
"Thu Jan 08 2026 00:00:00 GMT+0530 (India Standard Time)","935.90","948.95","926.00","933.90","979.73","43.77","43.97","43.48","951.69","211227.00","947.35"
"Fri Jan 09 2026 00:00:00 GMT+0530 (India Standard Time)","935.00","937.50","910.10","913.20","976.06","40.86","42.90","41.77","949.37","238700.00","946.80"
"Mon Jan 12 2026 00:00:00 GMT+0530 (India Standard Time)","915.80","919.90","876.15","888.85","971.70","37.76","41.68","39.88","946.34","257942.00","945.22"
"Tue Jan 13 2026 00:00:00 GMT+0530 (India Standard Time)","891.00","912.00","882.60","886.45","967.45","37.46","41.57","39.69","943.42","134590.00","943.30"
"Wed Jan 14 2026 00:00:00 GMT+0530 (India Standard Time)","888.10","890.95","872.00","874.55","963.04","36.00","40.98","38.79","940.02","160226.00","938.31"
"Fri Jan 16 2026 00:00:00 GMT+0530 (India Standard Time)","874.20","874.40","845.00","848.15","958.22","33.00","39.71","36.87","936.08","276728.00","932.37"
"Mon Jan 19 2026 00:00:00 GMT+0530 (India Standard Time)","848.00","848.00","830.00","831.75","953.36","31.30","38.95","35.73","932.50","179075.00","926.83"
"Tue Jan 20 2026 00:00:00 GMT+0530 (India Standard Time)","830.00","830.10","801.00","804.00","948.99","28.67","37.71","33.92","928.24","281677.00","921.10"
"Wed Jan 21 2026 00:00:00 GMT+0530 (India Standard Time)","804.00","813.20","787.35","794.15","944.85","27.80","37.28","33.31","923.53","372208.00","914.95"
"Thu Jan 22 2026 00:00:00 GMT+0530 (India Standard Time)","806.10","816.05","796.95","806.95","941.00","30.67","38.21","34.89","919.22","188200.00","908.15"
"Fri Jan 23 2026 00:00:00 GMT+0530 (India Standard Time)","812.00","814.75","788.00","791.35","936.94","29.19","37.52","33.88","914.45","191227.00","899.85"
"Tue Jan 27 2026 00:00:00 GMT+0530 (India Standard Time)","797.55","815.40","775.45","808.45","933.13","32.92","38.76","35.96","908.07","273050.00","892.07"
"Wed Jan 28 2026 00:00:00 GMT+0530 (India Standard Time)","812.75","838.50","799.15","831.50","930.06","37.58","40.38","38.65","902.47","175747.00","885.99"
"Thu Jan 29 2026 00:00:00 GMT+0530 (India Standard Time)","833.70","846.70","808.10","841.00","927.02","39.40","41.04","39.72","898.15","268424.00","881.04"
"Fri Jan 30 2026 00:00:00 GMT+0530 (India Standard Time)","838.00","856.60","819.45","849.50","924.37","41.02","41.62","40.67","894.94","186649.00","876.92"
"Sun Feb 01 2026 00:00:00 GMT+0530 (India Standard Time)","855.00","909.95","836.10","887.30","922.55","47.56","44.13","44.67","893.21","819928.00","873.86"
"Mon Feb 02 2026 00:00:00 GMT+0530 (India Standard Time)","887.30","898.85","858.55","884.65","920.81","47.17","44.00","44.45","890.81","299785.00","870.77"
"Tue Feb 03 2026 00:00:00 GMT+0530 (India Standard Time)","919.00","919.00","854.65","866.90","919.10","44.63","43.10","43.02","887.63","364722.00","866.39"
"Wed Feb 04 2026 00:00:00 GMT+0530 (India Standard Time)","869.90","897.80","857.55","875.50","917.11","46.11","43.67","43.92","884.41","333355.00","862.45"
"Thu Feb 05 2026 00:00:00 GMT+0530 (India Standard Time)","877.05","898.50","861.45","895.20","915.46","49.36","44.95","45.93","881.97","292064.00","859.86"
"Fri Feb 06 2026 00:00:00 GMT+0530 (India Standard Time)","897.00","930.00","883.65","919.45","914.25","53.02","46.47","48.28","880.95","345866.00","858.95"
"Mon Feb 09 2026 00:00:00 GMT+0530 (India Standard Time)","926.00","940.00","921.00","923.05","913.17","53.54","46.70","48.63","880.81","211355.00","858.53"
"Tue Feb 10 2026 00:00:00 GMT+0530 (India Standard Time)","926.00","937.00","919.00","922.05","911.88","53.37","46.64","48.53","880.18","127733.00","858.84"
"Wed Feb 11 2026 00:00:00 GMT+0530 (India Standard Time)","921.00","922.05","908.65","912.55","910.48","51.70","46.12","47.66","879.00","95626.00","859.81"
"Thu Feb 12 2026 00:00:00 GMT+0530 (India Standard Time)","912.00","917.25","898.00","904.70","909.00","50.33","45.68","46.94","876.87","131791.00","860.49"
"Fri Feb 13 2026 00:00:00 GMT+0530 (India Standard Time)","895.00","902.00","876.05","897.15","907.36","49.02","45.27","46.25","874.38","173931.00","861.21"
"Mon Feb 16 2026 00:00:00 GMT+0530 (India Standard Time)","889.95","913.50","882.55","910.00","905.95","51.29","46.12","47.60","872.89","174752.00","863.60"
"Tue Feb 17 2026 00:00:00 GMT+0530 (India Standard Time)","907.85","932.10","901.55","919.35","905.00","52.88","46.73","48.57","872.36","138747.00","867.54"
"Wed Feb 18 2026 00:00:00 GMT+0530 (India Standard Time)","918.95","919.30","894.00","898.15","904.38","49.05","45.53","46.56","871.21","121308.00","871.95"
"Thu Feb 19 2026 00:00:00 GMT+0530 (India Standard Time)","898.00","902.70","870.10","877.15","903.36","45.62","44.39","44.68","869.89","124992.00","875.97"
"Fri Feb 20 2026 00:00:00 GMT+0530 (India Standard Time)","865.00","873.60","861.25","864.15","902.07","43.63","43.69","43.56","868.86","154406.00","878.79"
"Mon Feb 23 2026 00:00:00 GMT+0530 (India Standard Time)","869.00","885.95","866.90","877.35","901.08","46.13","44.59","45.00","868.26","137746.00","882.62"
"Tue Feb 24 2026 00:00:00 GMT+0530 (India Standard Time)","877.35","877.75","862.00","865.55","899.79","44.28","43.95","43.97","867.87","82545.00","885.75"
"Wed Feb 25 2026 00:00:00 GMT+0530 (India Standard Time)","868.00","876.65","866.10","871.20","897.56","45.38","44.34","44.59","868.43","78846.00","887.95"
"Thu Feb 26 2026 00:00:00 GMT+0530 (India Standard Time)","871.20","916.70","871.20","894.25","895.87","49.64","45.89","47.07","870.48","516230.00","890.80"
"Fri Feb 27 2026 00:00:00 GMT+0530 (India Standard Time)","894.25","894.30","877.15","884.70","894.54","48.01","45.36","46.19","873.11","96511.00","892.78"
"Mon Mar 02 2026 00:00:00 GMT+0530 (India Standard Time)","844.70","887.25","840.00","867.00","893.24","45.13","44.38","44.60","875.49","215723.00","892.07"
"Wed Mar 04 2026 00:00:00 GMT+0530 (India Standard Time)","854.00","867.60","850.00","852.60","891.83","42.93","43.61","43.35","877.27","233914.00","890.83"
"Thu Mar 05 2026 00:00:00 GMT+0530 (India Standard Time)","870.00","876.00","855.60","872.80","890.22","46.75","44.98","45.55","879.78","162696.00","890.47"
"Fri Mar 06 2026 00:00:00 GMT+0530 (India Standard Time)","867.30","890.85","865.50","878.85","888.38","47.85","45.39","46.20","882.59","106536.00","890.56"
"Mon Mar 09 2026 00:00:00 GMT+0530 (India Standard Time)","843.05","865.00","842.15","848.85","886.10","43.21","43.76","43.57","883.62","185541.00","888.83"
"Tue Mar 10 2026 00:00:00 GMT+0530 (India Standard Time)","861.00","865.90","846.55","859.70","884.20","45.23","44.49","44.74","884.53","180753.00","886.20"
"Wed Mar 11 2026 00:00:00 GMT+0530 (India Standard Time)","862.95","879.60","850.00","853.40","882.62","44.27","44.15","44.19","885.21","145468.00","882.98"
"Thu Mar 12 2026 00:00:00 GMT+0530 (India Standard Time)","844.80","902.00","833.25","865.85","881.35","46.62","45.00","45.54","884.83","567126.00","880.20"
"Fri Mar 13 2026 00:00:00 GMT+0530 (India Standard Time)","873.25","873.25","837.30","840.55","879.42","42.77","43.63","43.35","883.75","175706.00","877.06"
"Mon Mar 16 2026 00:00:00 GMT+0530 (India Standard Time)","839.95","839.95","810.15","817.30","876.91","39.62","42.42","41.46","881.69","236767.00","873.01"
"Tue Mar 17 2026 00:00:00 GMT+0530 (India Standard Time)","819.30","832.40","817.30","820.90","873.99","40.34","42.67","41.86","879.78","164163.00","869.67"
"Wed Mar 18 2026 00:00:00 GMT+0530 (India Standard Time)","828.90","852.40","826.10","844.55","871.64","44.84","44.29","44.45","878.21","183126.00","866.71"
"Thu Mar 19 2026 00:00:00 GMT+0530 (India Standard Time)","833.05","855.30","830.00","834.70","869.58","43.41","43.77","43.62","875.67","246908.00","862.93"
"Fri Mar 20 2026 00:00:00 GMT+0530 (India Standard Time)","847.00","853.00","824.00","829.15","867.61","42.60","43.47","43.15","872.36","194400.00","859.66"
"Mon Mar 23 2026 00:00:00 GMT+0530 (India Standard Time)","821.00","825.00","785.00","789.70","864.84","37.42","41.45","40.01","867.86","247680.00","855.64"
"Tue Mar 24 2026 00:00:00 GMT+0530 (India Standard Time)","809.90","815.00","782.00","798.75","862.44","39.20","42.08","41.02","863.72","222421.00","852.45"
"Wed Mar 25 2026 00:00:00 GMT+0530 (India Standard Time)","812.00","834.70","804.65","818.70","860.96","42.96","43.44","43.20","860.60","233231.00","849.70"
"Fri Mar 27 2026 00:00:00 GMT+0530 (India Standard Time)","812.00","812.00","777.15","780.70","858.87","38.23","41.54","40.29","856.97","414921.00","845.89"
"Mon Mar 30 2026 00:00:00 GMT+0530 (India Standard Time)","775.00","779.50","745.10","748.95","856.43","34.87","40.06","38.08","851.82","451304.00","840.38"
"Wed Apr 01 2026 00:00:00 GMT+0530 (India Standard Time)","778.00","813.95","763.95","811.50","855.35","44.90","44.08","44.26","847.49","246802.00","835.91"
"Thu Apr 02 2026 00:00:00 GMT+0530 (India Standard Time)","792.00","820.00","776.45","817.60","854.80","45.76","44.45","44.82","843.95","237221.00","832.23"
"Mon Apr 06 2026 00:00:00 GMT+0530 (India Standard Time)","820.00","830.75","805.30","828.15","855.07","47.24","45.09","45.77","841.74","194091.00","830.22"
"Tue Apr 07 2026 00:00:00 GMT+0530 (India Standard Time)","825.00","838.80","819.45","835.00","855.77","48.21","45.50","46.39","840.48","181979.00","829.09"
"Wed Apr 08 2026 00:00:00 GMT+0530 (India Standard Time)","851.00","869.90","850.00","857.10","856.80","51.25","46.82","48.35","839.84","251691.00","828.58"
"Thu Apr 09 2026 00:00:00 GMT+0530 (India Standard Time)","857.10","878.35","851.45","865.85","858.18","52.40","47.34","49.11","839.73","161645.00","827.95"
"Fri Apr 10 2026 00:00:00 GMT+0530 (India Standard Time)","875.00","913.00","865.85","909.35","860.13","57.66","49.79","52.66","840.61","1521321.00","830.25"
"Mon Apr 13 2026 00:00:00 GMT+0530 (India Standard Time)","893.05","903.90","873.05","888.00","861.39","54.55","48.66","50.87","840.41","369274.00","831.69"
"Wed Apr 15 2026 00:00:00 GMT+0530 (India Standard Time)","905.30","914.70","901.20","911.35","862.90","57.20","49.93","52.68","841.26","424745.00","834.09"
"Thu Apr 16 2026 00:00:00 GMT+0530 (India Standard Time)","918.00","924.00","904.00","915.15","864.32","57.62","50.13","52.97","843.03","260009.00","836.37"
"Fri Apr 17 2026 00:00:00 GMT+0530 (India Standard Time)","920.00","923.90","912.10","917.05","865.07","57.84","50.24","53.12","845.20","225776.00","839.69"
"Mon Apr 20 2026 00:00:00 GMT+0530 (India Standard Time)","921.00","927.50","900.00","904.55","865.62","55.85","49.55","52.01","846.72","348053.00","843.88"
"Tue Apr 21 2026 00:00:00 GMT+0530 (India Standard Time)","904.60","929.90","904.60","912.80","866.38","56.88","50.01","52.68","848.06","203675.00","848.26"
"Wed Apr 22 2026 00:00:00 GMT+0530 (India Standard Time)","907.00","954.80","903.00","934.40","867.48","59.47","51.20","54.40","850.87","1303095.00","852.54"
"Thu Apr 23 2026 00:00:00 GMT+0530 (India Standard Time)","934.40","939.90","914.00","916.55","868.16","56.52","50.19","52.77","853.23","237996.00","856.49"
"Fri Apr 24 2026 00:00:00 GMT+0530 (India Standard Time)","918.40","927.45","900.10","907.25","868.11","55.03","49.68","51.94","855.04","225153.00","860.15"
"Mon Apr 27 2026 00:00:00 GMT+0530 (India Standard Time)","913.50","920.00","908.00","916.45","867.88","56.23","50.19","52.70","856.75","125754.00","865.76"
"Tue Apr 28 2026 00:00:00 GMT+0530 (India Standard Time)","916.45","923.00","901.50","904.25","867.54","54.22","49.51","51.59","858.86","167451.00","870.98"
"Wed Apr 29 2026 00:00:00 GMT+0530 (India Standard Time)","906.05","916.75","897.05","899.00","867.32","53.36","49.21","51.11","861.78","219477.00","874.97"
"Thu Apr 30 2026 00:00:00 GMT+0530 (India Standard Time)","899.00","902.45","882.00","887.65","867.00","51.50","48.58","50.08","864.18","219741.00","879.84"
"Mon May 04 2026 00:00:00 GMT+0530 (India Standard Time)","896.10","899.85","880.00","889.75","866.93","51.82","48.70","50.27","865.92","202449.00","886.23"
"Tue May 05 2026 00:00:00 GMT+0530 (India Standard Time)","889.75","896.45","877.05","882.05","866.54","50.51","48.26","49.56","867.54","134926.00","890.24"
"Wed May 06 2026 00:00:00 GMT+0530 (India Standard Time)","885.00","891.85","883.20","887.55","865.93","51.43","48.60","50.08","869.40","324375.00","894.03"
"Thu May 07 2026 00:00:00 GMT+0530 (India Standard Time)","893.90","911.95","893.00","905.55","865.96","54.35","49.69","51.76","873.10","582318.00","897.88"
"Fri May 08 2026 00:00:00 GMT+0530 (India Standard Time)","909.00","966.75","845.55","947.25","866.86","60.16","52.08","55.33","877.43","4413015.00","902.39"
"Mon May 11 2026 00:00:00 GMT+0530 (India Standard Time)","946.90","946.90","911.00","921.65","868.05","55.60","50.58","52.86","881.26","585926.00","905.57"
"Tue May 12 2026 00:00:00 GMT+0530 (India Standard Time)","921.65","933.00","877.30","881.25","868.38","49.39","48.34","49.28","885.09","368360.00","906.90"
"Wed May 13 2026 00:00:00 GMT+0530 (India Standard Time)","879.45","902.80","879.45","887.65","868.81","50.31","48.70","49.84","889.81","247856.00","906.42"
"Thu May 14 2026 00:00:00 GMT+0530 (India Standard Time)","892.05","905.45","872.20","885.30","869.13","49.96","48.57","49.63","893.06","324505.00","906.36"
"Fri May 15 2026 00:00:00 GMT+0530 (India Standard Time)","890.00","914.85","876.75","888.25","869.09","50.42","48.75","49.90","896.23","335756.00","905.52"
"Mon May 18 2026 00:00:00 GMT+0530 (India Standard Time)","883.05","883.90","856.10","880.80","868.89","49.23","48.33","49.22","898.09","225426.00","903.66"
"Tue May 19 2026 00:00:00 GMT+0530 (India Standard Time)","883.00","893.00","876.20","881.95","869.25","49.42","48.40","49.33","899.97","155792.00","902.03"
"Wed May 20 2026 00:00:00 GMT+0530 (India Standard Time)","873.05","903.85","868.05","896.85","869.96","51.91","49.30","50.74","901.06","211457.00","901.18"
"Thu May 21 2026 00:00:00 GMT+0530 (India Standard Time)","889.05","889.05","861.00","867.70","870.00","47.14","47.64","48.06","901.33","608360.00","899.10"
"Fri May 22 2026 00:00:00 GMT+0530 (India Standard Time)","872.00","897.00","867.75","881.90","870.08","49.51","48.50","49.40","900.83","290673.00","896.75"
"Mon May 25 2026 00:00:00 GMT+0530 (India Standard Time)","886.50","907.70","884.00","885.45","870.87","50.10","48.71","49.73","900.98","220584.00","895.26"
"Tue May 26 2026 00:00:00 GMT+0530 (India Standard Time)","889.50","915.00","886.00","894.90","871.66","51.68","49.29","50.62","900.61","342470.00","894.65"
"Wed May 27 2026 00:00:00 GMT+0530 (India Standard Time)","893.00","909.05","893.00","906.25","872.55","53.53","49.97","51.68","900.19","180016.00","894.10"
"Fri May 29 2026 00:00:00 GMT+0530 (India Standard Time)","911.00","926.25","879.00","884.95","873.09","49.77","48.72","49.63","899.44","438256.00","893.41"
"Mon Jun 01 2026 00:00:00 GMT+0530 (India Standard Time)","890.00","896.15","870.60","874.40","873.71","48.02","48.11","48.64","898.36","152351.00","892.27"
"Tue Jun 02 2026 00:00:00 GMT+0530 (India Standard Time)","870.60","879.10","862.35","876.80","874.76","48.45","48.26","48.88","896.82","103370.00","891.50"
"Wed Jun 03 2026 00:00:00 GMT+0530 (India Standard Time)","871.00","876.80","850.50","867.10","875.61","46.80","47.69","47.96","894.47","157000.00","890.33"
"Thu Jun 04 2026 00:00:00 GMT+0530 (India Standard Time)","861.00","879.00","861.00","869.05","876.17","47.18","47.82","48.16","892.55","102497.00","889.63"
"Fri Jun 05 2026 00:00:00 GMT+0530 (India Standard Time)","874.50","909.00","867.00","900.30","877.28","52.86","49.78","51.27","891.85","393889.00","889.94"
"Mon Jun 08 2026 00:00:00 GMT+0530 (India Standard Time)","880.65","903.10","865.50","883.95","878.28","49.91","48.80","49.67","890.76","241743.00","888.99"
"Tue Jun 09 2026 00:00:00 GMT+0530 (India Standard Time)","883.95","915.40","879.15","894.15","880.25","51.68","49.43","50.66","890.28","388287.00","887.52"
"Wed Jun 10 2026 00:00:00 GMT+0530 (India Standard Time)","893.00","906.00","875.00","877.80","881.96","48.78","48.46","49.07","889.64","398979.00","885.56"
"Thu Jun 11 2026 00:00:00 GMT+0530 (India Standard Time)","877.80","904.25","862.00","891.95","883.33","51.26","49.34","50.45","889.47","425521.00","885.29"
"Fri Jun 12 2026 00:00:00 GMT+0530 (India Standard Time)","904.00","934.85","896.45","931.05","886.04","57.27","51.66","54.01","890.58","691582.00","886.91"
"Mon Jun 15 2026 00:00:00 GMT+0530 (India Standard Time)","943.00","953.00","926.00","928.95","889.61","56.87","51.53","53.80","892.39","462423.00","889.15"
"Tue Jun 16 2026 00:00:00 GMT+0530 (India Standard Time)","936.95","942.80","922.50","930.50","892.24","57.10","51.62","53.94","893.98","164366.00","891.03"
"Wed Jun 17 2026 00:00:00 GMT+0530 (India Standard Time)","934.20","966.50","931.15","962.10","895.19","61.49","53.44","56.66","895.75","862759.00","894.85"
"Thu Jun 18 2026 00:00:00 GMT+0530 (India Standard Time)","966.40","980.90","956.00","976.45","898.18","63.28","54.23","57.82","897.58","746212.00","899.09"
"Fri Jun 19 2026 00:00:00 GMT+0530 (India Standard Time)","978.05","984.95","970.10","975.65","901.07","63.10","54.18","57.73","899.38","371566.00","903.15"
"Mon Jun 22 2026 00:00:00 GMT+0530 (India Standard Time)","975.65","1017.00","975.65","1011.70","903.98","67.30","56.12","60.54","903.11","969080.00","909.47"
"Tue Jun 23 2026 00:00:00 GMT+0530 (India Standard Time)","1020.00","1047.00","1003.10","1007.85","907.00","66.45","55.87","60.10","907.73","756135.00","915.86"
"Wed Jun 24 2026 00:00:00 GMT+0530 (India Standard Time)","1005.70","1016.35","990.10","1003.35","909.08","65.44","55.56","59.58","911.86","191139.00","921.23"
"Thu Jun 25 2026 00:00:00 GMT+0530 (India Standard Time)","1012.20","1020.20","983.00","988.10","911.21","62.08","54.54","57.84","915.56","250443.00","925.85"
"Mon Jun 29 2026 00:00:00 GMT+0530 (India Standard Time)","988.00","995.00","978.80","985.15","912.74","61.44","54.34","57.51","919.59","245959.00","929.78"
"Tue Jun 30 2026 00:00:00 GMT+0530 (India Standard Time)","990.10","1028.75","985.30","1024.00","914.76","66.26","56.45","60.59","924.20","498014.00","935.57"
"Wed Jul 01 2026 00:00:00 GMT+0530 (India Standard Time)","1034.30","1037.90","995.50","999.10","916.56","61.12","54.80","57.82","928.53","546067.00","941.72"
"Thu Jul 02 2026 00:00:00 GMT+0530 (India Standard Time)","1008.20","1019.90","994.30","1016.70","918.62","63.23","55.73","59.18","933.44","208900.00","948.29"
"Fri Jul 03 2026 00:00:00 GMT+0530 (India Standard Time)","1020.00","1022.50","988.10","989.90","920.27","58.17","54.00","56.34","937.66","211178.00","954.59"
"Mon Jul 06 2026 00:00:00 GMT+0530 (India Standard Time)","990.40","1016.90","981.80","1006.40","921.69","60.23","54.88","57.63","941.56","245198.00","960.94"
"Tue Jul 07 2026 00:00:00 GMT+0530 (India Standard Time)","1010.90","1010.90","991.50","998.20","923.25","58.72","54.36","56.77","945.19","152429.00","965.97"
"Wed Jul 08 2026 00:00:00 GMT+0530 (India Standard Time)","990.00","1008.70","962.40","968.70","924.59","53.65","52.52","53.82","947.94","238065.00","970.39"
"Thu Jul 09 2026 00:00:00 GMT+0530 (India Standard Time)","971.20","988.40","966.60","976.60","925.82","54.75","52.95","54.47","950.82","221133.00","974.27"
"Fri Jul 10 2026 00:00:00 GMT+0530 (India Standard Time)","982.90","1002.70","982.00","989.00","927.47","56.45","53.63","55.49","954.78","259005.00","979.34"
"Mon Jul 13 2026 00:00:00 GMT+0530 (India Standard Time)","989.00","1018.70","976.20","985.70","929.24","55.86","53.42","55.15","959.09","853286.00","984.29"
"Tue Jul 14 2026 00:00:00 GMT+0530 (India Standard Time)","981.00","989.00","962.00","964.40","930.84","52.18","52.09","53.01","962.91","182754.00","986.51"
"Wed Jul 15 2026 00:00:00 GMT+0530 (India Standard Time)","975.00","1007.70","972.80","1004.40","932.99","57.68","54.27","56.29","967.39","417965.00","989.52"
"Thu Jul 16 2026 00:00:00 GMT+0530 (India Standard Time)","1007.50","1012.10","991.70","1003.70","935.36","57.56","54.22","56.21","971.33","197194.00","992.91"
"Fri Jul 17 2026 00:00:00 GMT+0530 (India Standard Time)","1008.90","1008.90","984.00","987.40","937.45","54.74","53.20","54.58","975.23","182020.00","994.65"
"Mon Jul 20 2026 00:00:00 GMT+0530 (India Standard Time)","987.40","1001.30","983.50","991.60","939.21","55.33","53.43","54.93","978.66","187267.00","995.58"
"Tue Jul 21 2026 00:00:00 GMT+0530 (India Standard Time)","1010.00","1081.80","1006.20","1035.50","941.47","60.94","55.75","58.35","984.19","5917072.00","998.59"
"Wed Jul 22 2026 00:00:00 GMT+0530 (India Standard Time)","1040.00","1049.80","1005.00","1007.60","943.31","56.23","54.01","55.59","989.00","594830.00","999.23"
"Thu Jul 23 2026 00:00:00 GMT+0530 (India Standard Time)","1007.20","1007.20","957.80","979.00","945.06","51.91","52.31","52.95","991.16","742730.00","997.53"
"Fri Jul 24 2026 00:00:00 GMT+0530 (India Standard Time)","975.20","1051.00","971.60","1039.00","947.78","58.87","55.32","57.33","994.18","2104783.00","998.57"