"Date","Open","High","Low","Close","Result ‌Weighted Close‌ (50,y)","RSI ‌rsi‌ (21,C)","RSI ‌rsi‌ (56)","RSI ‌rsi‌ (36)","Result ‌Typical Price‌ (28,n)","Volume","Result ‌Weighted Close‌ (21)"
"Mon Jul 10 2023 09:15:00 GMT+0530 (India Standard Time)","331.00","425.00","331.00","408.60","","","","","","11982565.00",""
"Mon Jul 10 2023 13:15:00 GMT+0530 (India Standard Time)","408.60","427.00","406.75","421.55","","","","","","5455253.00",""
"Tue Jul 11 2023 09:15:00 GMT+0530 (India Standard Time)","425.25","504.70","420.80","499.95","","","","","","12586153.00",""
"Tue Jul 11 2023 13:15:00 GMT+0530 (India Standard Time)","499.35","504.70","483.10","493.80","","","","","","2171934.00",""
"Wed Jul 12 2023 09:15:00 GMT+0530 (India Standard Time)","507.50","547.00","505.60","528.40","","","","","","5748197.00",""
"Wed Jul 12 2023 13:15:00 GMT+0530 (India Standard Time)","528.40","533.00","508.00","520.75","","","","","","2032357.00",""
"Thu Jul 13 2023 09:15:00 GMT+0530 (India Standard Time)","524.55","537.00","502.00","518.85","","","","","","2498461.00",""
"Thu Jul 13 2023 13:15:00 GMT+0530 (India Standard Time)","518.85","520.00","505.25","513.00","","","","","","638745.00",""
"Fri Jul 14 2023 09:15:00 GMT+0530 (India Standard Time)","516.50","522.20","493.55","504.50","","","","","","1110572.00",""
"Fri Jul 14 2023 13:15:00 GMT+0530 (India Standard Time)","504.50","507.00","500.05","503.00","","","","","","260237.00",""
"Mon Jul 17 2023 09:15:00 GMT+0530 (India Standard Time)","507.50","532.35","505.10","515.00","","","","","","1841809.00",""
"Mon Jul 17 2023 13:15:00 GMT+0530 (India Standard Time)","515.00","516.70","508.20","511.40","","","","","","370601.00",""
"Tue Jul 18 2023 09:15:00 GMT+0530 (India Standard Time)","513.90","517.40","504.40","506.10","","","","","","522407.00",""
"Tue Jul 18 2023 13:15:00 GMT+0530 (India Standard Time)","506.40","506.95","494.55","495.00","","","","","","285180.00",""
"Wed Jul 19 2023 09:15:00 GMT+0530 (India Standard Time)","498.95","507.00","495.00","497.90","","","","","","521371.00",""
"Wed Jul 19 2023 13:15:00 GMT+0530 (India Standard Time)","497.90","508.00","492.00","505.00","","","","","","435967.00",""
"Thu Jul 20 2023 09:15:00 GMT+0530 (India Standard Time)","506.45","513.00","501.95","508.90","","","","","","354476.00",""
"Thu Jul 20 2023 13:15:00 GMT+0530 (India Standard Time)","508.90","512.45","506.20","508.05","","","","","","226330.00",""
"Fri Jul 21 2023 09:15:00 GMT+0530 (India Standard Time)","506.05","506.45","500.00","501.65","","","","","","54075.00",""
"Fri Jul 21 2023 13:15:00 GMT+0530 (India Standard Time)","501.65","504.50","492.95","493.00","","","","","","147161.00",""
"Mon Jul 24 2023 09:15:00 GMT+0530 (India Standard Time)","470.15","506.70","450.05","493.10","","","","","","1759597.00",""
"Mon Jul 24 2023 13:15:00 GMT+0530 (India Standard Time)","493.10","498.80","489.10","492.10","","68.94","","","","269953.00","500.71"
"Tue Jul 25 2023 09:15:00 GMT+0530 (India Standard Time)","500.00","500.00","483.20","489.90","","68.23","","","","246310.00","504.11"
"Tue Jul 25 2023 13:15:00 GMT+0530 (India Standard Time)","489.95","491.45","470.00","475.50","","63.69","","","","123749.00","503.96"
"Wed Jul 26 2023 09:15:00 GMT+0530 (India Standard Time)","478.95","493.00","474.95","491.90","","66.36","","","","284784.00","503.68"
"Wed Jul 26 2023 13:15:00 GMT+0530 (India Standard Time)","491.90","498.40","491.50","493.00","","66.54","","","","180148.00","502.09"
"Thu Jul 27 2023 09:15:00 GMT+0530 (India Standard Time)","499.00","502.20","490.20","498.05","","67.35","","","","507365.00","500.97"
"Thu Jul 27 2023 13:15:00 GMT+0530 (India Standard Time)","498.05","506.95","497.15","504.00","","68.30","","","","179817.00","500.20"
"Fri Jul 28 2023 09:15:00 GMT+0530 (India Standard Time)","505.90","531.20","498.55","519.35","","70.62","","","499.15","784287.00","500.41"
"Fri Jul 28 2023 13:15:00 GMT+0530 (India Standard Time)","519.35","519.50","505.20","508.95","","67.13","","","502.47","225713.00","500.62"
"Mon Jul 31 2023 09:15:00 GMT+0530 (India Standard Time)","523.35","523.40","510.60","513.95","","67.93","","","503.93","376679.00","501.20"
"Mon Jul 31 2023 13:15:00 GMT+0530 (India Standard Time)","513.95","518.00","512.00","512.00","","67.26","","","504.65","78126.00","501.04"
"Tue Aug 01 2023 09:15:00 GMT+0530 (India Standard Time)","514.80","517.00","503.00","508.50","","66.03","","","504.02","167295.00","500.91"
"Tue Aug 01 2023 13:15:00 GMT+0530 (India Standard Time)","508.70","515.15","507.50","509.00","","66.12","","","503.66","82394.00","500.99"
"Wed Aug 02 2023 09:15:00 GMT+0530 (India Standard Time)","509.00","510.70","494.00","494.80","","61.13","","","502.97","177683.00","501.03"
"Wed Aug 02 2023 13:15:00 GMT+0530 (India Standard Time)","494.80","495.00","490.00","493.00","","60.52","","","502.25","110016.00","500.71"
"Thu Aug 03 2023 09:15:00 GMT+0530 (India Standard Time)","493.80","498.45","488.90","490.00","","59.49","","62.67","501.74","102619.00","500.20"
"Thu Aug 03 2023 13:15:00 GMT+0530 (India Standard Time)","490.00","491.90","488.00","489.50","","59.31","","62.57","501.26","83868.00","499.32"
"Fri Aug 04 2023 09:15:00 GMT+0530 (India Standard Time)","493.65","509.05","483.05","504.40","","62.79","","64.32","500.59","864499.00","498.92"
"Fri Aug 04 2023 13:15:00 GMT+0530 (India Standard Time)","504.40","506.75","501.00","504.80","","62.87","","64.37","500.31","133126.00","499.01"
"Mon Aug 07 2023 09:15:00 GMT+0530 (India Standard Time)","509.00","510.00","491.30","495.00","","59.22","","62.34","499.93","332127.00","499.10"
"Mon Aug 07 2023 13:15:00 GMT+0530 (India Standard Time)","495.00","501.80","494.55","496.00","","59.47","","62.47","499.88","120953.00","499.64"
"Tue Aug 08 2023 09:15:00 GMT+0530 (India Standard Time)","498.20","498.40","491.45","492.90","","58.29","","61.82","499.68","178305.00","499.68"
"Tue Aug 08 2023 13:15:00 GMT+0530 (India Standard Time)","492.90","496.35","490.35","495.00","","58.87","","62.09","499.40","177466.00","499.85"
"Wed Aug 09 2023 09:15:00 GMT+0530 (India Standard Time)","497.95","498.00","490.00","493.10","","58.11","","61.68","498.89","49931.00","500.58"
"Wed Aug 09 2023 13:15:00 GMT+0530 (India Standard Time)","493.10","494.25","490.00","491.00","","57.24","","61.22","498.28","38265.00","500.75"
"Thu Aug 10 2023 09:15:00 GMT+0530 (India Standard Time)","491.00","503.60","490.15","497.50","","59.21","","62.12","498.08","100579.00","500.91"
"Thu Aug 10 2023 13:15:00 GMT+0530 (India Standard Time)","497.50","499.00","493.15","498.00","","59.36","","62.19","498.07","51630.00","500.90"
"Fri Aug 11 2023 09:15:00 GMT+0530 (India Standard Time)","503.00","503.00","479.25","486.30","","54.41","","59.55","498.30","211384.00","500.22"
"Fri Aug 11 2023 13:15:00 GMT+0530 (India Standard Time)","486.30","488.80","486.15","487.50","","54.81","","59.73","498.09","46548.00","498.81"
"Mon Aug 14 2023 09:15:00 GMT+0530 (India Standard Time)","487.00","498.40","466.05","495.15","498.93","57.36","","60.88","497.93","155016.00","497.76"
"Mon Aug 14 2023 13:15:00 GMT+0530 (India Standard Time)","495.15","496.90","490.80","492.10","500.41","56.04","","60.18","498.44","48294.00","496.69"
"Wed Aug 16 2023 09:15:00 GMT+0530 (India Standard Time)","494.05","502.15","491.80","496.05","500.71","57.37","","60.78","498.80","82053.00","495.88"
"Wed Aug 16 2023 13:15:00 GMT+0530 (India Standard Time)","496.05","497.95","494.25","495.85","500.75","57.28","","60.73","498.86","36776.00","495.25"
"Thu Aug 17 2023 09:15:00 GMT+0530 (India Standard Time)","495.00","497.45","491.80","496.70","500.12","57.58","","60.86","498.80","75690.00","494.56"
"Thu Aug 17 2023 13:15:00 GMT+0530 (India Standard Time)","496.80","513.00","495.80","512.00","499.87","62.63","","63.19","498.95","202413.00","495.02"
"Fri Aug 18 2023 09:15:00 GMT+0530 (India Standard Time)","514.90","517.00","505.00","510.10","499.70","61.67","62.38","62.72","498.75","159500.00","495.87"
"Fri Aug 18 2023 13:15:00 GMT+0530 (India Standard Time)","510.10","518.00","509.35","518.00","499.76","64.07","63.11","63.88","498.89","168052.00","497.01"
"Mon Aug 21 2023 09:15:00 GMT+0530 (India Standard Time)","519.40","526.75","512.50","526.70","500.10","66.49","63.89","65.12","499.11","203463.00","498.60"
"Mon Aug 21 2023 13:15:00 GMT+0530 (India Standard Time)","526.70","567.90","525.15","554.00","501.04","72.58","66.17","68.59","500.36","1117545.00","500.99"
"Tue Aug 22 2023 09:15:00 GMT+0530 (India Standard Time)","562.00","573.00","547.50","551.20","501.82","71.18","65.74","67.87","502.06","405927.00","503.43"
"Tue Aug 22 2023 13:15:00 GMT+0530 (India Standard Time)","551.20","556.80","545.25","553.50","502.62","71.65","65.92","68.15","503.54","164056.00","506.03"
"Wed Aug 23 2023 09:15:00 GMT+0530 (India Standard Time)","557.00","577.35","550.25","558.90","503.68","72.75","66.36","68.81","505.76","388030.00","509.09"
"Wed Aug 23 2023 13:15:00 GMT+0530 (India Standard Time)","558.90","567.00","557.20","561.00","504.95","73.17","66.53","69.06","508.23","101958.00","512.31"
"Thu Aug 24 2023 09:15:00 GMT+0530 (India Standard Time)","570.00","576.00","555.00","555.30","506.17","70.07","65.61","67.53","510.72","254316.00","515.46"
"Thu Aug 24 2023 13:15:00 GMT+0530 (India Standard Time)","555.30","572.25","555.00","561.10","507.37","71.37","66.10","68.27","513.32","107979.00","518.74"
"Fri Aug 25 2023 09:15:00 GMT+0530 (India Standard Time)","562.00","586.05","561.10","570.70","508.65","73.37","66.89","69.45","515.96","264160.00","522.57"
"Fri Aug 25 2023 13:15:00 GMT+0530 (India Standard Time)","570.70","578.35","570.25","572.00","509.94","73.63","66.99","69.61","518.44","72351.00","526.19"
"Mon Aug 28 2023 09:15:00 GMT+0530 (India Standard Time)","580.00","583.00","567.10","570.55","511.34","72.79","66.75","69.20","521.11","109645.00","529.80"
"Mon Aug 28 2023 13:15:00 GMT+0530 (India Standard Time)","570.55","575.00","567.50","572.00","512.86","73.11","66.87","69.38","523.75","63311.00","533.75"
"Tue Aug 29 2023 09:15:00 GMT+0530 (India Standard Time)","574.90","575.10","559.00","562.05","514.44","67.37","65.20","66.55","526.29","71612.00","537.42"
"Tue Aug 29 2023 13:15:00 GMT+0530 (India Standard Time)","562.05","562.50","553.30","557.00","515.72","64.66","64.37","65.16","528.57","54520.00","540.69"
"Wed Aug 30 2023 09:15:00 GMT+0530 (India Standard Time)","557.50","569.00","557.20","563.50","517.18","66.48","64.96","66.10","531.05","177377.00","544.04"
"Wed Aug 30 2023 13:15:00 GMT+0530 (India Standard Time)","563.50","566.00","548.00","550.55","518.69","60.02","62.86","62.65","533.30","60577.00","546.77"
"Thu Aug 31 2023 09:15:00 GMT+0530 (India Standard Time)","553.10","597.00","551.40","592.30","520.60","69.92","66.42","68.16","536.27","464595.00","550.92"
"Thu Aug 31 2023 13:15:00 GMT+0530 (India Standard Time)","592.30","604.00","588.60","600.00","522.68","71.30","67.01","69.03","539.87","269004.00","555.80"
"Fri Sep 01 2023 09:15:00 GMT+0530 (India Standard Time)","605.00","630.00","605.00","622.00","525.13","74.76","68.62","71.32","544.50","583594.00","561.11"
"Fri Sep 01 2023 13:15:00 GMT+0530 (India Standard Time)","622.00","629.90","617.45","623.15","527.54","74.93","68.70","71.44","549.36","245343.00","566.49"
"Mon Sep 04 2023 09:15:00 GMT+0530 (India Standard Time)","626.00","638.50","616.80","631.00","529.78","76.06","69.26","72.21","554.44","190428.00","571.89"
"Mon Sep 04 2023 13:15:00 GMT+0530 (India Standard Time)","631.00","634.00","619.25","627.00","532.11","74.27","68.63","71.20","559.20","65381.00","576.83"
"Tue Sep 05 2023 09:15:00 GMT+0530 (India Standard Time)","624.60","740.00","623.80","707.70","535.69","82.83","73.57","77.69","566.12","991901.00","583.71"
"Tue Sep 05 2023 13:15:00 GMT+0530 (India Standard Time)","707.70","748.90","698.65","718.30","539.84","83.58","74.12","78.35","574.19","804601.00","591.58"
"Wed Sep 06 2023 09:15:00 GMT+0530 (India Standard Time)","722.00","778.90","705.00","720.80","544.29","83.76","74.24","78.50","582.75","1373526.00","600.11"
"Wed Sep 06 2023 13:15:00 GMT+0530 (India Standard Time)","720.70","724.20","695.70","703.00","548.21","77.53","71.68","74.61","589.92","434816.00","607.02"
"Thu Sep 07 2023 09:15:00 GMT+0530 (India Standard Time)","708.80","735.95","701.30","722.70","552.65","79.32","72.74","75.97","597.39","216960.00","614.60"
"Thu Sep 07 2023 13:15:00 GMT+0530 (India Standard Time)","722.70","725.50","663.20","669.90","556.44","64.81","66.00","66.23","603.50","257390.00","620.40"
"Fri Sep 08 2023 09:15:00 GMT+0530 (India Standard Time)","675.00","725.00","671.30","707.95","560.67","69.09","68.16","69.16","609.91","369820.00","627.10"
"Fri Sep 08 2023 13:15:00 GMT+0530 (India Standard Time)","708.00","708.00","686.25","705.10","564.89","68.43","67.83","68.70","615.30","123646.00","633.24"
"Mon Sep 11 2023 09:15:00 GMT+0530 (India Standard Time)","709.70","717.00","702.00","706.00","569.04","68.53","67.88","68.77","620.69","79332.00","639.65"
"Mon Sep 11 2023 13:15:00 GMT+0530 (India Standard Time)","706.00","710.00","703.00","707.65","573.10","68.72","67.98","68.89","626.23","27862.00","646.04"
"Tue Sep 12 2023 09:15:00 GMT+0530 (India Standard Time)","714.00","715.20","660.00","683.50","576.85","62.93","65.17","64.94","630.66","121249.00","651.47"
"Tue Sep 12 2023 13:15:00 GMT+0530 (India Standard Time)","683.50","687.45","668.20","672.00","580.41","60.38","63.89","63.16","634.74","53760.00","656.72"
"Wed Sep 13 2023 09:15:00 GMT+0530 (India Standard Time)","673.95","678.75","650.00","675.00","583.93","60.81","64.08","63.43","638.52","140543.00","662.07"
"Wed Sep 13 2023 13:15:00 GMT+0530 (India Standard Time)","675.00","675.00","665.00","674.90","587.49","60.79","64.07","63.42","642.40","47779.00","667.26"
"Thu Sep 14 2023 09:15:00 GMT+0530 (India Standard Time)","681.65","695.00","681.60","685.30","591.36","62.37","64.73","64.37","646.50","90218.00","673.60"
"Thu Sep 14 2023 13:15:00 GMT+0530 (India Standard Time)","685.30","685.30","678.25","681.00","595.15","61.30","64.23","63.66","650.36","23546.00","678.27"
"Fri Sep 15 2023 09:15:00 GMT+0530 (India Standard Time)","684.50","692.75","673.55","678.55","598.83","60.68","63.95","63.26","654.22","46380.00","682.21"
"Fri Sep 15 2023 13:15:00 GMT+0530 (India Standard Time)","678.55","683.15","675.30","676.00","602.44","60.01","63.65","62.83","658.02","29849.00","684.96"
"Mon Sep 18 2023 09:15:00 GMT+0530 (India Standard Time)","677.00","684.95","668.95","669.80","606.13","58.37","62.93","61.78","661.92","51483.00","687.34"
"Mon Sep 18 2023 13:15:00 GMT+0530 (India Standard Time)","669.20","672.00","660.10","670.00","609.74","58.41","62.94","61.80","665.84","36328.00","689.19"
"Wed Sep 20 2023 09:15:00 GMT+0530 (India Standard Time)","662.00","662.75","650.00","656.50","613.10","54.83","61.36","59.52","669.17","59816.00","690.60"
"Wed Sep 20 2023 13:15:00 GMT+0530 (India Standard Time)","656.50","661.70","652.35","659.75","616.40","55.52","61.60","59.89","672.85","28881.00","688.86"
"Thu Sep 21 2023 09:15:00 GMT+0530 (India Standard Time)","653.90","687.45","651.25","661.95","619.79","56.00","61.76","60.14","675.95","146001.00","686.23"
"Thu Sep 21 2023 13:15:00 GMT+0530 (India Standard Time)","661.95","680.00","651.90","680.00","623.33","59.72","63.05","62.14","678.56","116484.00","683.45"
"Fri Sep 22 2023 09:15:00 GMT+0530 (India Standard Time)","679.65","679.70","656.40","667.30","626.77","56.21","61.56","59.96","680.30","65753.00","681.60"
"Fri Sep 22 2023 13:15:00 GMT+0530 (India Standard Time)","667.30","676.90","663.00","670.90","630.01","56.96","61.82","60.37","681.97","27117.00","679.21"
"Mon Sep 25 2023 09:15:00 GMT+0530 (India Standard Time)","675.65","685.60","663.00","682.00","633.36","59.23","62.62","61.60","683.69","68609.00","679.02"
"Mon Sep 25 2023 13:15:00 GMT+0530 (India Standard Time)","682.00","684.20","669.20","674.35","636.56","57.05","61.72","60.27","685.45","63550.00","677.71"
"Tue Sep 26 2023 09:15:00 GMT+0530 (India Standard Time)","673.75","678.25","669.95","674.05","639.58","56.97","61.68","60.22","684.86","54542.00","676.42"
"Tue Sep 26 2023 13:15:00 GMT+0530 (India Standard Time)","674.05","683.00","673.90","678.00","642.14","57.85","61.97","60.68","683.30","66254.00","675.01"
"Wed Sep 27 2023 09:15:00 GMT+0530 (India Standard Time)","678.00","728.00","678.00","699.90","645.05","62.34","63.55","63.13","682.12","390361.00","674.74"
"Wed Sep 27 2023 13:15:00 GMT+0530 (India Standard Time)","699.90","702.00","695.00","699.00","647.98","62.06","63.44","62.96","681.80","80855.00","675.37"
"Thu Sep 28 2023 09:15:00 GMT+0530 (India Standard Time)","702.75","740.90","691.60","724.75","651.16","66.64","65.19","65.62","681.77","615411.00","677.54"
"Thu Sep 28 2023 13:15:00 GMT+0530 (India Standard Time)","724.65","724.65","702.00","705.00","654.11","60.73","62.84","62.11","682.64","208303.00","679.42"
"Fri Sep 29 2023 09:15:00 GMT+0530 (India Standard Time)","712.00","741.70","710.00","720.90","657.37","63.47","63.91","63.72","683.46","403401.00","681.85"
"Fri Sep 29 2023 13:15:00 GMT+0530 (India Standard Time)","720.90","724.10","716.10","723.60","660.56","63.92","64.08","63.98","684.22","77162.00","683.52"
"Tue Oct 03 2023 09:15:00 GMT+0530 (India Standard Time)","722.20","722.20","684.00","686.00","663.01","54.18","59.89","57.88","683.83","263062.00","684.14"
"Tue Oct 03 2023 13:15:00 GMT+0530 (India Standard Time)","686.00","689.00","684.05","687.00","665.28","54.38","59.96","57.99","683.11","97719.00","684.43"
"Wed Oct 04 2023 09:15:00 GMT+0530 (India Standard Time)","687.00","693.65","656.00","656.90","667.15","47.96","56.87","53.67","682.49","226218.00","683.87"
"Wed Oct 04 2023 13:15:00 GMT+0530 (India Standard Time)","656.90","671.90","646.85","665.80","668.97","49.80","57.53","54.69","681.98","282752.00","683.35"
"Thu Oct 05 2023 09:15:00 GMT+0530 (India Standard Time)","678.00","684.95","658.00","667.40","671.06","50.13","57.65","54.88","682.06","163461.00","683.42"
"Thu Oct 05 2023 13:15:00 GMT+0530 (India Standard Time)","667.40","674.40","665.00","667.00","673.28","50.04","57.61","54.82","681.95","87454.00","683.99"
"Fri Oct 06 2023 09:15:00 GMT+0530 (India Standard Time)","671.50","674.00","664.40","666.95","675.38","50.03","57.60","54.81","681.28","93041.00","684.45"
"Fri Oct 06 2023 13:15:00 GMT+0530 (India Standard Time)","666.95","669.75","660.00","668.00","677.63","50.28","57.68","54.94","680.72","63867.00","684.49"
"Mon Oct 09 2023 09:15:00 GMT+0530 (India Standard Time)","668.90","679.90","654.50","668.40","679.32","50.38","57.71","55.00","680.22","487302.00","684.24"
"Mon Oct 09 2023 13:15:00 GMT+0530 (India Standard Time)","668.40","671.75","665.20","665.45","680.70","49.61","57.39","54.53","679.84","116556.00","684.21"
"Tue Oct 10 2023 09:15:00 GMT+0530 (India Standard Time)","668.00","676.10","665.60","669.55","681.71","50.71","57.72","55.07","679.69","127281.00","684.19"
"Tue Oct 10 2023 13:15:00 GMT+0530 (India Standard Time)","669.55","669.90","662.20","667.00","682.57","50.00","57.44","54.65","679.66","84024.00","683.64"
"Wed Oct 11 2023 09:15:00 GMT+0530 (India Standard Time)","670.00","703.65","669.95","673.00","683.58","51.67","57.94","55.48","680.58","219382.00","683.85"
"Wed Oct 11 2023 13:15:00 GMT+0530 (India Standard Time)","673.00","674.50","669.00","674.50","684.51","52.09","58.06","55.69","681.10","101722.00","683.80"
"Thu Oct 12 2023 09:15:00 GMT+0530 (India Standard Time)","677.90","681.65","667.30","668.00","684.03","50.11","57.31","54.55","681.30","93464.00","683.47"
"Thu Oct 12 2023 13:15:00 GMT+0530 (India Standard Time)","668.90","702.00","665.30","692.00","683.37","56.52","59.29","57.81","681.86","252418.00","682.82"
"Fri Oct 13 2023 09:15:00 GMT+0530 (India Standard Time)","691.00","713.50","685.00","693.00","682.67","56.77","59.37","57.94","682.91","226086.00","682.70"
"Fri Oct 13 2023 13:15:00 GMT+0530 (India Standard Time)","693.00","693.30","682.30","683.15","682.25","53.66","58.22","56.20","683.48","74935.00","681.03"
"Mon Oct 16 2023 09:15:00 GMT+0530 (India Standard Time)","696.65","696.65","685.00","689.80","681.64","55.39","58.77","57.09","683.97","184818.00","680.13"
"Mon Oct 16 2023 13:15:00 GMT+0530 (India Standard Time)","689.80","691.50","686.20","688.95","681.77","55.12","58.67","56.94","684.43","86264.00","678.49"
"Tue Oct 17 2023 09:15:00 GMT+0530 (India Standard Time)","704.00","747.70","701.70","708.55","682.05","59.95","60.25","59.52","686.05","1299457.00","678.24"
"Tue Oct 17 2023 13:15:00 GMT+0530 (India Standard Time)","708.55","711.00","706.05","709.90","682.21","60.26","60.36","59.69","687.14","202884.00","678.94"
"Wed Oct 18 2023 09:15:00 GMT+0530 (India Standard Time)","719.40","725.00","705.60","715.90","682.36","61.64","60.84","60.46","687.63","420320.00","680.31"
"Wed Oct 18 2023 13:15:00 GMT+0530 (India Standard Time)","715.90","717.50","705.75","715.00","682.49","61.31","60.72","60.28","688.13","172134.00","682.57"
"Thu Oct 19 2023 09:15:00 GMT+0530 (India Standard Time)","712.60","712.60","690.20","698.30","682.78","55.42","58.70","57.10","687.46","220011.00","684.35"
"Thu Oct 19 2023 13:15:00 GMT+0530 (India Standard Time)","698.30","709.40","696.30","701.00","683.32","56.13","58.92","57.47","687.16","95956.00","685.89"
"Fri Oct 20 2023 09:15:00 GMT+0530 (India Standard Time)","707.85","727.00","697.60","701.00","684.05","56.13","58.92","57.47","686.60","277379.00","687.72"
"Fri Oct 20 2023 13:15:00 GMT+0530 (India Standard Time)","701.00","701.20","694.00","696.80","684.55","54.63","58.41","56.66","685.75","85072.00","689.10"
"Mon Oct 23 2023 09:15:00 GMT+0530 (India Standard Time)","702.00","710.00","660.85","662.25","684.29","44.37","54.43","50.63","685.05","243995.00","689.46"
"Mon Oct 23 2023 13:15:00 GMT+0530 (India Standard Time)","662.00","670.00","659.00","664.35","683.95","45.03","54.62","50.95","684.25","98476.00","689.30"
"Wed Oct 25 2023 09:15:00 GMT+0530 (India Standard Time)","667.00","674.90","616.05","619.85","682.99","35.64","50.08","44.53","683.11","232878.00","687.66"
"Wed Oct 25 2023 13:15:00 GMT+0530 (India Standard Time)","619.90","639.75","618.55","635.00","682.08","40.10","51.48","46.87","682.03","153416.00","685.85"
"Thu Oct 26 2023 09:15:00 GMT+0530 (India Standard Time)","631.05","631.05","605.20","629.30","681.08","39.03","50.93","46.12","680.30","172981.00","683.81"
"Thu Oct 26 2023 13:15:00 GMT+0530 (India Standard Time)","629.30","648.90","623.85","646.50","680.55","43.78","52.48","48.68","679.26","118187.00","681.98"
"Fri Oct 27 2023 09:15:00 GMT+0530 (India Standard Time)","649.95","659.05","645.75","649.75","680.44","44.64","52.77","49.15","678.66","144476.00","680.93"
"Fri Oct 27 2023 13:15:00 GMT+0530 (India Standard Time)","649.50","653.95","647.00","649.00","680.27","44.48","52.69","49.05","678.09","64217.00","679.90"
"Mon Oct 30 2023 09:15:00 GMT+0530 (India Standard Time)","660.00","661.00","638.00","641.10","679.86","42.74","51.90","47.92","677.34","79175.00","677.88"
"Mon Oct 30 2023 13:15:00 GMT+0530 (India Standard Time)","641.10","644.95","633.30","641.75","679.21","42.93","51.96","48.02","676.36","72905.00","675.23"
"Tue Oct 31 2023 09:15:00 GMT+0530 (India Standard Time)","644.10","653.50","640.50","641.60","678.75","42.90","51.95","48.00","675.46","72697.00","673.27"
"Tue Oct 31 2023 13:15:00 GMT+0530 (India Standard Time)","641.60","644.70","635.60","639.20","678.13","42.32","51.70","47.64","674.52","34238.00","670.85"
"Wed Nov 01 2023 09:15:00 GMT+0530 (India Standard Time)","642.80","647.40","633.20","634.30","677.31","41.13","51.19","46.90","672.95","67356.00","668.40"
"Wed Nov 01 2023 13:15:00 GMT+0530 (India Standard Time)","634.30","638.25","630.00","635.00","676.50","41.37","51.26","47.02","671.58","32780.00","664.49"
"Thu Nov 02 2023 09:15:00 GMT+0530 (India Standard Time)","640.10","642.80","632.95","634.80","675.74","41.32","51.24","46.99","670.31","54578.00","661.02"
"Thu Nov 02 2023 13:15:00 GMT+0530 (India Standard Time)","634.80","643.90","631.45","642.10","674.97","44.02","51.98","48.29","668.63","56970.00","657.41"
"Fri Nov 03 2023 09:15:00 GMT+0530 (India Standard Time)","646.80","646.90","635.65","638.60","673.74","43.03","51.60","47.71","666.60","67290.00","653.92"
"Fri Nov 03 2023 13:15:00 GMT+0530 (India Standard Time)","638.60","641.00","635.05","637.15","672.52","42.61","51.44","47.47","664.87","31172.00","650.96"
"Mon Nov 06 2023 09:15:00 GMT+0530 (India Standard Time)","640.00","645.00","635.35","637.55","670.89","42.77","51.48","47.54","663.04","78342.00","647.95"
"Mon Nov 06 2023 13:15:00 GMT+0530 (India Standard Time)","637.55","640.70","635.35","637.00","669.45","42.60","51.42","47.45","661.21","50192.00","644.66"
"Tue Nov 07 2023 09:15:00 GMT+0530 (India Standard Time)","639.00","642.85","635.30","637.00","667.75","42.60","51.42","47.45","658.32","51842.00","641.84"
"Tue Nov 07 2023 13:15:00 GMT+0530 (India Standard Time)","637.00","637.75","633.05","634.50","666.01","41.75","51.13","46.99","655.68","32017.00","639.99"
"Wed Nov 08 2023 09:15:00 GMT+0530 (India Standard Time)","639.00","646.15","634.25","634.70","664.87","41.84","51.15","47.03","652.92","56481.00","638.71"
"Wed Nov 08 2023 13:15:00 GMT+0530 (India Standard Time)","635.00","635.00","631.05","633.00","663.79","41.23","50.95","46.71","650.08","39425.00","638.72"
"Thu Nov 09 2023 09:15:00 GMT+0530 (India Standard Time)","633.95","642.30","630.05","633.00","663.17","41.23","50.95","46.71","647.75","70807.00","638.84"
"Thu Nov 09 2023 13:15:00 GMT+0530 (India Standard Time)","633.00","643.15","629.00","643.00","662.71","46.34","52.11","48.90","645.47","109666.00","639.60"
"Fri Nov 10 2023 09:15:00 GMT+0530 (India Standard Time)","640.00","640.85","632.00","635.55","662.04","43.39","51.19","47.40","642.88","49867.00","639.34"
"Fri Nov 10 2023 13:15:00 GMT+0530 (India Standard Time)","635.55","636.80","632.05","633.70","661.35","42.68","50.96","47.04","640.63","23942.00","638.53"
"Sun Nov 12 2023 17:15:00 GMT+0530 (India Standard Time)","635.00","648.45","635.00","646.90","660.88","48.93","52.50","49.88","639.40","45058.00","638.27"
"Mon Nov 13 2023 09:15:00 GMT+0530 (India Standard Time)","644.95","644.95","635.00","637.05","660.32","45.08","51.28","47.91","638.49","38264.00","637.95"
"Mon Nov 13 2023 13:15:00 GMT+0530 (India Standard Time)","637.05","639.70","635.60","636.50","659.70","44.87","51.21","47.80","638.51","22079.00","637.79"
"Wed Nov 15 2023 09:15:00 GMT+0530 (India Standard Time)","679.95","679.95","647.30","661.65","659.62","54.83","54.04","52.83","639.64","310632.00","638.66"
"Wed Nov 15 2023 13:15:00 GMT+0530 (India Standard Time)","661.65","675.20","660.90","670.00","659.59","57.50","54.92","54.34","641.32","92142.00","640.06"
"Thu Nov 16 2023 09:15:00 GMT+0530 (India Standard Time)","667.40","674.00","661.10","666.75","659.61","56.14","54.50","53.65","642.30","114882.00","641.48"
"Thu Nov 16 2023 13:15:00 GMT+0530 (India Standard Time)","666.75","676.85","666.00","672.00","659.44","57.83","55.06","54.60","643.02","58490.00","643.25"
"Fri Nov 17 2023 09:15:00 GMT+0530 (India Standard Time)","661.00","692.00","661.00","677.95","659.52","59.68","55.69","55.66","643.98","144635.00","645.19"
"Fri Nov 17 2023 13:15:00 GMT+0530 (India Standard Time)","677.95","678.45","665.00","669.00","659.51","55.82","54.52","53.72","644.84","58931.00","646.64"
"Mon Nov 20 2023 09:15:00 GMT+0530 (India Standard Time)","673.00","680.00","666.75","667.15","659.15","55.04","54.28","53.33","645.96","76548.00","648.09"
"Mon Nov 20 2023 13:15:00 GMT+0530 (India Standard Time)","667.15","670.90","665.10","668.05","658.59","55.36","54.38","53.50","646.78","31503.00","649.54"
"Tue Nov 21 2023 09:15:00 GMT+0530 (India Standard Time)","668.50","672.25","660.00","660.80","658.15","52.25","53.43","51.92","647.65","36180.00","650.71"
"Tue Nov 21 2023 13:15:00 GMT+0530 (India Standard Time)","660.80","664.00","657.55","664.00","657.59","53.46","53.80","52.56","648.49","20149.00","651.89"
"Wed Nov 22 2023 09:15:00 GMT+0530 (India Standard Time)","661.95","661.95","642.05","644.85","656.78","46.11","51.36","48.60","649.04","61770.00","652.39"
"Wed Nov 22 2023 13:15:00 GMT+0530 (India Standard Time)","644.85","647.20","642.85","646.00","655.36","46.58","51.49","48.84","649.34","19829.00","652.89"
"Thu Nov 23 2023 09:15:00 GMT+0530 (India Standard Time)","645.30","653.95","639.50","650.15","654.15","48.26","51.98","49.70","649.65","77362.00","653.41"
"Thu Nov 23 2023 13:15:00 GMT+0530 (India Standard Time)","650.15","652.35","645.00","650.00","652.82","48.20","51.96","49.67","649.96","107225.00","654.19"
"Fri Nov 24 2023 09:15:00 GMT+0530 (India Standard Time)","652.30","666.00","640.05","644.65","651.53","46.14","51.27","48.55","650.41","175407.00","654.87"
"Fri Nov 24 2023 13:15:00 GMT+0530 (India Standard Time)","644.65","655.00","641.55","647.00","650.49","47.18","51.56","49.07","650.71","32513.00","655.26"
"Tue Nov 28 2023 09:15:00 GMT+0530 (India Standard Time)","650.80","654.85","644.30","646.00","649.41","46.78","51.43","48.86","651.10","44012.00","655.82"
"Tue Nov 28 2023 13:15:00 GMT+0530 (India Standard Time)","646.00","646.00","634.50","641.80","648.09","45.07","50.87","47.95","651.18","50745.00","656.15"
"Wed Nov 29 2023 09:15:00 GMT+0530 (India Standard Time)","649.00","649.00","635.65","637.35","646.95","43.31","50.29","47.00","651.38","75700.00","655.94"
"Wed Nov 29 2023 13:15:00 GMT+0530 (India Standard Time)","637.35","638.40","634.70","636.80","646.20","43.10","50.22","46.88","651.32","25810.00","655.85"
"Thu Nov 30 2023 09:15:00 GMT+0530 (India Standard Time)","640.65","663.00","633.05","648.45","645.88","48.83","51.72","49.64","651.86","121902.00","656.38"
"Thu Nov 30 2023 13:15:00 GMT+0530 (India Standard Time)","648.45","654.85","644.60","648.30","646.21","48.76","51.70","49.61","652.36","36841.00","655.73"
"Fri Dec 01 2023 09:15:00 GMT+0530 (India Standard Time)","661.00","661.00","649.10","652.40","646.64","50.68","52.23","50.56","652.93","41042.00","655.00"
"Fri Dec 01 2023 13:15:00 GMT+0530 (India Standard Time)","652.40","655.00","648.30","651.00","647.19","50.01","52.03","50.23","653.47","25133.00","654.25"
"Mon Dec 04 2023 09:15:00 GMT+0530 (India Standard Time)","659.65","665.00","647.05","660.80","647.53","54.46","53.28","52.49","654.31","112186.00","653.62"
"Mon Dec 04 2023 13:15:00 GMT+0530 (India Standard Time)","660.20","684.30","656.90","658.00","647.79","53.04","52.88","51.80","655.13","173496.00","653.00"
"Tue Dec 05 2023 09:15:00 GMT+0530 (India Standard Time)","659.95","662.05","647.00","654.60","647.89","51.34","52.39","50.96","655.69","147176.00","652.25"
"Tue Dec 05 2023 13:15:00 GMT+0530 (India Standard Time)","654.60","661.05","652.35","659.90","648.15","53.77","53.08","52.20","656.42","61645.00","651.68"
"Wed Dec 06 2023 09:15:00 GMT+0530 (India Standard Time)","662.50","662.50","647.20","650.00","648.39","48.98","51.66","49.78","656.07","124302.00","650.94"
"Wed Dec 06 2023 13:15:00 GMT+0530 (India Standard Time)","650.00","651.95","641.05","645.00","648.42","46.77","50.96","48.61","655.26","147981.00","650.09"
"Thu Dec 07 2023 09:15:00 GMT+0530 (India Standard Time)","646.90","653.50","639.65","640.65","648.50","44.91","50.35","47.60","654.45","83218.00","649.20"
"Thu Dec 07 2023 13:15:00 GMT+0530 (India Standard Time)","640.65","642.00","639.15","641.05","648.57","45.12","50.40","47.71","653.35","40161.00","648.84"
"Fri Dec 08 2023 09:15:00 GMT+0530 (India Standard Time)","644.00","653.10","638.00","639.90","648.73","44.61","50.24","47.43","652.16","66944.00","648.70"
"Fri Dec 08 2023 13:15:00 GMT+0530 (India Standard Time)","639.90","641.70","639.00","639.95","648.81","44.64","50.25","47.45","651.06","30651.00","648.31"
"Mon Dec 11 2023 09:15:00 GMT+0530 (India Standard Time)","643.65","643.65","615.20","618.20","648.49","36.09","47.24","42.57","649.44","215394.00","647.09"
"Mon Dec 11 2023 13:15:00 GMT+0530 (India Standard Time)","618.20","620.50","613.50","620.00","648.06","37.14","47.50","43.07","647.65","381898.00","645.65"
"Tue Dec 12 2023 09:15:00 GMT+0530 (India Standard Time)","622.65","627.50","618.15","619.40","647.73","36.93","47.42","42.94","646.13","144252.00","644.39"
"Tue Dec 12 2023 13:15:00 GMT+0530 (India Standard Time)","619.40","620.00","613.50","616.00","647.28","35.71","46.96","42.21","644.51","88043.00","642.89"
"Wed Dec 13 2023 09:15:00 GMT+0530 (India Standard Time)","615.00","622.70","612.30","615.85","646.86","35.66","46.94","42.18","643.34","119299.00","641.73"
"Wed Dec 13 2023 13:15:00 GMT+0530 (India Standard Time)","615.85","617.15","612.50","615.00","646.40","35.34","46.82","41.99","642.25","80263.00","640.54"
"Thu Dec 14 2023 09:15:00 GMT+0530 (India Standard Time)","619.00","657.25","612.65","649.00","646.54","52.99","51.76","51.00","641.96","759478.00","640.80"
"Thu Dec 14 2023 13:15:00 GMT+0530 (India Standard Time)","649.00","653.30","644.70","650.00","646.78","53.39","51.89","51.23","641.96","324017.00","640.86"
"Fri Dec 15 2023 09:15:00 GMT+0530 (India Standard Time)","653.00","682.00","644.00","659.55","647.35","56.99","53.15","53.37","642.38","640700.00","641.44"
"Fri Dec 15 2023 13:15:00 GMT+0530 (India Standard Time)","659.55","660.75","644.15","653.55","647.71","54.23","52.28","51.90","642.56","246183.00","641.41"
"Mon Dec 18 2023 09:15:00 GMT+0530 (India Standard Time)","653.75","677.50","653.05","662.50","648.20","57.46","53.44","53.85","643.13","323827.00","642.00"
"Mon Dec 18 2023 13:15:00 GMT+0530 (India Standard Time)","662.50","675.45","661.55","672.00","648.89","60.57","54.64","55.81","644.16","128015.00","642.57"
"Tue Dec 19 2023 09:15:00 GMT+0530 (India Standard Time)","674.00","677.00","660.70","662.90","649.52","56.42","53.30","53.57","645.09","117180.00","642.64"
"Tue Dec 19 2023 13:15:00 GMT+0530 (India Standard Time)","662.90","674.00","661.60","672.00","650.03","59.34","54.44","55.41","646.26","84706.00","643.37"
"Wed Dec 20 2023 09:15:00 GMT+0530 (India Standard Time)","669.95","678.65","664.50","664.50","650.63","56.09","53.35","53.61","647.01","129951.00","643.84"
"Wed Dec 20 2023 13:15:00 GMT+0530 (India Standard Time)","664.50","665.30","630.55","644.00","650.80","48.47","50.54","49.12","646.92","118406.00","643.53"
"Thu Dec 21 2023 09:15:00 GMT+0530 (India Standard Time)","631.00","657.90","624.40","652.45","650.49","51.33","51.61","50.86","646.59","134713.00","643.58"
"Thu Dec 21 2023 13:15:00 GMT+0530 (India Standard Time)","652.45","659.05","649.10","658.00","650.23","53.13","52.30","51.98","646.73","35379.00","644.17"
"Fri Dec 22 2023 09:15:00 GMT+0530 (India Standard Time)","658.00","671.00","654.90","660.00","650.11","53.77","52.55","52.38","646.88","108306.00","645.15"
"Fri Dec 22 2023 13:15:00 GMT+0530 (India Standard Time)","660.00","670.95","657.15","668.00","650.00","56.30","53.53","53.95","646.84","52942.00","646.26"
"Tue Dec 26 2023 09:15:00 GMT+0530 (India Standard Time)","670.65","686.40","660.05","661.55","649.80","53.81","52.64","52.51","647.37","227748.00","647.56"
"Tue Dec 26 2023 13:15:00 GMT+0530 (India Standard Time)","661.55","673.50","660.50","667.00","649.74","55.55","53.31","53.59","647.70","47977.00","649.62"
"Wed Dec 27 2023 09:15:00 GMT+0530 (India Standard Time)","672.85","672.85","651.90","653.35","649.49","50.53","51.44","50.63","647.92","91290.00","651.49"
"Wed Dec 27 2023 13:15:00 GMT+0530 (India Standard Time)","653.35","667.00","651.30","665.95","649.38","54.52","52.99","53.09","648.47","156789.00","653.46"
"Thu Dec 28 2023 09:15:00 GMT+0530 (India Standard Time)","668.95","679.05","656.55","671.50","649.50","56.15","53.65","54.13","649.34","147583.00","656.00"
"Thu Dec 28 2023 13:15:00 GMT+0530 (India Standard Time)","671.50","676.95","666.65","675.90","649.73","57.42","54.17","54.94","650.50","65100.00","658.72"
"Fri Dec 29 2023 09:15:00 GMT+0530 (India Standard Time)","674.95","695.80","655.95","680.05","650.32","58.61","54.66","55.70","651.70","554167.00","661.73"
"Fri Dec 29 2023 13:15:00 GMT+0530 (India Standard Time)","680.05","683.00","671.00","674.90","650.93","56.55","53.93","54.52","652.99","77298.00","663.34"
"Mon Jan 01 2024 09:15:00 GMT+0530 (India Standard Time)","685.00","688.00","672.75","675.20","651.52","56.65","53.97","54.58","654.88","77693.00","664.69"
"Mon Jan 01 2024 13:15:00 GMT+0530 (India Standard Time)","675.20","677.50","673.55","674.00","652.03","56.14","53.80","54.30","656.92","27775.00","665.33"
"Tue Jan 02 2024 09:15:00 GMT+0530 (India Standard Time)","680.80","680.80","656.20","669.90","652.43","54.40","53.20","53.33","658.61","140811.00","666.11"
"Tue Jan 02 2024 13:15:00 GMT+0530 (India Standard Time)","669.90","674.40","666.00","669.15","652.87","54.08","53.10","53.15","660.51","56013.00","666.38"
"Wed Jan 03 2024 09:15:00 GMT+0530 (India Standard Time)","672.30","672.30","658.20","666.60","653.24","52.96","52.72","52.54","662.25","82703.00","666.18"
"Wed Jan 03 2024 13:15:00 GMT+0530 (India Standard Time)","666.60","669.40","665.00","666.05","653.75","52.71","52.64","52.40","664.11","30004.00","666.21"
"Thu Jan 04 2024 09:15:00 GMT+0530 (India Standard Time)","669.95","678.45","664.05","669.20","654.36","54.00","53.06","53.11","665.21","64000.00","666.23"
"Thu Jan 04 2024 13:15:00 GMT+0530 (India Standard Time)","669.20","670.05","666.00","666.10","654.96","52.52","52.59","52.32","665.86","24769.00","666.18"
"Fri Jan 05 2024 09:15:00 GMT+0530 (India Standard Time)","673.00","680.25","662.10","663.90","655.35","51.47","52.26","51.77","666.11","177679.00","667.21"
"Fri Jan 05 2024 13:15:00 GMT+0530 (India Standard Time)","663.90","669.95","661.00","665.00","655.67","51.97","52.41","52.03","666.55","47022.00","668.09"
"Mon Jan 08 2024 09:15:00 GMT+0530 (India Standard Time)","669.00","669.00","653.00","658.50","655.80","48.82","51.41","50.36","666.40","62501.00","668.26"
"Mon Jan 08 2024 13:15:00 GMT+0530 (India Standard Time)","658.50","660.00","656.00","658.30","655.93","48.72","51.38","50.30","665.99","20934.00","668.10"
"Tue Jan 09 2024 09:15:00 GMT+0530 (India Standard Time)","660.00","664.00","653.25","654.15","655.89","46.73","50.74","49.24","665.64","47320.00","667.64"
"Tue Jan 09 2024 13:15:00 GMT+0530 (India Standard Time)","654.15","655.00","645.00","647.30","655.58","43.64","49.70","47.52","664.92","51162.00","666.75"
"Wed Jan 10 2024 09:15:00 GMT+0530 (India Standard Time)","648.95","649.95","641.55","644.85","655.39","42.58","49.33","46.92","664.07","55692.00","665.72"
"Wed Jan 10 2024 13:15:00 GMT+0530 (India Standard Time)","644.85","667.00","635.55","659.30","655.33","50.08","51.49","50.70","664.34","164557.00","665.60"
"Thu Jan 11 2024 09:15:00 GMT+0530 (India Standard Time)","663.95","664.30","648.65","653.55","655.38","47.49","50.62","49.27","664.71","156835.00","665.24"
"Thu Jan 11 2024 13:15:00 GMT+0530 (India Standard Time)","654.15","656.95","648.00","649.05","655.48","45.55","49.94","48.17","664.57","102028.00","664.34"
"Fri Jan 12 2024 09:15:00 GMT+0530 (India Standard Time)","651.95","672.00","651.00","667.40","655.90","53.64","52.57","52.60","664.62","209203.00","663.89"
"Fri Jan 12 2024 13:15:00 GMT+0530 (India Standard Time)","667.00","674.25","666.75","671.80","656.51","55.32","53.17","53.58","664.82","100027.00","663.57"
"Mon Jan 15 2024 09:15:00 GMT+0530 (India Standard Time)","677.00","719.60","676.00","698.55","657.62","63.68","56.57","58.89","665.85","891286.00","664.62"
"Mon Jan 15 2024 13:15:00 GMT+0530 (India Standard Time)","698.55","700.95","694.50","696.60","658.76","62.78","56.27","58.39","666.93","218683.00","665.55"
"Tue Jan 16 2024 09:15:00 GMT+0530 (India Standard Time)","702.65","717.00","695.00","697.25","660.31","62.96","56.35","58.51","668.49","315812.00","666.83"
"Tue Jan 16 2024 13:15:00 GMT+0530 (India Standard Time)","697.25","700.30","681.60","684.95","661.70","57.36","54.44","55.38","669.48","104019.00","667.72"
"Wed Jan 17 2024 09:15:00 GMT+0530 (India Standard Time)","677.70","692.00","670.40","686.95","662.96","58.00","54.70","55.77","669.98","146089.00","668.40"
"Wed Jan 17 2024 13:15:00 GMT+0530 (India Standard Time)","686.95","689.45","673.75","675.00","664.20","53.02","52.90","52.89","670.20","64591.00","668.99"
"Thu Jan 18 2024 09:15:00 GMT+0530 (India Standard Time)","675.00","682.80","656.25","667.25","665.23","50.09","51.78","51.12","669.90","129920.00","669.08"
"Thu Jan 18 2024 13:15:00 GMT+0530 (India Standard Time)","667.25","668.00","660.25","664.50","666.22","49.08","51.39","50.51","669.47","40711.00","668.80"
"Fri Jan 19 2024 09:15:00 GMT+0530 (India Standard Time)","668.65","675.75","653.55","661.50","666.64","47.97","50.96","49.84","668.93","110704.00","668.61"
"Fri Jan 19 2024 13:15:00 GMT+0530 (India Standard Time)","661.50","672.95","660.90","668.00","667.00","50.51","51.85","51.28","668.65","153447.00","668.60"
"Sat Jan 20 2024 09:15:00 GMT+0530 (India Standard Time)","665.30","672.10","657.95","660.30","667.03","47.62","50.74","49.54","668.46","69995.00","668.48"
"Sat Jan 20 2024 13:15:00 GMT+0530 (India Standard Time)","660.30","664.30","658.00","664.00","667.22","49.09","51.25","50.37","668.18","26931.00","668.61"
"Tue Jan 23 2024 09:15:00 GMT+0530 (India Standard Time)","666.65","672.75","646.55","650.50","667.05","44.32","49.35","47.44","667.86","95044.00","668.47"
"Tue Jan 23 2024 13:15:00 GMT+0530 (India Standard Time)","650.50","655.00","637.45","652.00","666.62","44.94","49.56","47.78","667.19","55902.00","668.12"
"Wed Jan 24 2024 09:15:00 GMT+0530 (India Standard Time)","676.00","687.40","648.45","649.40","666.48","44.04","49.20","47.23","666.87","483556.00","668.60"
"Wed Jan 24 2024 13:15:00 GMT+0530 (India Standard Time)","649.50","661.50","644.30","660.00","666.21","48.46","50.70","49.69","666.44","144109.00","669.13"
"Thu Jan 25 2024 09:15:00 GMT+0530 (India Standard Time)","664.90","700.00","664.05","686.15","666.53","57.20","54.09","55.01","666.96","684811.00","670.50"
"Thu Jan 25 2024 13:15:00 GMT+0530 (India Standard Time)","686.15","687.80","677.00","679.00","667.23","54.54","53.08","53.42","667.53","95110.00","671.72"
"Mon Jan 29 2024 09:15:00 GMT+0530 (India Standard Time)","698.85","698.85","664.00","664.80","667.75","49.73","51.13","50.44","668.10","228663.00","672.79"
"Mon Jan 29 2024 13:15:00 GMT+0530 (India Standard Time)","664.65","668.85","660.00","664.90","667.93","49.76","51.14","50.46","668.33","83436.00","672.80"
"Tue Jan 30 2024 09:15:00 GMT+0530 (India Standard Time)","670.45","674.15","661.50","663.45","668.01","49.27","50.95","50.16","668.66","84047.00","672.54"
"Tue Jan 30 2024 13:15:00 GMT+0530 (India Standard Time)","663.45","667.85","657.70","666.00","667.98","50.18","51.28","50.70","669.18","63031.00","670.93"
"Wed Jan 31 2024 09:15:00 GMT+0530 (India Standard Time)","669.30","680.00","663.20","674.65","668.09","53.15","52.41","52.47","670.15","224174.00","669.78"
"Wed Jan 31 2024 13:15:00 GMT+0530 (India Standard Time)","674.65","687.35","674.65","685.05","668.41","56.44","53.73","54.50","671.17","90067.00","668.90"
"Thu Feb 01 2024 09:15:00 GMT+0530 (India Standard Time)","689.80","694.95","675.25","683.05","668.94","55.65","53.44","54.04","672.20","135395.00","668.71"
"Thu Feb 01 2024 13:15:00 GMT+0530 (India Standard Time)","683.05","683.95","681.00","682.45","669.33","55.40","53.35","53.90","673.31","46108.00","668.64"
"Fri Feb 02 2024 09:15:00 GMT+0530 (India Standard Time)","682.00","688.85","667.70","679.70","669.52","54.26","52.94","53.26","673.86","240891.00","668.67"
"Fri Feb 02 2024 13:15:00 GMT+0530 (India Standard Time)","679.70","689.00","671.05","677.00","669.61","53.13","52.55","52.62","674.15","189619.00","669.15"
"Mon Feb 05 2024 09:15:00 GMT+0530 (India Standard Time)","682.90","685.20","666.15","675.95","669.57","52.68","52.39","52.37","673.35","127015.00","669.70"
"Mon Feb 05 2024 13:15:00 GMT+0530 (India Standard Time)","675.95","728.00","675.95","694.50","670.02","59.08","54.81","56.16","673.43","719757.00","671.37"
"Tue Feb 06 2024 09:15:00 GMT+0530 (India Standard Time)","707.00","723.60","694.90","698.70","670.54","60.36","55.33","56.96","673.52","387627.00","673.11"
"Tue Feb 06 2024 13:15:00 GMT+0530 (India Standard Time)","698.70","713.85","698.00","710.00","671.20","63.57","56.70","59.02","674.18","80709.00","675.27"
"Wed Feb 07 2024 09:15:00 GMT+0530 (India Standard Time)","713.90","777.00","699.85","762.00","672.82","73.81","62.15","66.61","676.43","1073444.00","679.44"
"Wed Feb 07 2024 13:15:00 GMT+0530 (India Standard Time)","762.00","772.00","737.40","754.80","674.53","70.91","61.06","64.89","679.12","383639.00","684.19"
"Thu Feb 08 2024 09:15:00 GMT+0530 (India Standard Time)","758.00","782.50","750.00","754.50","676.41","70.79","61.02","64.82","682.47","546414.00","689.49"
"Thu Feb 08 2024 13:15:00 GMT+0530 (India Standard Time)","754.50","760.50","749.20","754.50","678.18","70.79","61.02","64.82","685.70","139686.00","694.06"
"Fri Feb 09 2024 09:15:00 GMT+0530 (India Standard Time)","754.40","799.00","735.30","780.35","680.25","74.88","63.43","68.03","689.55","698564.00","699.64"
"Fri Feb 09 2024 13:15:00 GMT+0530 (India Standard Time)","780.35","790.00","771.00","780.60","682.52","74.91","63.45","68.06","693.60","154376.00","704.24"
"Mon Feb 12 2024 09:15:00 GMT+0530 (India Standard Time)","789.00","804.40","764.30","777.50","684.78","73.55","62.97","67.28","697.83","546491.00","709.01"
"Mon Feb 12 2024 13:15:00 GMT+0530 (India Standard Time)","777.50","789.00","750.00","763.00","686.80","67.53","60.76","63.78","701.59","180605.00","713.45"
"Tue Feb 13 2024 09:15:00 GMT+0530 (India Standard Time)","757.00","798.00","721.00","764.60","688.85","67.84","60.91","63.99","705.33","472583.00","718.08"
"Tue Feb 13 2024 13:15:00 GMT+0530 (India Standard Time)","764.60","785.10","762.05","780.00","691.22","70.63","62.36","65.97","709.88","161239.00","723.38"
"Wed Feb 14 2024 09:15:00 GMT+0530 (India Standard Time)","770.00","793.60","762.05","787.60","693.75","71.89","63.05","66.89","714.15","135368.00","729.01"
"Wed Feb 14 2024 13:15:00 GMT+0530 (India Standard Time)","787.60","808.65","783.10","801.00","696.75","73.96","64.22","68.45","719.23","255420.00","734.98"
"Thu Feb 15 2024 09:15:00 GMT+0530 (India Standard Time)","802.95","833.25","785.25","791.25","699.84","70.02","62.75","66.12","723.51","351707.00","740.56"
"Thu Feb 15 2024 13:15:00 GMT+0530 (India Standard Time)","791.25","792.00","772.50","777.60","702.34","64.93","60.76","63.05","727.06","100836.00","745.12"
"Fri Feb 16 2024 09:15:00 GMT+0530 (India Standard Time)","782.55","807.10","782.55","788.05","705.07","66.86","61.70","64.35","731.23","142733.00","750.31"
"Fri Feb 16 2024 13:15:00 GMT+0530 (India Standard Time)","788.05","789.85","782.00","787.90","707.79","66.81","61.68","64.32","735.58","53321.00","755.45"
"Mon Feb 19 2024 09:15:00 GMT+0530 (India Standard Time)","792.20","822.75","789.00","794.45","710.50","68.03","62.27","65.14","740.43","170703.00","761.25"
"Mon Feb 19 2024 13:15:00 GMT+0530 (India Standard Time)","794.35","800.05","789.10","797.65","713.00","68.62","62.56","65.53","745.14","73682.00","766.97"
"Tue Feb 20 2024 09:15:00 GMT+0530 (India Standard Time)","800.60","815.30","788.00","790.00","714.95","65.57","61.42","63.75","749.61","165828.00","771.62"
"Tue Feb 20 2024 13:15:00 GMT+0530 (India Standard Time)","790.90","792.45","781.00","787.00","716.75","64.40","60.98","63.06","753.34","60480.00","775.57"
"Wed Feb 21 2024 09:15:00 GMT+0530 (India Standard Time)","788.95","796.55","771.00","772.65","718.28","59.08","58.91","59.86","756.75","94272.00","778.91"
"Wed Feb 21 2024 13:15:00 GMT+0530 (India Standard Time)","772.65","776.45","756.60","770.00","719.89","58.14","58.53","59.29","759.80","101150.00","779.77"
"Thu Feb 22 2024 09:15:00 GMT+0530 (India Standard Time)","775.00","795.00","774.00","786.75","721.92","62.11","60.16","61.67","763.60","153251.00","781.24"
"Thu Feb 22 2024 13:15:00 GMT+0530 (India Standard Time)","786.75","804.80","785.95","794.50","724.25","63.78","60.88","62.70","767.74","93805.00","782.89"
"Fri Feb 23 2024 09:15:00 GMT+0530 (India Standard Time)","801.00","840.00","797.60","836.30","727.43","71.00","64.43","67.57","773.06","439106.00","786.36"
"Fri Feb 23 2024 13:15:00 GMT+0530 (India Standard Time)","836.30","845.00","821.05","838.00","730.86","71.25","64.56","67.74","777.89","272070.00","789.30"
"Mon Feb 26 2024 09:15:00 GMT+0530 (India Standard Time)","841.65","883.80","835.25","863.25","734.82","74.60","66.46","70.21","783.43","424572.00","793.15"
"Mon Feb 26 2024 13:15:00 GMT+0530 (India Standard Time)","863.25","869.00","851.05","854.90","738.62","71.70","65.28","68.43","788.82","100504.00","796.79"
"Tue Feb 27 2024 09:15:00 GMT+0530 (India Standard Time)","855.05","877.00","846.00","873.45","742.72","74.05","66.62","70.16","793.08","196817.00","801.61"
"Tue Feb 27 2024 13:15:00 GMT+0530 (India Standard Time)","873.45","874.50","865.85","867.55","746.85","72.05","65.80","68.93","797.17","81138.00","806.70"
"Wed Feb 28 2024 09:15:00 GMT+0530 (India Standard Time)","870.00","871.35","810.40","812.25","750.28","56.92","58.88","58.92","799.63","274686.00","809.07"
"Wed Feb 28 2024 13:15:00 GMT+0530 (India Standard Time)","812.25","843.20","811.55","837.00","753.94","60.79","60.76","61.49","802.34","147295.00","811.43"
"Thu Feb 29 2024 09:15:00 GMT+0530 (India Standard Time)","835.00","847.75","808.10","810.00","757.14","55.12","57.82","57.45","804.14","216505.00","812.40"
"Thu Feb 29 2024 13:15:00 GMT+0530 (India Standard Time)","810.00","821.90","794.00","814.95","760.24","55.91","58.20","57.97","805.21","748636.00","812.94"
"Fri Mar 01 2024 09:15:00 GMT+0530 (India Standard Time)","812.90","820.00","791.00","808.25","762.70","54.55","57.49","57.00","806.07","177093.00","814.22"
"Fri Mar 01 2024 13:15:00 GMT+0530 (India Standard Time)","808.25","814.90","800.80","806.90","765.23","54.27","57.35","56.81","807.51","70442.00","814.98"
"Sat Mar 02 2024 09:15:00 GMT+0530 (India Standard Time)","809.95","818.95","806.00","816.15","768.06","55.90","58.08","57.83","809.39","13271.00","816.28"
"Mon Mar 04 2024 09:15:00 GMT+0530 (India Standard Time)","818.95","818.95","795.00","796.35","770.80","51.75","55.99","54.95","810.38","77150.00","816.36"
"Mon Mar 04 2024 13:15:00 GMT+0530 (India Standard Time)","796.35","798.55","791.00","794.50","773.38","51.37","55.80","54.69","810.86","39211.00","816.29"
"Tue Mar 05 2024 09:15:00 GMT+0530 (India Standard Time)","794.05","798.85","774.00","793.10","775.88","51.08","55.66","54.49","810.54","116716.00","816.00"
"Tue Mar 05 2024 13:15:00 GMT+0530 (India Standard Time)","793.10","795.40","783.40","787.55","778.19","49.89","55.07","53.68","810.03","51771.00","816.07"
"Wed Mar 06 2024 09:15:00 GMT+0530 (India Standard Time)","791.60","791.60","746.55","753.95","779.76","43.47","51.74","49.14","809.43","195771.00","815.28"
"Wed Mar 06 2024 13:15:00 GMT+0530 (India Standard Time)","754.10","780.00","753.10","768.95","781.43","46.69","53.03","51.04","808.53","97989.00","815.25"
"Thu Mar 07 2024 09:15:00 GMT+0530 (India Standard Time)","777.90","778.95","766.20","767.60","783.19","46.44","52.90","50.87","807.97","48466.00","814.51"
"Thu Mar 07 2024 13:15:00 GMT+0530 (India Standard Time)","767.60","784.00","762.00","779.00","785.13","48.86","53.87","52.30","807.00","117414.00","813.61"
"Mon Mar 11 2024 09:15:00 GMT+0530 (India Standard Time)","778.30","778.30","751.25","752.65","786.73","44.02","51.38","48.91","805.76","70748.00","810.33"
"Mon Mar 11 2024 13:15:00 GMT+0530 (India Standard Time)","752.65","752.90","737.50","743.85","788.11","42.55","50.59","47.85","803.86","53663.00","806.00"
"Tue Mar 12 2024 09:15:00 GMT+0530 (India Standard Time)","742.50","745.45","715.90","721.95","788.67","39.12","48.68","45.33","801.76","192563.00","799.57"
"Tue Mar 12 2024 13:15:00 GMT+0530 (India Standard Time)","721.95","723.85","711.50","717.25","788.94","38.42","48.28","44.81","799.52","44568.00","792.90"
"Wed Mar 13 2024 09:15:00 GMT+0530 (India Standard Time)","715.30","716.95","666.55","680.85","788.50","33.55","45.36","41.05","796.68","153494.00","784.28"
"Wed Mar 13 2024 13:15:00 GMT+0530 (India Standard Time)","680.85","681.25","656.65","677.20","786.96","33.11","45.08","40.70","792.63","138678.00","774.95"
"Thu Mar 14 2024 09:15:00 GMT+0530 (India Standard Time)","662.00","707.40","662.00","695.90","785.67","37.53","46.78","43.26","788.82","133588.00","768.46"
"Thu Mar 14 2024 13:15:00 GMT+0530 (India Standard Time)","695.90","699.50","685.10","696.00","784.35","37.56","46.79","43.28","784.13","45648.00","761.89"
"Fri Mar 15 2024 09:15:00 GMT+0530 (India Standard Time)","693.00","706.40","681.15","694.80","783.14","37.38","46.70","43.15","779.11","74371.00","755.95"
"Fri Mar 15 2024 13:15:00 GMT+0530 (India Standard Time)","694.80","707.00","690.15","697.00","781.62","37.94","46.90","43.46","773.30","51419.00","750.54"
"Mon Mar 18 2024 09:15:00 GMT+0530 (India Standard Time)","695.00","700.00","681.20","681.90","779.73","35.66","45.68","41.84","767.21","53683.00","744.80"
"Mon Mar 18 2024 13:15:00 GMT+0530 (India Standard Time)","681.90","690.40","680.20","684.90","777.82","36.45","45.96","42.28","760.77","24639.00","738.97"
"Tue Mar 19 2024 09:15:00 GMT+0530 (India Standard Time)","680.00","683.90","667.00","671.50","775.96","34.45","44.89","40.86","753.80","306485.00","732.27"
"Tue Mar 19 2024 13:15:00 GMT+0530 (India Standard Time)","671.50","672.30","665.05","666.10","774.07","33.67","44.46","40.30","747.96","48276.00","725.87"
"Wed Mar 20 2024 09:15:00 GMT+0530 (India Standard Time)","675.00","682.45","650.10","658.80","771.78","32.62","43.89","39.54","742.00","74325.00","719.58"
"Wed Mar 20 2024 13:15:00 GMT+0530 (India Standard Time)","658.80","664.90","651.00","660.65","769.32","33.17","44.08","39.84","736.18","49967.00","713.37"
"Thu Mar 21 2024 09:15:00 GMT+0530 (India Standard Time)","660.50","682.45","660.50","679.95","766.86","38.71","45.98","42.82","731.32","169206.00","708.00"
"Thu Mar 21 2024 13:15:00 GMT+0530 (India Standard Time)","679.65","690.00","678.00","682.05","764.52","39.28","46.18","43.14","726.93","52477.00","704.26"
"Fri Mar 22 2024 09:15:00 GMT+0530 (India Standard Time)","670.00","692.00","670.00","684.50","762.57","39.97","46.42","43.51","722.45","71323.00","700.22"
"Fri Mar 22 2024 13:15:00 GMT+0530 (India Standard Time)","684.15","692.80","681.95","687.60","760.49","40.86","46.72","43.99","717.94","49492.00","696.28"
"Tue Mar 26 2024 09:15:00 GMT+0530 (India Standard Time)","690.00","695.15","679.00","684.35","758.47","40.20","46.44","43.59","713.75","64052.00","691.98"
"Tue Mar 26 2024 13:15:00 GMT+0530 (India Standard Time)","684.35","687.40","680.00","682.05","756.12","39.73","46.24","43.30","709.77","31982.00","688.37"
"Wed Mar 27 2024 09:15:00 GMT+0530 (India Standard Time)","687.00","700.05","682.25","688.25","754.00","41.68","46.87","44.32","706.25","51723.00","685.76"
"Wed Mar 27 2024 13:15:00 GMT+0530 (India Standard Time)","688.25","710.00","687.00","703.00","752.09","46.04","48.34","46.65","703.08","85574.00","684.54"
"Thu Mar 28 2024 09:15:00 GMT+0530 (India Standard Time)","709.65","726.45","701.35","720.15","750.70","50.56","49.98","49.19","701.36","97287.00","684.52"
"Thu Mar 28 2024 13:15:00 GMT+0530 (India Standard Time)","720.15","724.95","710.20","720.00","749.51","50.52","49.96","49.17","699.62","38808.00","686.07"
"Mon Apr 01 2024 09:15:00 GMT+0530 (India Standard Time)","725.00","732.55","711.20","716.10","748.52","49.48","49.59","48.61","697.80","70590.00","688.26"
"Mon Apr 01 2024 13:15:00 GMT+0530 (India Standard Time)","716.10","718.60","703.00","705.00","746.97","46.62","48.55","47.05","695.43","100861.00","689.09"
"Tue Apr 02 2024 09:15:00 GMT+0530 (India Standard Time)","709.65","718.50","707.00","708.00","745.28","47.48","48.85","47.52","693.66","67848.00","689.87"
"Tue Apr 02 2024 13:15:00 GMT+0530 (India Standard Time)","708.00","708.00","703.00","705.90","742.84","46.93","48.65","47.22","692.27","52903.00","690.41"
"Wed Apr 03 2024 09:15:00 GMT+0530 (India Standard Time)","706.65","714.00","702.15","704.15","740.25","46.45","48.48","46.96","691.52","70525.00","690.81"
"Wed Apr 03 2024 13:15:00 GMT+0530 (India Standard Time)","704.15","705.00","700.00","704.00","737.09","46.41","48.46","46.94","691.00","36417.00","691.62"
"Thu Apr 04 2024 09:15:00 GMT+0530 (India Standard Time)","707.65","713.30","701.20","708.15","734.10","47.79","48.90","47.65","691.69","151718.00","692.69"
"Thu Apr 04 2024 13:15:00 GMT+0530 (India Standard Time)","708.90","710.00","702.20","704.25","730.85","46.60","48.51","47.04","692.90","69235.00","694.20"
"Fri Apr 05 2024 09:15:00 GMT+0530 (India Standard Time)","704.75","711.25","701.05","704.95","727.58","46.85","48.58","47.17","693.52","78280.00","696.02"
"Fri Apr 05 2024 13:15:00 GMT+0530 (India Standard Time)","704.95","705.45","703.00","704.00","725.13","46.54","48.48","47.01","693.90","49351.00","698.00"
"Mon Apr 08 2024 09:15:00 GMT+0530 (India Standard Time)","713.00","715.00","700.95","703.75","722.61","46.46","48.46","46.97","694.34","90944.00","700.22"
"Mon Apr 08 2024 13:15:00 GMT+0530 (India Standard Time)","703.75","705.25","701.00","703.00","720.29","46.19","48.38","46.84","694.52","41270.00","701.52"
"Tue Apr 09 2024 09:15:00 GMT+0530 (India Standard Time)","709.00","709.00","697.00","699.85","718.09","45.06","48.04","46.30","695.03","53820.00","702.40"
"Tue Apr 09 2024 13:15:00 GMT+0530 (India Standard Time)","699.85","704.00","696.80","701.90","715.97","45.97","48.28","46.72","695.59","36512.00","703.27"
"Wed Apr 10 2024 09:15:00 GMT+0530 (India Standard Time)","707.00","720.00","700.25","715.05","714.08","51.37","49.79","49.29","696.93","85534.00","704.47"
"Wed Apr 10 2024 13:15:00 GMT+0530 (India Standard Time)","715.05","716.00","705.00","715.00","712.05","51.35","49.78","49.29","698.51","41173.00","705.75"
"Fri Apr 12 2024 09:15:00 GMT+0530 (India Standard Time)","713.90","719.95","705.05","710.00","710.24","49.28","49.22","48.34","700.22","84225.00","707.11"
"Fri Apr 12 2024 13:15:00 GMT+0530 (India Standard Time)","710.00","710.30","703.00","705.00","708.46","47.29","48.65","47.41","701.91","36629.00","707.87"
"Mon Apr 15 2024 09:15:00 GMT+0530 (India Standard Time)","690.05","698.40","676.00","692.20","706.46","42.64","47.25","45.12","702.43","84122.00","707.35"
"Mon Apr 15 2024 13:15:00 GMT+0530 (India Standard Time)","692.20","700.50","688.80","700.00","704.64","46.03","48.18","46.74","702.90","35497.00","706.41"
"Tue Apr 16 2024 09:15:00 GMT+0530 (India Standard Time)","686.00","701.00","680.55","685.00","703.17","41.13","46.57","44.17","703.14","51968.00","704.94"
"Tue Apr 16 2024 13:15:00 GMT+0530 (India Standard Time)","685.00","694.70","680.15","684.10","701.53","40.85","46.47","44.02","703.10","28530.00","703.36"
"Thu Apr 18 2024 09:15:00 GMT+0530 (India Standard Time)","693.50","693.50","672.00","674.60","699.70","38.04","45.48","42.46","702.88","353347.00","701.96"
"Thu Apr 18 2024 13:15:00 GMT+0530 (India Standard Time)","674.60","677.00","668.00","675.00","697.65","38.23","45.53","42.55","702.53","171860.00","700.22"
"Fri Apr 19 2024 09:15:00 GMT+0530 (India Standard Time)","658.85","680.00","656.20","670.35","695.86","36.86","45.04","41.79","701.76","99359.00","698.48"
"Fri Apr 19 2024 13:15:00 GMT+0530 (India Standard Time)","670.35","670.95","658.00","660.00","694.22","34.02","43.97","40.14","700.44","79766.00","696.39"
"Mon Apr 22 2024 09:15:00 GMT+0530 (India Standard Time)","679.00","679.00","667.05","669.90","693.12","38.76","45.24","42.38","698.87","61817.00","694.88"
"Mon Apr 22 2024 13:15:00 GMT+0530 (India Standard Time)","669.90","672.80","666.80","669.35","692.16","38.60","45.18","42.29","697.13","78455.00","693.06"
"Tue Apr 23 2024 09:15:00 GMT+0530 (India Standard Time)","676.65","696.45","669.75","676.10","692.03","41.73","46.04","43.80","695.73","305690.00","691.85"
"Tue Apr 23 2024 13:15:00 GMT+0530 (India Standard Time)","676.10","690.00","672.00","689.00","692.27","47.14","47.64","46.55","694.83","172692.00","690.87"
"Wed Apr 24 2024 09:15:00 GMT+0530 (India Standard Time)","725.00","780.00","716.70","732.85","693.27","60.30","52.52","54.37","695.97","3338940.00","692.61"
"Wed Apr 24 2024 13:15:00 GMT+0530 (India Standard Time)","732.85","734.95","715.10","722.00","693.86","56.64","51.31","52.42","696.63","733912.00","693.45"
"Thu Apr 25 2024 09:15:00 GMT+0530 (India Standard Time)","730.00","730.30","694.00","699.10","694.09","49.92","48.90","48.63","696.67","625014.00","693.57"
"Thu Apr 25 2024 13:15:00 GMT+0530 (India Standard Time)","699.45","702.00","695.15","700.00","694.12","50.16","49.00","48.78","696.53","533918.00","693.47"
"Fri Apr 26 2024 09:15:00 GMT+0530 (India Standard Time)","705.85","706.00","688.50","696.25","694.33","49.12","48.61","48.18","696.15","692711.00","693.26"
"Fri Apr 26 2024 13:15:00 GMT+0530 (India Standard Time)","696.05","697.05","688.25","694.90","694.50","48.73","48.47","47.96","695.72","87833.00","692.36"
"Mon Apr 29 2024 09:15:00 GMT+0530 (India Standard Time)","695.00","700.25","691.60","693.10","694.92","48.20","48.28","47.66","695.33","103200.00","691.49"
"Mon Apr 29 2024 13:15:00 GMT+0530 (India Standard Time)","693.10","693.60","688.50","690.10","695.39","47.31","47.97","47.16","694.85","52907.00","690.51"
"Tue Apr 30 2024 09:15:00 GMT+0530 (India Standard Time)","692.85","701.00","690.30","696.15","696.05","49.30","48.66","48.29","694.47","135572.00","690.04"
"Tue Apr 30 2024 13:15:00 GMT+0530 (India Standard Time)","696.15","698.30","691.00","696.50","696.78","49.42","48.70","48.35","694.19","70629.00","690.31"
"Thu May 02 2024 09:15:00 GMT+0530 (India Standard Time)","700.00","700.00","689.05","693.30","697.14","48.35","48.35","47.78","693.91","148465.00","690.15"
"Thu May 02 2024 13:15:00 GMT+0530 (India Standard Time)","693.30","693.30","686.00","688.00","697.26","46.60","47.76","46.84","693.49","86388.00","690.20"
"Fri May 03 2024 09:15:00 GMT+0530 (India Standard Time)","693.05","696.10","680.00","683.80","697.32","45.24","47.30","46.10","692.59","136901.00","690.20"
"Fri May 03 2024 13:15:00 GMT+0530 (India Standard Time)","683.80","693.00","680.00","687.40","697.31","46.64","47.74","46.84","691.69","49431.00","690.60"
"Mon May 06 2024 09:15:00 GMT+0530 (India Standard Time)","689.00","689.00","670.00","673.35","697.13","42.21","46.21","44.40","690.47","61714.00","690.73"
"Mon May 06 2024 13:15:00 GMT+0530 (India Standard Time)","673.35","674.55","665.00","668.30","696.85","40.75","45.67","43.56","689.15","52155.00","690.72"
"Tue May 07 2024 09:15:00 GMT+0530 (India Standard Time)","668.30","677.40","659.00","659.90","696.34","38.42","44.79","42.19","688.32","92051.00","690.80"
"Tue May 07 2024 13:15:00 GMT+0530 (India Standard Time)","659.90","672.95","659.45","663.00","695.61","39.76","45.19","42.87","687.20","32144.00","690.48"
"Wed May 08 2024 09:15:00 GMT+0530 (India Standard Time)","665.10","673.35","660.00","672.65","694.67","43.73","46.41","44.95","686.48","52994.00","690.48"
"Wed May 08 2024 13:15:00 GMT+0530 (India Standard Time)","672.65","686.95","672.00","686.85","693.95","48.94","48.14","47.82","686.32","146026.00","690.65"
"Thu May 09 2024 09:15:00 GMT+0530 (India Standard Time)","677.00","682.05","673.05","678.00","693.13","46.15","47.18","46.27","686.24","64927.00","690.31"
"Thu May 09 2024 13:15:00 GMT+0530 (India Standard Time)","678.00","678.55","661.00","672.00","692.39","44.34","46.53","45.25","686.14","69213.00","686.99"
"Fri May 10 2024 09:15:00 GMT+0530 (India Standard Time)","674.65","676.05","663.00","674.30","691.62","45.20","46.81","45.72","686.22","238513.00","684.53"
"Fri May 10 2024 13:15:00 GMT+0530 (India Standard Time)","674.30","677.45","672.00","675.00","691.00","45.47","46.90","45.87","686.64","31872.00","683.06"
"Mon May 13 2024 09:15:00 GMT+0530 (India Standard Time)","673.00","673.00","660.10","670.80","690.25","44.11","46.44","45.12","686.50","45918.00","681.61"
"Mon May 13 2024 13:15:00 GMT+0530 (India Standard Time)","670.80","672.45","663.00","669.00","689.56","43.52","46.23","44.80","686.44","38516.00","680.26"
"Tue May 14 2024 09:15:00 GMT+0530 (India Standard Time)","674.00","678.55","667.50","672.00","688.85","44.81","46.63","45.46","686.15","244045.00","679.24"
"Tue May 14 2024 13:15:00 GMT+0530 (India Standard Time)","672.00","673.10","667.00","667.55","688.12","43.27","46.12","44.64","685.64","43048.00","678.02"
"Wed May 15 2024 09:15:00 GMT+0530 (India Standard Time)","674.00","684.70","665.10","676.75","687.53","47.21","47.32","46.70","683.22","76394.00","677.32"
"Wed May 15 2024 13:15:00 GMT+0530 (India Standard Time)","676.75","676.95","662.15","668.00","686.82","44.15","46.32","45.06","681.26","87285.00","676.02"
"Thu May 16 2024 09:15:00 GMT+0530 (India Standard Time)","670.65","672.25","663.00","670.30","686.09","45.13","46.62","45.57","679.86","57699.00","674.76"
"Thu May 16 2024 13:15:00 GMT+0530 (India Standard Time)","670.30","670.40","662.50","664.70","685.34","43.19","45.98","44.53","678.67","54689.00","673.41"
"Fri May 17 2024 09:15:00 GMT+0530 (India Standard Time)","664.95","677.00","661.00","672.85","684.73","46.69","47.06","46.37","677.72","53353.00","672.56"
"Fri May 17 2024 13:15:00 GMT+0530 (India Standard Time)","672.85","677.00","670.10","674.25","684.18","47.28","47.25","46.68","677.02","33251.00","671.98"
"Sat May 18 2024 09:15:00 GMT+0530 (India Standard Time)","676.95","692.65","675.50","691.00","683.68","53.68","49.40","50.26","676.71","56728.00","672.01"
"Tue May 21 2024 09:15:00 GMT+0530 (India Standard Time)","691.00","693.85","679.80","685.05","683.14","51.35","48.68","49.06","676.55","311706.00","672.46"
"Tue May 21 2024 13:15:00 GMT+0530 (India Standard Time)","685.05","691.95","675.90","677.90","682.54","48.69","47.83","47.65","676.05","53483.00","673.03"
"Wed May 22 2024 09:15:00 GMT+0530 (India Standard Time)","679.50","688.00","670.20","683.50","682.05","50.79","48.55","48.83","675.53","102388.00","673.85"
"Wed May 22 2024 13:15:00 GMT+0530 (India Standard Time)","683.50","689.70","680.00","689.00","681.99","52.78","49.25","49.97","675.25","45181.00","674.91"
"Thu May 23 2024 09:15:00 GMT+0530 (India Standard Time)","688.00","688.95","674.30","675.25","681.61","47.71","47.60","47.26","674.90","272139.00","675.33"
"Thu May 23 2024 13:15:00 GMT+0530 (India Standard Time)","675.25","675.65","670.10","671.00","681.29","46.27","47.11","46.46","674.39","54761.00","674.80"
"Fri May 24 2024 09:15:00 GMT+0530 (India Standard Time)","672.95","674.70","666.80","668.70","680.97","45.49","46.84","46.03","673.79","74170.00","674.41"
"Fri May 24 2024 13:15:00 GMT+0530 (India Standard Time)","668.70","670.00","659.00","660.00","680.64","42.63","45.83","44.41","673.28","105686.00","674.00"
"Mon May 27 2024 09:15:00 GMT+0530 (India Standard Time)","666.95","667.00","652.00","655.05","680.31","41.09","45.27","43.51","672.88","151284.00","673.31"
"Mon May 27 2024 13:15:00 GMT+0530 (India Standard Time)","655.05","662.00","655.05","659.15","680.11","42.89","45.83","44.47","672.64","51398.00","672.54"
"Tue May 28 2024 09:15:00 GMT+0530 (India Standard Time)","664.00","664.00","652.60","657.45","680.02","42.32","45.63","44.15","672.38","53872.00","672.03"
"Tue May 28 2024 13:15:00 GMT+0530 (India Standard Time)","657.45","664.00","655.20","658.00","679.77","42.58","45.71","44.28","672.04","28116.00","671.57"
"Wed May 29 2024 09:15:00 GMT+0530 (India Standard Time)","656.85","659.60","654.45","658.00","679.53","42.58","45.71","44.28","671.16","34853.00","670.86"
"Wed May 29 2024 13:15:00 GMT+0530 (India Standard Time)","658.00","666.80","656.20","657.00","679.12","42.21","45.59","44.08","670.53","37316.00","670.40"
"Thu May 30 2024 09:15:00 GMT+0530 (India Standard Time)","662.35","662.35","645.20","649.35","678.45","39.42","44.66","42.56","669.88","62693.00","669.25"
"Thu May 30 2024 13:15:00 GMT+0530 (India Standard Time)","649.35","652.50","645.10","649.00","676.62","39.29","44.62","42.49","669.08","42639.00","668.30"
"Fri May 31 2024 09:15:00 GMT+0530 (India Standard Time)","651.00","652.40","630.00","634.95","674.91","34.67","42.96","39.83","667.81","106190.00","666.83"
"Fri May 31 2024 13:15:00 GMT+0530 (India Standard Time)","634.95","637.50","627.20","633.00","673.45","34.09","42.73","39.47","666.54","82303.00","665.26"
"Mon Jun 03 2024 09:15:00 GMT+0530 (India Standard Time)","633.00","669.85","628.05","667.70","672.63","49.87","47.70","47.93","666.08","545372.00","664.66"
"Mon Jun 03 2024 13:15:00 GMT+0530 (India Standard Time)","667.70","668.45","662.05","665.30","672.00","49.02","47.41","47.46","665.82","248641.00","664.25"
"Tue Jun 04 2024 09:15:00 GMT+0530 (India Standard Time)","658.60","660.00","580.60","618.05","670.51","36.22","42.27","39.57","664.04","326902.00","661.00"
"Tue Jun 04 2024 13:15:00 GMT+0530 (India Standard Time)","619.35","626.00","602.50","620.00","668.96","36.93","42.53","39.99","661.92","84675.00","657.72"
"Wed Jun 05 2024 09:15:00 GMT+0530 (India Standard Time)","629.70","633.85","580.85","598.45","667.21","32.69","40.47","37.04","659.61","404857.00","654.01"
"Wed Jun 05 2024 13:15:00 GMT+0530 (India Standard Time)","598.45","604.00","587.25","599.00","665.23","32.90","40.54","37.17","657.05","320870.00","650.01"
"Thu Jun 06 2024 09:15:00 GMT+0530 (India Standard Time)","605.20","648.00","605.20","630.15","663.89","43.26","44.57","43.52","655.69","434421.00","647.22"
"Thu Jun 06 2024 13:15:00 GMT+0530 (India Standard Time)","630.20","660.00","630.05","656.10","663.02","50.01","47.58","48.03","654.92","265620.00","645.89"
"Fri Jun 07 2024 09:15:00 GMT+0530 (India Standard Time)","660.00","667.60","656.05","663.00","662.50","51.61","48.34","49.14","654.51","313561.00","645.44"
"Fri Jun 07 2024 13:15:00 GMT+0530 (India Standard Time)","662.60","669.55","659.90","667.70","662.10","52.70","48.85","49.89","653.77","93955.00","645.27"
"Mon Jun 10 2024 09:15:00 GMT+0530 (India Standard Time)","674.00","692.80","663.00","682.90","661.97","56.06","50.48","52.23","653.53","207986.00","646.14"
"Mon Jun 10 2024 13:15:00 GMT+0530 (India Standard Time)","682.90","702.00","677.15","688.15","662.22","57.16","51.02","53.01","653.79","283569.00","647.64"
"Tue Jun 11 2024 09:15:00 GMT+0530 (India Standard Time)","688.05","695.00","682.05","683.90","662.56","55.96","50.56","52.30","654.02","127175.00","648.94"
"Tue Jun 11 2024 13:15:00 GMT+0530 (India Standard Time)","683.90","688.00","680.00","684.05","662.96","56.00","50.58","52.32","653.94","285852.00","650.19"
"Wed Jun 12 2024 09:15:00 GMT+0530 (India Standard Time)","688.20","690.95","679.60","679.95","663.32","54.78","50.13","51.62","654.08","116196.00","651.32"
"Wed Jun 12 2024 13:15:00 GMT+0530 (India Standard Time)","679.95","684.70","674.15","677.55","663.50","54.06","49.86","51.20","654.31","59386.00","652.32"
"Thu Jun 13 2024 09:15:00 GMT+0530 (India Standard Time)","682.65","690.35","671.00","675.25","663.39","53.36","49.60","50.80","654.63","99945.00","653.21"
"Thu Jun 13 2024 13:15:00 GMT+0530 (India Standard Time)","675.25","690.00","674.50","688.85","663.55","56.86","51.12","53.05","655.40","556419.00","654.83"
"Fri Jun 14 2024 09:15:00 GMT+0530 (India Standard Time)","694.00","699.65","687.00","688.00","663.95","56.58","51.02","52.89","656.59","273817.00","656.82"
"Fri Jun 14 2024 13:15:00 GMT+0530 (India Standard Time)","687.75","691.30","686.00","690.00","664.29","57.10","51.24","53.23","657.68","146003.00","659.26"
"Tue Jun 18 2024 09:15:00 GMT+0530 (India Standard Time)","698.85","709.60","691.25","704.70","664.85","60.72","52.85","55.59","659.24","769807.00","662.59"
"Tue Jun 18 2024 13:15:00 GMT+0530 (India Standard Time)","704.70","705.90","698.90","704.50","665.54","60.65","52.82","55.55","660.82","363699.00","664.74"
"Wed Jun 19 2024 09:15:00 GMT+0530 (India Standard Time)","708.00","723.60","707.95","718.60","666.52","63.88","54.32","57.72","662.94","800664.00","667.21"
"Wed Jun 19 2024 13:15:00 GMT+0530 (India Standard Time)","718.60","734.70","717.00","720.00","667.53","64.18","54.46","57.93","665.22","374634.00","672.15"
"Thu Jun 20 2024 09:15:00 GMT+0530 (India Standard Time)","723.80","749.85","717.00","746.00","668.95","69.26","57.05","61.57","668.26","822312.00","677.99"
"Thu Jun 20 2024 13:15:00 GMT+0530 (India Standard Time)","746.45","756.70","742.65","746.50","670.39","69.35","57.10","61.64","671.83","441702.00","684.90"
"Fri Jun 21 2024 09:15:00 GMT+0530 (India Standard Time)","754.40","765.85","739.30","740.05","671.94","66.77","56.28","60.27","675.73","410877.00","692.00"
"Fri Jun 21 2024 13:15:00 GMT+0530 (India Standard Time)","740.05","741.75","726.00","736.00","673.26","65.17","55.77","59.42","679.37","111293.00","697.07"
"Mon Jun 24 2024 09:15:00 GMT+0530 (India Standard Time)","737.65","749.70","725.20","734.60","674.67","64.61","55.59","59.12","682.28","378105.00","701.14"
"Mon Jun 24 2024 13:15:00 GMT+0530 (India Standard Time)","734.60","748.00","733.75","745.00","676.11","66.84","56.64","60.63","685.03","257203.00","704.97"
"Tue Jun 25 2024 09:15:00 GMT+0530 (India Standard Time)","748.20","759.00","742.10","751.40","677.65","68.13","57.27","61.52","689.72","239231.00","709.01"
"Tue Jun 25 2024 13:15:00 GMT+0530 (India Standard Time)","751.40","755.00","728.15","742.40","678.74","64.41","56.10","59.56","694.20","170087.00","711.94"
"Wed Jun 26 2024 09:15:00 GMT+0530 (India Standard Time)","747.55","751.55","737.30","739.75","679.86","63.34","55.76","58.99","699.15","111962.00","714.48"
"Wed Jun 26 2024 13:15:00 GMT+0530 (India Standard Time)","738.80","745.05","738.20","743.50","681.10","64.23","56.14","59.56","704.35","62204.00","717.16"
"Thu Jun 27 2024 09:15:00 GMT+0530 (India Standard Time)","737.40","761.80","736.05","747.80","682.44","65.23","56.58","60.20","708.66","294837.00","720.22"
"Thu Jun 27 2024 13:15:00 GMT+0530 (India Standard Time)","747.55","750.00","734.80","740.20","683.53","61.99","55.58","58.51","711.98","287806.00","723.02"
"Fri Jun 28 2024 09:15:00 GMT+0530 (India Standard Time)","737.00","749.50","735.40","737.80","684.76","60.99","55.26","57.98","714.79","120457.00","725.95"
"Fri Jun 28 2024 13:15:00 GMT+0530 (India Standard Time)","737.80","748.90","735.85","742.00","686.16","62.12","55.71","58.65","717.52","383939.00","729.01"
"Mon Jul 01 2024 09:15:00 GMT+0530 (India Standard Time)","747.00","749.85","735.40","739.95","687.60","61.21","55.43","58.18","719.74","128746.00","731.67"
"Mon Jul 01 2024 13:15:00 GMT+0530 (India Standard Time)","739.95","751.00","738.85","748.00","689.28","63.41","56.30","59.49","721.77","90975.00","734.32"
"Tue Jul 02 2024 09:15:00 GMT+0530 (India Standard Time)","754.00","772.00","749.50","761.65","691.36","66.77","57.72","61.58","724.42","279431.00","737.75"
"Tue Jul 02 2024 13:15:00 GMT+0530 (India Standard Time)","761.65","762.60","750.00","752.00","693.27","62.51","56.40","59.35","726.95","76247.00","740.20"
"Wed Jul 03 2024 09:15:00 GMT+0530 (India Standard Time)","756.95","765.00","750.80","754.00","695.23","63.02","56.61","59.66","729.56","91568.00","742.70"
"Wed Jul 03 2024 13:15:00 GMT+0530 (India Standard Time)","754.00","761.00","752.60","760.00","697.22","64.55","57.24","60.60","732.38","70490.00","744.67"
"Thu Jul 04 2024 09:15:00 GMT+0530 (India Standard Time)","764.95","777.70","756.00","774.60","699.48","67.94","58.72","62.75","735.62","203428.00","746.94"
"Thu Jul 04 2024 13:15:00 GMT+0530 (India Standard Time)","774.60","777.00","772.50","775.50","701.80","68.14","58.81","62.88","738.85","101361.00","748.63"
"Fri Jul 05 2024 09:15:00 GMT+0530 (India Standard Time)","777.65","788.95","765.10","781.45","704.35","69.44","59.40","63.73","741.96","197322.00","750.11"
"Fri Jul 05 2024 13:15:00 GMT+0530 (India Standard Time)","781.45","787.35","779.90","786.00","707.07","70.41","59.85","64.37","745.36","101600.00","751.94"
"Mon Jul 08 2024 09:15:00 GMT+0530 (India Standard Time)","791.95","795.30","766.05","771.45","709.83","63.62","57.77","60.83","748.07","146934.00","753.90"
"Mon Jul 08 2024 13:15:00 GMT+0530 (India Standard Time)","771.45","777.50","770.00","774.90","712.66","64.47","58.12","61.35","750.60","53196.00","755.73"
"Tue Jul 09 2024 09:15:00 GMT+0530 (India Standard Time)","781.00","792.00","773.85","781.90","715.15","66.16","58.82","62.39","752.96","468664.00","757.61"
"Tue Jul 09 2024 13:15:00 GMT+0530 (India Standard Time)","781.90","782.00","760.00","768.00","717.23","60.19","56.88","59.13","754.60","216296.00","758.49"
"Wed Jul 10 2024 09:15:00 GMT+0530 (India Standard Time)","771.95","777.00","735.70","757.05","719.98","56.00","55.41","56.74","755.28","376159.00","759.19"
"Wed Jul 10 2024 13:15:00 GMT+0530 (India Standard Time)","757.05","771.85","746.60","765.00","722.88","58.22","56.25","58.01","755.73","470709.00","760.14"
"Thu Jul 11 2024 09:15:00 GMT+0530 (India Standard Time)","768.00","789.65","765.95","780.40","726.41","62.10","57.81","60.33","756.81","449512.00","761.88"
"Thu Jul 11 2024 13:15:00 GMT+0530 (India Standard Time)","780.40","788.00","778.05","787.80","730.17","63.79","58.53","61.39","758.60","97655.00","763.65"
"Fri Jul 12 2024 09:15:00 GMT+0530 (India Standard Time)","790.00","790.00","760.00","763.00","732.98","55.11","55.30","56.23","759.83","463063.00","764.97"
"Fri Jul 12 2024 13:15:00 GMT+0530 (India Standard Time)","763.00","770.00","761.00","769.00","735.31","56.61","55.90","57.13","760.70","100998.00","766.26"
"Mon Jul 15 2024 09:15:00 GMT+0530 (India Standard Time)","775.00","782.00","749.00","755.00","737.27","52.33","54.17","54.45","761.10","200830.00","767.12"
"Mon Jul 15 2024 13:15:00 GMT+0530 (India Standard Time)","755.00","759.85","751.00","752.00","739.02","51.45","53.81","53.90","761.54","62938.00","767.71"
"Tue Jul 16 2024 09:15:00 GMT+0530 (India Standard Time)","754.10","788.80","754.10","782.35","740.95","58.78","56.79","58.33","762.69","432684.00","769.16"
"Tue Jul 16 2024 13:15:00 GMT+0530 (India Standard Time)","782.35","784.95","776.60","782.90","742.81","58.90","56.84","58.40","764.09","105159.00","770.14"
"Thu Jul 18 2024 09:15:00 GMT+0530 (India Standard Time)","780.00","794.95","770.10","786.05","744.77","59.60","57.14","58.83","765.35","480442.00","771.58"
"Thu Jul 18 2024 13:15:00 GMT+0530 (India Standard Time)","786.05","799.00","780.00","793.00","746.92","61.12","57.79","59.78","767.10","224003.00","773.26"
"Fri Jul 19 2024 09:15:00 GMT+0530 (India Standard Time)","798.45","798.45","760.30","768.05","748.74","53.51","54.74","55.08","768.34","245450.00","773.99"
"Fri Jul 19 2024 13:15:00 GMT+0530 (India Standard Time)","768.05","772.35","758.90","761.80","750.44","51.81","54.01","53.99","769.13","347534.00","773.65"
"Mon Jul 22 2024 09:15:00 GMT+0530 (India Standard Time)","757.00","787.80","756.45","774.05","752.34","54.76","55.20","55.76","770.24","296827.00","773.56"
"Mon Jul 22 2024 13:15:00 GMT+0530 (India Standard Time)","774.05","775.95","757.95","765.90","753.96","52.52","54.25","54.33","770.97","80425.00","772.95"
"Tue Jul 23 2024 09:15:00 GMT+0530 (India Standard Time)","765.80","768.95","726.00","750.55","755.13","48.57","52.52","51.76","770.53","857515.00","771.24"
"Tue Jul 23 2024 13:15:00 GMT+0530 (India Standard Time)","750.65","756.65","749.00","752.20","756.39","49.00","52.69","52.01","770.45","349989.00","770.12"
"Wed Jul 24 2024 09:15:00 GMT+0530 (India Standard Time)","759.55","779.00","753.30","773.10","757.73","54.13","54.72","55.06","770.87","497177.00","769.90"
"Wed Jul 24 2024 13:15:00 GMT+0530 (India Standard Time)","773.10","778.40","769.05","775.30","759.16","54.64","54.93","55.37","771.45","78031.00","769.52"
"Thu Jul 25 2024 09:15:00 GMT+0530 (India Standard Time)","765.00","777.90","755.00","769.65","760.17","53.06","54.27","54.38","771.39","243041.00","769.45"
"Thu Jul 25 2024 13:15:00 GMT+0530 (India Standard Time)","770.45","774.80","767.40","773.00","761.16","53.89","54.60","54.87","771.27","122881.00","770.18"
"Fri Jul 26 2024 09:15:00 GMT+0530 (India Standard Time)","779.80","784.00","768.25","778.15","761.90","55.16","55.10","55.62","771.21","144765.00","770.90"
"Fri Jul 26 2024 13:15:00 GMT+0530 (India Standard Time)","778.15","781.40","775.00","777.00","762.49","54.81","54.96","55.41","770.97","77845.00","770.83"
"Mon Jul 29 2024 09:15:00 GMT+0530 (India Standard Time)","775.90","791.65","755.25","790.00","763.20","58.02","56.22","57.30","771.02","401707.00","770.65"
"Mon Jul 29 2024 13:15:00 GMT+0530 (India Standard Time)","790.00","870.00","789.50","818.00","764.98","63.82","58.74","60.97","772.87","1156576.00","773.26"
"Tue Jul 30 2024 09:15:00 GMT+0530 (India Standard Time)","825.00","837.00","818.00","824.40","766.78","64.99","59.29","61.74","774.43","273406.00","776.06"
"Tue Jul 30 2024 13:15:00 GMT+0530 (India Standard Time)","823.55","831.10","816.00","816.00","768.32","62.23","58.26","60.13","776.26","100824.00","778.89"
"Wed Jul 31 2024 09:15:00 GMT+0530 (India Standard Time)","829.60","829.90","814.00","816.50","769.68","62.33","58.30","60.20","778.53","143676.00","782.01"
"Wed Jul 31 2024 13:15:00 GMT+0530 (India Standard Time)","816.50","818.75","802.00","803.00","770.98","57.99","56.66","57.65","780.20","104504.00","783.43"
"Thu Aug 01 2024 09:15:00 GMT+0530 (India Standard Time)","804.50","816.90","798.75","800.00","772.21","57.06","56.30","57.10","781.15","140342.00","784.48"
"Thu Aug 01 2024 13:15:00 GMT+0530 (India Standard Time)","800.00","804.70","793.00","799.85","773.35","57.01","56.28","57.07","781.67","278946.00","785.20"
"Fri Aug 02 2024 09:15:00 GMT+0530 (India Standard Time)","786.00","795.65","781.10","789.30","774.16","53.68","55.02","55.11","782.30","123362.00","785.08"
"Fri Aug 02 2024 13:15:00 GMT+0530 (India Standard Time)","789.30","791.25","781.25","785.00","775.04","52.37","54.51","54.33","782.98","61492.00","785.65"
"Mon Aug 05 2024 09:15:00 GMT+0530 (India Standard Time)","764.00","776.00","741.55","745.90","775.29","42.48","50.21","47.96","782.71","305149.00","785.11"
"Mon Aug 05 2024 13:15:00 GMT+0530 (India Standard Time)","745.90","755.25","743.90","748.00","775.42","43.09","50.42","48.29","782.53","106217.00","783.95"
"Tue Aug 06 2024 09:15:00 GMT+0530 (India Standard Time)","755.00","779.00","750.00","772.20","775.96","49.52","52.80","51.96","782.24","190125.00","784.04"
"Tue Aug 06 2024 13:15:00 GMT+0530 (India Standard Time)","772.20","774.30","748.00","756.60","776.21","46.00","51.19","49.62","781.46","91172.00","784.51"
"Wed Aug 07 2024 09:15:00 GMT+0530 (India Standard Time)","759.90","771.60","756.30","769.75","776.32","49.20","52.43","51.51","780.82","81306.00","785.20"
"Wed Aug 07 2024 13:15:00 GMT+0530 (India Standard Time)","769.75","780.00","768.00","775.10","776.73","50.45","52.93","52.26","780.24","47247.00","785.43"
"Thu Aug 08 2024 09:15:00 GMT+0530 (India Standard Time)","775.10","777.20","766.00","771.95","777.05","49.70","52.60","51.78","780.10","66401.00","785.30"
"Thu Aug 08 2024 13:15:00 GMT+0530 (India Standard Time)","771.95","774.65","765.35","767.75","777.26","48.67","52.16","51.13","780.28","31787.00","785.34"
"Fri Aug 09 2024 09:15:00 GMT+0530 (India Standard Time)","777.00","780.00","768.00","768.05","777.26","48.75","52.19","51.17","780.25","46646.00","785.29"
"Fri Aug 09 2024 13:15:00 GMT+0530 (India Standard Time)","768.05","772.20","765.15","768.80","777.13","48.96","52.26","51.29","780.33","35047.00","784.89"
"Mon Aug 12 2024 09:15:00 GMT+0530 (India Standard Time)","764.00","788.45","747.70","782.00","777.05","52.50","53.55","53.28","781.19","115598.00","784.77"
"Mon Aug 12 2024 13:15:00 GMT+0530 (India Standard Time)","782.00","787.80","777.00","780.50","776.98","52.07","53.39","53.03","782.23","40429.00","784.76"
"Tue Aug 13 2024 09:15:00 GMT+0530 (India Standard Time)","781.00","792.45","777.00","782.00","777.13","52.48","53.54","53.26","782.78","64519.00","782.83"
"Tue Aug 13 2024 13:15:00 GMT+0530 (India Standard Time)","782.00","785.60","765.50","770.80","777.11","49.18","52.28","51.33","782.77","230701.00","780.31"
"Wed Aug 14 2024 09:15:00 GMT+0530 (India Standard Time)","772.00","775.90","755.85","771.95","776.84","49.52","52.39","51.52","782.78","65873.00","777.89"
"Wed Aug 14 2024 13:15:00 GMT+0530 (India Standard Time)","771.95","779.50","763.60","766.00","776.82","47.78","51.73","50.50","782.71","25544.00","775.49"
"Fri Aug 16 2024 09:15:00 GMT+0530 (India Standard Time)","778.00","793.00","773.10","788.35","777.40","54.15","53.97","54.02","783.00","72437.00","774.49"
"Fri Aug 16 2024 13:15:00 GMT+0530 (India Standard Time)","788.35","791.85","782.85","784.00","777.87","52.83","53.48","53.26","783.30","26665.00","773.62"
"Mon Aug 19 2024 09:15:00 GMT+0530 (India Standard Time)","786.00","799.85","786.00","789.05","778.11","54.19","53.97","54.03","783.75","48138.00","773.22"
"Mon Aug 19 2024 13:15:00 GMT+0530 (India Standard Time)","789.05","791.00","782.65","786.95","778.14","53.52","53.73","53.65","782.36","29169.00","773.13"
"Tue Aug 20 2024 09:15:00 GMT+0530 (India Standard Time)","784.75","793.85","784.70","789.40","778.55","54.21","53.98","54.04","781.03","41492.00","773.31"
"Tue Aug 20 2024 13:15:00 GMT+0530 (India Standard Time)","789.40","792.40","784.15","789.60","778.98","54.27","54.00","54.07","779.88","21597.00","775.05"
"Wed Aug 21 2024 09:15:00 GMT+0530 (India Standard Time)","766.00","791.00","762.25","772.45","779.27","48.65","51.99","50.93","778.28","1617976.00","776.28"
"Wed Aug 21 2024 13:15:00 GMT+0530 (India Standard Time)","772.45","781.85","770.60","776.90","779.72","50.06","52.46","51.68","777.15","303444.00","776.67"
"Thu Aug 22 2024 09:15:00 GMT+0530 (India Standard Time)","790.00","819.90","787.10","810.20","780.32","58.92","55.74","56.76","777.17","607716.00","778.95"
"Thu Aug 22 2024 13:15:00 GMT+0530 (India Standard Time)","810.20","823.00","806.00","823.00","781.06","61.66","56.90","58.49","777.82","218860.00","781.42"
"Fri Aug 23 2024 09:15:00 GMT+0530 (India Standard Time)","830.05","840.80","800.00","803.20","781.61","55.63","54.64","55.00","778.75","430258.00","783.20"
"Fri Aug 23 2024 13:15:00 GMT+0530 (India Standard Time)","803.20","805.15","798.00","804.40","781.85","55.90","54.75","55.16","779.34","174273.00","784.68"
"Mon Aug 26 2024 09:15:00 GMT+0530 (India Standard Time)","807.95","814.85","791.35","792.50","782.33","52.52","53.43","53.15","780.95","140711.00","786.06"
"Mon Aug 26 2024 13:15:00 GMT+0530 (India Standard Time)","792.50","795.95","777.30","784.55","782.77","50.38","52.57","51.85","782.27","129613.00","786.75"
"Tue Aug 27 2024 09:15:00 GMT+0530 (India Standard Time)","787.65","787.65","771.45","777.15","782.87","48.45","51.78","50.67","782.69","137639.00","787.21"
"Tue Aug 27 2024 13:15:00 GMT+0530 (India Standard Time)","777.15","783.85","776.55","780.00","783.14","49.23","52.06","51.11","783.42","108326.00","787.45"
"Wed Aug 28 2024 09:15:00 GMT+0530 (India Standard Time)","784.80","786.00","773.20","779.05","783.75","48.97","51.96","50.95","783.90","92104.00","787.35"
"Wed Aug 28 2024 13:15:00 GMT+0530 (India Standard Time)","779.05","787.00","768.35","772.80","784.20","47.24","51.27","49.92","783.96","98772.00","786.97"
"Thu Aug 29 2024 09:15:00 GMT+0530 (India Standard Time)","772.70","777.25","751.80","752.95","783.99","42.26","49.18","46.81","783.57","160073.00","786.28"
"Thu Aug 29 2024 13:15:00 GMT+0530 (India Standard Time)","752.95","756.00","746.00","754.90","783.56","42.88","49.39","47.14","782.96","142408.00","785.52"
"Fri Aug 30 2024 09:15:00 GMT+0530 (India Standard Time)","760.85","765.90","748.00","753.25","783.30","42.47","49.22","46.88","782.38","327984.00","784.87"
"Fri Aug 30 2024 13:15:00 GMT+0530 (India Standard Time)","753.25","756.45","742.55","745.00","782.80","40.46","48.36","45.61","781.64","184227.00","783.04"
"Mon Sep 02 2024 09:15:00 GMT+0530 (India Standard Time)","745.05","750.80","729.60","731.10","781.97","37.33","46.95","43.57","780.37","243089.00","780.65"
"Mon Sep 02 2024 13:15:00 GMT+0530 (India Standard Time)","731.10","737.00","730.00","731.10","781.06","37.33","46.95","43.57","778.62","150558.00","777.86"
"Tue Sep 03 2024 09:15:00 GMT+0530 (India Standard Time)","739.00","744.90","727.05","728.20","780.07","36.68","46.66","43.14","776.82","101894.00","775.25"
"Tue Sep 03 2024 13:15:00 GMT+0530 (India Standard Time)","728.20","730.90","726.00","726.50","778.14","36.29","46.49","42.89","775.17","70257.00","772.30"
"Wed Sep 04 2024 09:15:00 GMT+0530 (India Standard Time)","722.00","729.45","718.50","720.00","776.06","34.80","45.83","41.92","773.55","125679.00","769.12"
"Wed Sep 04 2024 13:15:00 GMT+0530 (India Standard Time)","720.00","727.00","719.20","724.00","774.14","36.48","46.31","42.74","771.90","46425.00","766.69"
"Thu Sep 05 2024 09:15:00 GMT+0530 (India Standard Time)","728.65","729.00","720.05","721.65","772.22","35.91","46.06","42.37","769.71","61446.00","764.14"
"Thu Sep 05 2024 13:15:00 GMT+0530 (India Standard Time)","721.65","727.00","719.10","721.50","770.53","35.87","46.05","42.35","767.44","53274.00","760.11"
"Fri Sep 06 2024 09:15:00 GMT+0530 (India Standard Time)","725.05","725.05","702.80","703.00","768.62","31.58","44.15","39.57","764.53","179022.00","754.86"
"Fri Sep 06 2024 13:15:00 GMT+0530 (India Standard Time)","702.90","715.35","694.95","710.20","766.79","34.77","45.05","41.12","761.67","269302.00","749.90"
"Mon Sep 09 2024 09:15:00 GMT+0530 (India Standard Time)","708.00","713.60","698.00","702.95","765.10","33.14","44.32","40.05","758.66","229930.00","745.21"
"Mon Sep 09 2024 13:15:00 GMT+0530 (India Standard Time)","702.95","706.75","701.05","705.80","763.48","34.41","44.68","40.67","755.65","169475.00","740.78"
"Tue Sep 10 2024 09:15:00 GMT+0530 (India Standard Time)","710.00","713.50","696.15","698.95","762.47","32.83","43.98","39.66","753.06","130406.00","736.80"
"Tue Sep 10 2024 13:15:00 GMT+0530 (India Standard Time)","699.00","702.00","695.00","701.00","761.49","33.79","44.25","40.12","750.31","500418.00","733.05"
"Wed Sep 11 2024 09:15:00 GMT+0530 (India Standard Time)","704.90","724.65","697.00","714.65","760.38","39.76","45.97","43.09","746.97","252166.00","729.85"
"Wed Sep 11 2024 13:15:00 GMT+0530 (India Standard Time)","714.65","715.40","699.00","710.00","759.37","38.52","45.48","42.35","743.07","235587.00","726.48"
"Thu Sep 12 2024 09:15:00 GMT+0530 (India Standard Time)","712.00","719.80","707.05","713.85","758.31","40.14","45.96","43.18","739.46","162171.00","723.54"
"Thu Sep 12 2024 13:15:00 GMT+0530 (India Standard Time)","713.85","718.80","710.50","718.00","757.15","41.88","46.49","44.07","736.36","150971.00","721.52"
"Fri Sep 13 2024 09:15:00 GMT+0530 (India Standard Time)","721.95","721.95","702.00","703.10","755.86","37.75","44.90","41.66","733.12","193860.00","719.36"
"Fri Sep 13 2024 13:15:00 GMT+0530 (India Standard Time)","703.10","708.25","700.20","703.40","754.56","37.88","44.94","41.73","730.20","109698.00","716.92"
"Mon Sep 16 2024 09:15:00 GMT+0530 (India Standard Time)","706.95","706.95","693.50","695.90","753.10","35.91","44.16","40.55","727.34","133358.00","714.58"
"Mon Sep 16 2024 13:15:00 GMT+0530 (India Standard Time)","695.90","698.75","691.00","696.50","751.64","36.19","44.24","40.69","724.31","87353.00","712.67"
"Tue Sep 17 2024 09:15:00 GMT+0530 (India Standard Time)","699.60","703.20","692.70","697.20","750.09","36.53","44.33","40.85","721.40","82523.00","711.02"
"Tue Sep 17 2024 13:15:00 GMT+0530 (India Standard Time)","697.20","710.00","696.25","709.50","748.59","42.17","45.96","43.68","718.87","123745.00","709.79"
"Wed Sep 18 2024 09:15:00 GMT+0530 (India Standard Time)","708.75","709.45","694.50","698.50","746.93","38.92","44.77","41.84","716.73","142227.00","708.50"
"Wed Sep 18 2024 13:15:00 GMT+0530 (India Standard Time)","698.50","701.00","693.10","696.15","745.39","38.26","44.52","41.46","714.75","152358.00","707.29"
"Thu Sep 19 2024 09:15:00 GMT+0530 (India Standard Time)","701.00","703.50","690.05","692.90","743.91","37.34","44.17","40.92","712.59","134858.00","705.92"
"Thu Sep 19 2024 13:15:00 GMT+0530 (India Standard Time)","692.90","693.85","685.05","693.00","742.36","37.39","44.18","40.95","710.55","106098.00","704.40"
"Fri Sep 20 2024 09:15:00 GMT+0530 (India Standard Time)","693.00","694.75","680.00","691.80","740.44","37.02","44.05","40.74","708.82","143580.00","702.85"
"Fri Sep 20 2024 13:15:00 GMT+0530 (India Standard Time)","691.80","696.95","687.00","693.75","738.58","38.05","44.32","41.23","707.39","82382.00","702.10"
"Mon Sep 23 2024 09:15:00 GMT+0530 (India Standard Time)","693.95","695.90","686.40","691.95","736.59","37.46","44.12","40.91","705.89","109254.00","701.34"
"Mon Sep 23 2024 13:15:00 GMT+0530 (India Standard Time)","691.50","692.25","689.10","691.95","734.68","37.46","44.12","40.91","704.58","82664.00","700.71"
"Tue Sep 24 2024 09:15:00 GMT+0530 (India Standard Time)","692.95","692.95","682.65","684.40","732.62","34.95","43.26","39.54","703.29","84644.00","699.82"
"Tue Sep 24 2024 13:15:00 GMT+0530 (India Standard Time)","684.40","686.05","680.55","682.00","730.49","34.18","42.98","39.11","701.84","95356.00","698.90"
"Wed Sep 25 2024 09:15:00 GMT+0530 (India Standard Time)","682.90","686.65","667.00","667.55","728.44","30.03","41.38","36.66","700.06","213150.00","697.59"
"Wed Sep 25 2024 13:15:00 GMT+0530 (India Standard Time)","667.55","685.50","665.00","666.50","726.33","29.76","41.27","36.49","698.27","130256.00","695.60"
"Thu Sep 26 2024 09:15:00 GMT+0530 (India Standard Time)","673.00","674.95","664.05","669.50","723.58","31.64","41.73","37.35","696.81","541126.00","693.74"
"Thu Sep 26 2024 13:15:00 GMT+0530 (India Standard Time)","669.50","679.90","668.55","678.50","720.74","36.96","43.11","39.86","695.70","118654.00","691.96"
"Fri Sep 27 2024 09:15:00 GMT+0530 (India Standard Time)","680.00","681.85","667.50","669.05","717.94","34.04","42.05","38.20","694.56","250478.00","689.84"
"Fri Sep 27 2024 13:15:00 GMT+0530 (India Standard Time)","669.05","676.55","667.00","674.30","715.34","36.95","42.85","39.64","693.42","96291.00","688.20"
"Mon Sep 30 2024 09:15:00 GMT+0530 (India Standard Time)","678.05","681.00","661.60","667.40","712.77","34.83","42.07","38.43","692.24","602764.00","686.56"
"Mon Sep 30 2024 13:15:00 GMT+0530 (India Standard Time)","667.40","675.00","665.00","668.30","710.44","35.34","42.21","38.68","691.17","77411.00","685.18"
"Tue Oct 01 2024 09:15:00 GMT+0530 (India Standard Time)","677.00","704.35","673.40","700.00","708.76","49.80","46.78","46.55","690.48","404165.00","685.12"
"Tue Oct 01 2024 13:15:00 GMT+0530 (India Standard Time)","699.95","715.00","697.30","709.65","707.32","53.15","48.05","48.61","690.45","210767.00","685.62"
"Thu Oct 03 2024 09:15:00 GMT+0530 (India Standard Time)","705.00","709.95","689.05","696.95","705.70","48.67","46.56","46.19","689.92","238413.00","685.23"
"Thu Oct 03 2024 13:15:00 GMT+0530 (India Standard Time)","700.00","700.00","689.25","691.00","704.05","46.73","45.88","45.12","689.12","120529.00","684.88"
"Fri Oct 04 2024 09:15:00 GMT+0530 (India Standard Time)","704.00","704.00","684.15","689.20","702.71","46.14","45.68","44.79","688.53","211495.00","684.64"
"Fri Oct 04 2024 13:15:00 GMT+0530 (India Standard Time)","689.20","693.45","677.00","678.00","701.28","42.65","44.42","42.81","687.77","108035.00","684.01"
"Mon Oct 07 2024 09:15:00 GMT+0530 (India Standard Time)","686.45","693.00","673.65","677.60","699.79","42.53","44.37","42.74","687.15","214533.00","683.50"
"Mon Oct 07 2024 13:15:00 GMT+0530 (India Standard Time)","677.60","679.55","673.65","675.05","698.36","41.74","44.08","42.29","686.46","98692.00","682.84"
"Tue Oct 08 2024 09:15:00 GMT+0530 (India Standard Time)","680.45","685.20","669.50","679.65","697.22","43.72","44.74","43.40","685.76","441806.00","682.16"
"Tue Oct 08 2024 13:15:00 GMT+0530 (India Standard Time)","679.65","689.95","678.35","689.80","696.31","47.83","46.16","45.75","685.07","86026.00","681.94"
"Wed Oct 09 2024 09:15:00 GMT+0530 (India Standard Time)","687.00","704.70","686.65","690.50","695.53","48.10","46.26","45.91","684.83","214126.00","682.03"
"Wed Oct 09 2024 13:15:00 GMT+0530 (India Standard Time)","690.50","704.70","690.25","703.70","694.99","52.99","48.05","48.83","684.93","96324.00","682.72"
"Thu Oct 10 2024 09:15:00 GMT+0530 (India Standard Time)","704.50","706.90","691.65","697.35","694.52","50.59","47.28","47.56","685.04","107915.00","683.46"
"Thu Oct 10 2024 13:15:00 GMT+0530 (India Standard Time)","697.35","714.70","696.65","702.00","694.12","52.25","47.90","48.57","685.54","148218.00","684.97"
"Fri Oct 11 2024 09:15:00 GMT+0530 (India Standard Time)","702.00","710.00","693.15","705.00","693.73","53.32","48.31","49.22","686.03","55647.00","686.51"
"Fri Oct 11 2024 13:15:00 GMT+0530 (India Standard Time)","705.00","708.00","686.30","690.00","693.15","47.72","46.48","46.22","686.11","258967.00","687.66"
"Mon Oct 14 2024 09:15:00 GMT+0530 (India Standard Time)","693.00","707.20","692.95","706.00","693.04","53.22","48.59","49.59","686.49","74655.00","688.93"
"Mon Oct 14 2024 13:15:00 GMT+0530 (India Standard Time)","706.00","710.00","703.45","709.40","693.05","54.30","49.03","50.27","687.08","36243.00","690.65"
"Tue Oct 15 2024 09:15:00 GMT+0530 (India Standard Time)","709.30","716.00","702.80","711.35","693.17","54.92","49.28","50.66","687.91","82883.00","692.43"
"Tue Oct 15 2024 13:15:00 GMT+0530 (India Standard Time)","711.35","715.00","709.55","714.35","693.34","55.89","49.67","51.27","688.99","45367.00","694.52"
"Wed Oct 16 2024 09:15:00 GMT+0530 (India Standard Time)","712.05","713.00","699.10","701.85","693.38","51.08","48.10","48.69","690.09","80917.00","696.18"
"Wed Oct 16 2024 13:15:00 GMT+0530 (India Standard Time)","701.85","707.05","699.10","704.00","693.46","51.83","48.39","49.15","691.20","49106.00","696.61"
"Thu Oct 17 2024 09:15:00 GMT+0530 (India Standard Time)","703.00","709.75","690.30","695.95","693.16","48.88","47.40","47.53","692.24","90357.00","696.14"
"Thu Oct 17 2024 13:15:00 GMT+0530 (India Standard Time)","695.85","696.65","691.70","692.80","692.86","47.77","47.01","46.91","692.89","52486.00","695.92"
"Fri Oct 18 2024 09:15:00 GMT+0530 (India Standard Time)","688.00","694.45","676.65","688.95","692.33","46.41","46.55","46.16","693.39","80148.00","695.65"
"Fri Oct 18 2024 13:15:00 GMT+0530 (India Standard Time)","688.95","694.00","688.05","692.00","691.84","47.65","46.97","46.86","694.05","56175.00","695.65"
"Mon Oct 21 2024 09:15:00 GMT+0530 (India Standard Time)","693.90","721.90","693.90","712.50","691.89","54.99","49.72","51.23","695.46","319498.00","697.01"
"Mon Oct 21 2024 13:15:00 GMT+0530 (India Standard Time)","712.50","712.70","693.35","708.00","691.92","53.27","49.15","50.29","696.72","152704.00","698.20"
"Tue Oct 22 2024 09:15:00 GMT+0530 (India Standard Time)","699.00","699.00","652.80","666.75","691.39","40.93","44.41","42.92","696.02","561088.00","697.99"
"Tue Oct 22 2024 13:15:00 GMT+0530 (India Standard Time)","666.75","667.70","655.70","665.95","690.75","40.74","44.33","42.79","694.44","225346.00","697.29"
"Wed Oct 23 2024 09:15:00 GMT+0530 (India Standard Time)","662.00","666.40","644.25","662.55","689.98","39.90","43.96","42.25","692.98","157062.00","695.95"
"Wed Oct 23 2024 13:15:00 GMT+0530 (India Standard Time)","662.55","664.60","633.80","641.00","688.76","35.11","41.77","39.05","691.30","181833.00","693.67"
"Thu Oct 24 2024 09:15:00 GMT+0530 (India Standard Time)","645.00","645.00","634.20","639.30","687.54","34.77","41.60","38.81","689.41","98689.00","690.76"
"Thu Oct 24 2024 13:15:00 GMT+0530 (India Standard Time)","639.30","642.00","634.00","636.40","686.35","34.16","41.31","38.39","687.79","56413.00","687.85"
"Fri Oct 25 2024 09:15:00 GMT+0530 (India Standard Time)","636.80","639.70","611.70","615.80","684.87","30.25","39.35","35.63","685.68","139229.00","683.89"
"Fri Oct 25 2024 13:15:00 GMT+0530 (India Standard Time)","615.80","619.00","610.00","618.45","683.37","31.31","39.73","36.24","683.53","70327.00","679.76"
"Mon Oct 28 2024 09:15:00 GMT+0530 (India Standard Time)","623.05","626.70","607.70","611.95","681.87","30.13","39.12","35.39","681.29","154101.00","675.99"
"Mon Oct 28 2024 13:15:00 GMT+0530 (India Standard Time)","611.90","612.15","602.05","607.80","680.17","29.39","38.74","34.86","678.48","126814.00","671.44"
"Tue Oct 29 2024 09:15:00 GMT+0530 (India Standard Time)","608.75","614.55","600.25","606.95","678.48","29.23","38.66","34.75","675.38","130020.00","666.64"
"Tue Oct 29 2024 13:15:00 GMT+0530 (India Standard Time)","606.95","612.75","604.00","610.00","676.84","30.61","39.11","35.50","672.15","60042.00","661.82"
"Wed Oct 30 2024 09:15:00 GMT+0530 (India Standard Time)","614.55","635.70","606.95","633.90","675.67","40.21","42.50","40.99","669.54","147577.00","657.74"
"Wed Oct 30 2024 13:15:00 GMT+0530 (India Standard Time)","634.00","634.95","629.05","634.25","674.68","40.34","42.55","41.06","666.98","45510.00","654.37"
"Thu Oct 31 2024 09:15:00 GMT+0530 (India Standard Time)","630.00","644.30","628.80","642.75","674.03","43.40","43.71","42.89","664.69","151349.00","651.32"
"Thu Oct 31 2024 13:15:00 GMT+0530 (India Standard Time)","642.75","654.15","641.50","644.55","673.53","44.04","43.95","43.27","662.97","104263.00","648.86"
"Fri Nov 01 2024 17:15:00 GMT+0530 (India Standard Time)","658.00","664.30","653.00","660.45","673.33","49.34","46.04","46.52","661.44","47961.00","647.24"
"Mon Nov 04 2024 09:15:00 GMT+0530 (India Standard Time)","666.00","666.00","631.10","632.55","672.62","42.01","43.16","42.16","659.14","122972.00","645.02"
"Mon Nov 04 2024 13:15:00 GMT+0530 (India Standard Time)","632.55","634.45","630.00","634.45","671.85","42.62","43.41","42.54","656.39","55535.00","642.25"
"Tue Nov 05 2024 09:15:00 GMT+0530 (India Standard Time)","633.00","638.40","625.20","632.00","671.02","42.02","43.16","42.17","653.49","55248.00","638.52"
"Tue Nov 05 2024 13:15:00 GMT+0530 (India Standard Time)","632.00","633.95","630.10","633.90","670.30","42.67","43.41","42.56","650.92","37906.00","635.06"
"Wed Nov 06 2024 09:15:00 GMT+0530 (India Standard Time)","635.00","661.70","634.00","644.80","669.84","46.33","44.84","44.78","648.90","598997.00","633.87"
"Wed Nov 06 2024 13:15:00 GMT+0530 (India Standard Time)","644.80","645.70","638.90","644.20","668.82","46.16","44.78","44.68","646.91","170892.00","632.89"
"Thu Nov 07 2024 09:15:00 GMT+0530 (India Standard Time)","645.00","657.60","644.40","656.95","667.74","50.23","46.42","47.20","645.46","168819.00","632.66"
"Thu Nov 07 2024 13:15:00 GMT+0530 (India Standard Time)","656.95","661.85","653.00","660.50","666.95","51.31","46.86","47.88","644.45","102541.00","633.32"
"Fri Nov 08 2024 09:15:00 GMT+0530 (India Standard Time)","664.70","668.90","650.85","660.70","666.30","51.37","46.89","47.92","643.33","228933.00","634.31"
"Fri Nov 08 2024 13:15:00 GMT+0530 (India Standard Time)","660.05","663.95","657.00","657.60","665.65","50.33","46.54","47.35","641.55","164272.00","635.35"
"Mon Nov 11 2024 09:15:00 GMT+0530 (India Standard Time)","663.95","663.95","646.85","656.10","665.13","49.81","46.37","47.08","639.80","80359.00","637.02"
"Mon Nov 11 2024 13:15:00 GMT+0530 (India Standard Time)","656.10","657.00","648.00","649.45","664.54","47.54","45.61","45.87","639.04","36598.00","638.66"
"Tue Nov 12 2024 09:15:00 GMT+0530 (India Standard Time)","652.00","655.95","640.90","644.00","663.95","45.75","45.00","44.89","638.46","60909.00","640.16"
"Tue Nov 12 2024 13:15:00 GMT+0530 (India Standard Time)","644.00","644.50","630.05","635.15","663.10","42.98","44.02","43.35","637.70","38985.00","641.53"
"Wed Nov 13 2024 09:15:00 GMT+0530 (India Standard Time)","629.80","634.30","617.50","619.45","661.82","38.63","42.36","40.80","636.89","82219.00","642.27"
"Wed Nov 13 2024 13:15:00 GMT+0530 (India Standard Time)","619.45","621.30","611.35","615.00","660.27","37.50","41.90","40.11","636.05","47323.00","642.58"
"Thu Nov 14 2024 09:15:00 GMT+0530 (India Standard Time)","611.20","629.75","611.20","627.65","658.74","42.52","43.66","42.92","635.53","84545.00","642.41"
"Thu Nov 14 2024 13:15:00 GMT+0530 (India Standard Time)","627.65","636.45","620.00","626.00","657.31","42.06","43.48","42.66","635.71","58072.00","642.13"
"Mon Nov 18 2024 09:15:00 GMT+0530 (India Standard Time)","631.05","635.95","618.40","627.80","655.79","42.77","43.73","43.06","636.12","60493.00","641.55"
"Mon Nov 18 2024 13:15:00 GMT+0530 (India Standard Time)","627.80","639.00","620.00","635.80","654.38","45.88","44.84","44.82","636.70","39573.00","640.90"
"Tue Nov 19 2024 09:15:00 GMT+0530 (India Standard Time)","624.95","642.40","624.95","639.50","653.24","47.27","45.34","45.62","637.71","51993.00","639.81"
"Tue Nov 19 2024 13:15:00 GMT+0530 (India Standard Time)","639.50","640.20","633.00","635.00","651.89","45.76","44.84","44.81","638.74","37203.00","639.58"
"Thu Nov 21 2024 09:15:00 GMT+0530 (India Standard Time)","634.85","634.85","621.35","626.90","650.28","43.17","43.93","43.37","639.41","44488.00","639.30"
"Thu Nov 21 2024 13:15:00 GMT+0530 (India Standard Time)","626.90","627.45","621.00","624.90","648.56","42.55","43.71","43.03","639.37","126496.00","638.95"
"Fri Nov 22 2024 09:15:00 GMT+0530 (India Standard Time)","628.80","630.80","619.00","627.30","646.82","43.58","44.06","43.59","639.12","265876.00","638.63"
"Fri Nov 22 2024 13:15:00 GMT+0530 (India Standard Time)","627.30","630.00","626.20","630.00","645.32","44.75","44.44","44.22","638.76","21902.00","637.81"
"Mon Nov 25 2024 09:15:00 GMT+0530 (India Standard Time)","646.90","646.90","633.10","635.05","644.00","46.91","45.17","45.40","638.47","64461.00","637.53"
"Mon Nov 25 2024 13:15:00 GMT+0530 (India Standard Time)","635.05","638.90","630.60","632.00","642.71","45.77","44.81","44.81","637.56","58992.00","636.55"
"Tue Nov 26 2024 09:15:00 GMT+0530 (India Standard Time)","636.00","636.00","625.95","633.15","641.48","46.29","44.98","45.09","637.15","75399.00","635.27"
"Tue Nov 26 2024 13:15:00 GMT+0530 (India Standard Time)","632.95","638.00","628.00","631.00","640.37","45.44","44.72","44.66","637.12","50925.00","633.92"
"Wed Nov 27 2024 09:15:00 GMT+0530 (India Standard Time)","632.10","660.30","631.10","653.80","639.54","54.67","47.97","49.88","637.71","219407.00","633.48"
"Wed Nov 27 2024 13:15:00 GMT+0530 (India Standard Time)","653.80","658.90","650.10","655.00","638.43","55.09","48.13","50.14","638.50","92028.00","633.43"
"Thu Nov 28 2024 09:15:00 GMT+0530 (India Standard Time)","661.60","705.10","661.60","689.05","638.04","64.80","52.44","56.58","639.87","526430.00","635.11"
"Thu Nov 28 2024 13:15:00 GMT+0530 (India Standard Time)","689.05","697.45","688.05","693.45","638.48","65.80","52.96","57.31","641.66","114005.00","637.34"
"Fri Nov 29 2024 09:15:00 GMT+0530 (India Standard Time)","699.70","703.00","685.25","686.05","639.01","62.65","52.00","55.69","643.03","118550.00","639.91"
"Fri Nov 29 2024 13:15:00 GMT+0530 (India Standard Time)","686.05","702.00","686.05","694.00","639.71","64.56","52.93","57.03","644.30","80964.00","643.31"
"Mon Dec 02 2024 09:15:00 GMT+0530 (India Standard Time)","697.95","727.30","686.40","721.20","641.09","70.08","55.93","61.19","646.14","223313.00","647.99"
"Mon Dec 02 2024 13:15:00 GMT+0530 (India Standard Time)","721.20","735.00","720.00","730.00","642.87","71.58","56.83","62.39","648.60","321875.00","652.98"
"Tue Dec 03 2024 09:15:00 GMT+0530 (India Standard Time)","738.00","744.25","716.00","716.75","644.60","66.32","55.10","59.52","651.10","202611.00","657.56"
"Tue Dec 03 2024 13:15:00 GMT+0530 (India Standard Time)","716.15","717.55","708.00","709.00","646.40","63.45","54.11","57.92","653.25","93902.00","661.53"
"Wed Dec 04 2024 09:15:00 GMT+0530 (India Standard Time)","712.80","718.60","693.65","698.00","648.11","59.61","52.75","55.73","655.26","374988.00","664.84"
"Wed Dec 04 2024 13:15:00 GMT+0530 (India Standard Time)","698.00","699.95","691.50","693.05","649.71","57.96","52.15","54.77","657.34","152639.00","667.59"
"Thu Dec 05 2024 09:15:00 GMT+0530 (India Standard Time)","699.40","702.70","674.35","678.00","651.22","53.23","50.38","51.97","659.53","345863.00","669.85"
"Thu Dec 05 2024 13:15:00 GMT+0530 (India Standard Time)","678.00","680.00","671.05","678.70","652.62","53.42","50.46","52.09","661.70","281528.00","672.21"
"Fri Dec 06 2024 09:15:00 GMT+0530 (India Standard Time)","676.45","682.95","672.00","673.90","653.95","51.94","49.89","51.20","663.61","169994.00","674.65"
"Fri Dec 06 2024 13:15:00 GMT+0530 (India Standard Time)","673.90","675.05","671.10","673.00","654.86","51.65","49.79","51.04","665.23","98754.00","676.88"
"Mon Dec 09 2024 09:15:00 GMT+0530 (India Standard Time)","677.00","678.85","667.20","669.15","655.62","50.42","49.33","50.32","666.82","150819.00","678.89"
"Mon Dec 09 2024 13:15:00 GMT+0530 (India Standard Time)","669.15","669.55","662.15","664.60","656.13","48.98","48.80","49.47","668.03","83696.00","680.20"
"Tue Dec 10 2024 09:15:00 GMT+0530 (India Standard Time)","664.60","673.20","661.45","668.55","656.57","50.28","49.28","50.22","669.17","222181.00","681.85"
"Tue Dec 10 2024 13:15:00 GMT+0530 (India Standard Time)","668.55","670.60","663.00","664.10","656.68","48.81","48.75","49.37","670.24","69065.00","683.44"
"Wed Dec 11 2024 09:15:00 GMT+0530 (India Standard Time)","667.00","680.30","666.25","667.25","657.28","49.90","49.15","49.99","671.79","161573.00","685.26"
"Wed Dec 11 2024 13:15:00 GMT+0530 (India Standard Time)","667.25","674.90","666.70","667.15","657.99","49.86","49.14","49.97","673.41","68949.00","686.18"
"Thu Dec 12 2024 09:15:00 GMT+0530 (India Standard Time)","674.80","674.80","661.20","662.00","658.65","48.02","48.50","48.94","674.85","175749.00","686.67"
"Thu Dec 12 2024 13:15:00 GMT+0530 (India Standard Time)","661.95","662.00","659.55","659.75","659.20","47.22","48.22","48.49","675.98","93114.00","685.43"
"Fri Dec 13 2024 09:15:00 GMT+0530 (India Standard Time)","660.90","662.90","647.35","661.15","659.44","47.79","48.41","48.79","676.65","119567.00","683.77"
"Fri Dec 13 2024 13:15:00 GMT+0530 (India Standard Time)","661.15","663.35","654.60","658.00","659.74","46.60","48.01","48.14","677.54","99810.00","682.26"
"Mon Dec 16 2024 09:15:00 GMT+0530 (India Standard Time)","658.10","677.45","658.10","669.95","660.04","51.40","49.61","50.70","678.85","175461.00","681.06"
"Mon Dec 16 2024 13:15:00 GMT+0530 (India Standard Time)","669.95","672.40","669.00","671.80","660.28","52.10","49.85","51.09","680.23","46821.00","679.03"
"Tue Dec 17 2024 09:15:00 GMT+0530 (India Standard Time)","673.00","674.60","666.00","668.50","660.47","50.74","49.42","50.37","680.99","91334.00","676.20"
"Tue Dec 17 2024 13:15:00 GMT+0530 (India Standard Time)","668.30","670.40","664.50","667.50","660.63","50.31","49.29","50.14","681.45","53967.00","673.54"
"Wed Dec 18 2024 09:15:00 GMT+0530 (India Standard Time)","667.50","675.95","657.95","663.10","660.82","48.46","48.71","49.17","680.75","116239.00","671.35"
"Wed Dec 18 2024 13:15:00 GMT+0530 (India Standard Time)","663.10","669.85","660.65","661.50","661.07","47.78","48.49","48.82","679.72","44578.00","669.51"
"Thu Dec 19 2024 09:15:00 GMT+0530 (India Standard Time)","662.95","664.75","648.90","663.75","661.35","48.83","48.81","49.34","678.56","103054.00","667.89"
"Thu Dec 19 2024 13:15:00 GMT+0530 (India Standard Time)","663.75","669.90","659.10","669.90","661.97","51.63","49.68","50.77","677.57","80170.00","667.12"
"Fri Dec 20 2024 09:15:00 GMT+0530 (India Standard Time)","670.00","688.70","666.55","677.00","663.06","54.63","50.66","52.37","676.35","207328.00","667.13"
"Fri Dec 20 2024 13:15:00 GMT+0530 (India Standard Time)","677.00","683.75","672.05","678.60","664.31","55.28","50.88","52.72","674.56","238338.00","667.25"
"Mon Dec 23 2024 09:15:00 GMT+0530 (India Standard Time)","678.60","683.85","663.00","670.00","665.27","51.11","49.67","50.64","672.65","104342.00","667.19"
"Mon Dec 23 2024 13:15:00 GMT+0530 (India Standard Time)","670.00","671.75","663.50","670.00","666.10","51.11","49.67","50.64","671.11","51238.00","667.08"
"Tue Dec 24 2024 09:15:00 GMT+0530 (India Standard Time)","667.85","671.70","662.75","664.20","666.87","48.39","48.86","49.25","669.78","62006.00","667.10"
"Tue Dec 24 2024 13:15:00 GMT+0530 (India Standard Time)","664.20","674.00","663.80","672.00","667.62","52.00","49.98","51.10","668.89","33714.00","667.22"
"Thu Dec 26 2024 09:15:00 GMT+0530 (India Standard Time)","672.00","696.55","671.90","684.70","668.58","57.11","51.74","53.93","668.87","231308.00","668.13"
"Thu Dec 26 2024 13:15:00 GMT+0530 (India Standard Time)","684.70","684.70","674.45","678.00","669.44","53.93","50.78","52.29","668.96","75124.00","668.54"
"Fri Dec 27 2024 09:15:00 GMT+0530 (India Standard Time)","679.75","684.20","672.95","680.05","670.47","54.74","51.06","52.74","669.06","83257.00","669.03"
"Fri Dec 27 2024 13:15:00 GMT+0530 (India Standard Time)","680.05","681.15","675.00","676.50","671.53","53.04","50.55","51.87","669.22","48461.00","669.61"
"Mon Dec 30 2024 09:15:00 GMT+0530 (India Standard Time)","671.15","677.30","667.00","670.00","672.43","50.06","49.62","50.29","669.21","66543.00","670.13"
"Mon Dec 30 2024 13:15:00 GMT+0530 (India Standard Time)","670.00","683.00","660.80","677.80","673.34","53.36","50.73","52.09","669.51","100917.00","670.92"
"Tue Dec 31 2024 09:15:00 GMT+0530 (India Standard Time)","674.00","674.00","665.00","668.05","673.97","49.10","49.35","49.78","669.56","53331.00","671.41"
"Tue Dec 31 2024 13:15:00 GMT+0530 (India Standard Time)","668.05","672.50","663.90","671.80","674.70","50.69","49.88","50.64","669.68","44781.00","671.47"
"Wed Jan 01 2025 09:15:00 GMT+0530 (India Standard Time)","669.60","679.65","669.15","674.60","675.55","51.87","50.28","51.29","669.80","40633.00","671.62"
"Wed Jan 01 2025 13:15:00 GMT+0530 (India Standard Time)","674.00","678.80","668.95","673.50","676.38","51.36","50.12","51.02","669.94","45499.00","671.83"
"Thu Jan 02 2025 09:15:00 GMT+0530 (India Standard Time)","674.95","679.50","668.75","670.70","676.84","50.06","49.71","50.33","670.19","53952.00","672.06"
"Thu Jan 02 2025 13:15:00 GMT+0530 (India Standard Time)","670.70","671.50","668.80","671.00","677.15","50.20","49.76","50.40","670.55","38912.00","672.33"
"Fri Jan 03 2025 09:15:00 GMT+0530 (India Standard Time)","672.80","689.95","665.55","667.00","676.88","48.27","49.17","49.39","671.16","108326.00","672.75"
"Fri Jan 03 2025 13:15:00 GMT+0530 (India Standard Time)","667.00","669.15","666.00","667.00","676.36","48.27","49.17","49.39","671.47","40540.00","673.09"
"Mon Jan 06 2025 09:15:00 GMT+0530 (India Standard Time)","671.75","671.75","645.90","650.10","675.65","40.94","46.74","45.33","671.02","104134.00","672.48"
"Mon Jan 06 2025 13:15:00 GMT+0530 (India Standard Time)","650.10","652.00","645.00","648.50","674.74","40.33","46.51","44.97","670.22","48763.00","671.11"
"Tue Jan 07 2025 09:15:00 GMT+0530 (India Standard Time)","649.00","653.80","635.20","644.70","673.35","38.89","45.99","44.11","669.32","130677.00","669.51"
"Tue Jan 07 2025 13:15:00 GMT+0530 (India Standard Time)","644.70","644.70","636.95","642.95","671.61","38.22","45.74","43.72","668.39","48364.00","668.09"
"Wed Jan 08 2025 09:15:00 GMT+0530 (India Standard Time)","641.75","650.25","635.80","645.90","670.03","40.03","46.23","44.58","667.62","93489.00","666.93"
"Wed Jan 08 2025 13:15:00 GMT+0530 (India Standard Time)","645.90","648.80","640.00","644.75","668.71","39.56","46.07","44.31","666.92","50806.00","665.92"
"Thu Jan 09 2025 09:15:00 GMT+0530 (India Standard Time)","638.00","642.00","627.55","629.30","667.31","33.90","43.93","40.87","665.99","95614.00","664.09"
"Thu Jan 09 2025 13:15:00 GMT+0530 (India Standard Time)","629.30","632.00","625.00","628.00","665.98","33.48","43.75","40.60","664.63","58320.00","661.41"
"Fri Jan 10 2025 09:15:00 GMT+0530 (India Standard Time)","625.90","625.90","611.00","620.75","664.71","31.20","42.79","39.10","662.55","122177.00","658.60"
"Fri Jan 10 2025 13:15:00 GMT+0530 (India Standard Time)","621.30","623.65","616.00","616.15","663.53","29.85","42.19","38.19","660.43","33781.00","655.68"
"Mon Jan 13 2025 09:15:00 GMT+0530 (India Standard Time)","618.50","618.55","600.10","600.55","662.11","25.86","40.25","35.30","658.07","108509.00","652.23"
"Mon Jan 13 2025 13:15:00 GMT+0530 (India Standard Time)","600.55","601.05","587.60","592.20","660.52","24.05","39.26","33.88","655.40","115270.00","648.53"
"Tue Jan 14 2025 09:15:00 GMT+0530 (India Standard Time)","600.00","602.40","586.85","588.00","658.92","23.19","38.77","33.20","652.77","110424.00","644.55"
"Tue Jan 14 2025 13:15:00 GMT+0530 (India Standard Time)","588.00","588.90","584.00","584.95","657.33","22.58","38.42","32.70","649.77","92516.00","640.59"
"Wed Jan 15 2025 09:15:00 GMT+0530 (India Standard Time)","588.05","598.50","584.00","591.95","655.81","27.22","39.70","34.99","646.45","80789.00","636.86"
"Wed Jan 15 2025 13:15:00 GMT+0530 (India Standard Time)","591.95","594.90","587.00","594.00","654.35","28.53","40.07","35.65","643.34","39087.00","632.95"
"Thu Jan 16 2025 09:15:00 GMT+0530 (India Standard Time)","598.00","601.85","594.00","600.60","652.93","32.65","41.26","37.74","640.47","45234.00","629.41"
"Thu Jan 16 2025 13:15:00 GMT+0530 (India Standard Time)","600.60","602.95","599.30","601.00","651.57","32.90","41.33","37.87","637.74","29939.00","626.01"
"Fri Jan 17 2025 09:15:00 GMT+0530 (India Standard Time)","600.00","604.20","593.00","597.75","650.23","31.90","40.92","37.24","635.13","46845.00","622.56"
"Fri Jan 17 2025 13:15:00 GMT+0530 (India Standard Time)","597.75","599.60","596.25","599.00","648.99","32.72","41.15","37.65","632.43","28036.00","619.04"
"Mon Jan 20 2025 09:15:00 GMT+0530 (India Standard Time)","600.50","614.00","600.05","603.40","647.94","35.59","41.96","39.09","630.17","92978.00","616.09"
"Mon Jan 20 2025 13:15:00 GMT+0530 (India Standard Time)","603.40","608.00","598.25","601.15","646.81","34.80","41.66","38.62","627.78","84106.00","613.60"
"Tue Jan 21 2025 09:15:00 GMT+0530 (India Standard Time)","605.05","619.95","601.15","607.05","645.61","38.58","42.75","40.54","625.46","288499.00","611.70"
"Tue Jan 21 2025 13:15:00 GMT+0530 (India Standard Time)","607.05","608.00","592.55","597.00","644.16","34.95","41.41","38.43","622.80","89009.00","609.52"
"Wed Jan 22 2025 09:15:00 GMT+0530 (India Standard Time)","561.00","570.00","515.50","517.35","641.37","19.60","33.04","26.98","617.84","1935361.00","604.19"
"Wed Jan 22 2025 13:15:00 GMT+0530 (India Standard Time)","517.50","533.50","505.65","512.00","638.34","19.01","32.59","26.44","612.36","1117934.00","598.06"
"Thu Jan 23 2025 09:15:00 GMT+0530 (India Standard Time)","520.00","526.95","510.15","514.75","635.37","20.31","33.07","27.21","606.76","393241.00","591.97"
"Thu Jan 23 2025 13:15:00 GMT+0530 (India Standard Time)","514.75","516.65","505.65","511.15","632.32","19.87","32.76","26.83","601.18","123880.00","586.21"
"Fri Jan 24 2025 09:15:00 GMT+0530 (India Standard Time)","515.00","516.60","497.00","501.05","629.20","18.69","31.91","25.79","595.79","315622.00","580.29"
"Fri Jan 24 2025 13:15:00 GMT+0530 (India Standard Time)","501.05","501.55","495.00","498.00","625.81","18.34","31.66","25.48","590.42","169064.00","574.51"
"Mon Jan 27 2025 09:15:00 GMT+0530 (India Standard Time)","496.85","496.85","470.55","481.50","621.92","16.60","30.33","23.89","584.65","316362.00","568.06"
"Mon Jan 27 2025 13:15:00 GMT+0530 (India Standard Time)","481.50","487.00","476.20","487.00","618.04","19.29","31.31","25.48","579.00","130846.00","562.32"
"Tue Jan 28 2025 09:15:00 GMT+0530 (India Standard Time)","485.00","489.45","453.30","465.10","613.97","17.00","29.62","23.48","572.76","415441.00","556.37"
"Tue Jan 28 2025 13:15:00 GMT+0530 (India Standard Time)","465.10","509.50","461.00","500.00","610.45","30.75","35.27","32.23","567.25","471778.00","551.67"
"Wed Jan 29 2025 09:15:00 GMT+0530 (India Standard Time)","497.00","542.40","497.00","517.90","607.51","36.43","37.87","36.09","563.18","294588.00","548.48"
"Wed Jan 29 2025 13:15:00 GMT+0530 (India Standard Time)","518.45","530.00","514.45","518.10","604.50","36.49","37.90","36.13","559.34","200366.00","545.08"
"Thu Jan 30 2025 09:15:00 GMT+0530 (India Standard Time)","525.00","526.45","492.85","494.55","600.86","32.61","35.93","33.48","555.25","189998.00","540.77"
"Thu Jan 30 2025 13:15:00 GMT+0530 (India Standard Time)","494.55","498.00","491.00","498.00","597.21","33.70","36.42","34.21","550.86","83522.00","535.87"
"Fri Jan 31 2025 09:15:00 GMT+0530 (India Standard Time)","497.95","503.80","486.85","487.40","593.45","32.04","35.57","33.06","546.80","162863.00","530.65"
"Fri Jan 31 2025 13:15:00 GMT+0530 (India Standard Time)","487.40","490.00","486.40","489.50","589.68","32.73","35.87","33.52","543.05","84847.00","525.44"
"Sat Feb 01 2025 09:15:00 GMT+0530 (India Standard Time)","491.90","504.05","488.15","491.00","586.13","33.23","36.09","33.85","539.55","112477.00","520.44"
"Sat Feb 01 2025 13:15:00 GMT+0530 (India Standard Time)","491.00","499.20","487.25","492.00","582.48","33.58","36.24","34.07","536.22","33153.00","515.08"
"Mon Feb 03 2025 09:15:00 GMT+0530 (India Standard Time)","489.00","498.00","478.60","479.60","578.79","31.43","35.21","32.66","532.43","94970.00","509.45"
"Mon Feb 03 2025 13:15:00 GMT+0530 (India Standard Time)","479.60","485.95","477.00","477.00","574.97","31.00","35.00","32.37","528.43","63282.00","503.28"
"Tue Feb 04 2025 09:15:00 GMT+0530 (India Standard Time)","485.90","488.00","477.05","478.20","571.09","31.46","35.18","32.66","524.23","59268.00","497.65"
"Tue Feb 04 2025 13:15:00 GMT+0530 (India Standard Time)","478.50","480.00","473.50","475.00","567.13","30.88","34.91","32.29","519.77","64819.00","495.07"
"Wed Feb 05 2025 09:15:00 GMT+0530 (India Standard Time)","478.00","488.10","468.00","469.60","563.16","29.90","34.46","31.66","515.37","244240.00","493.07"
"Wed Feb 05 2025 13:15:00 GMT+0530 (India Standard Time)","469.60","470.85","468.00","469.40","559.14","29.87","34.45","31.64","510.77","81186.00","490.82"
"Thu Feb 06 2025 09:15:00 GMT+0530 (India Standard Time)","471.95","473.60","459.25","459.80","554.95","28.13","33.65","30.54","505.71","169992.00","488.54"
"Thu Feb 06 2025 13:15:00 GMT+0530 (India Standard Time)","459.80","460.50","455.15","458.00","550.76","27.81","33.50","30.33","500.55","158820.00","486.35"
"Fri Feb 07 2025 09:15:00 GMT+0530 (India Standard Time)","457.65","460.05","440.00","441.80","546.59","25.12","32.19","28.56","494.76","280462.00","483.86"
"Fri Feb 07 2025 13:15:00 GMT+0530 (India Standard Time)","441.50","453.60","441.05","451.00","542.61","29.20","33.69","30.92","489.38","242275.00","482.27"
"Mon Feb 10 2025 09:15:00 GMT+0530 (India Standard Time)","451.20","455.00","438.40","439.90","538.58","27.32","32.80","29.70","486.17","159316.00","480.31"
"Mon Feb 10 2025 13:15:00 GMT+0530 (India Standard Time)","439.90","445.50","436.00","437.90","534.53","26.99","32.64","29.49","483.41","146330.00","478.94"
"Tue Feb 11 2025 09:15:00 GMT+0530 (India Standard Time)","441.60","442.95","415.00","415.25","530.08","23.60","30.93","27.20","480.09","442414.00","475.58"
"Tue Feb 11 2025 13:15:00 GMT+0530 (India Standard Time)","415.25","423.75","413.85","422.50","525.60","26.69","32.09","29.01","476.84","170079.00","470.91"
"Wed Feb 12 2025 09:15:00 GMT+0530 (India Standard Time)","430.00","442.80","421.00","440.40","521.69","33.66","34.84","33.24","474.34","402136.00","466.91"
"Wed Feb 12 2025 13:15:00 GMT+0530 (India Standard Time)","440.40","442.00","433.60","440.40","517.90","33.66","34.84","33.24","472.21","101140.00","463.91"
"Thu Feb 13 2025 09:15:00 GMT+0530 (India Standard Time)","452.70","452.70","436.00","441.05","514.37","33.91","34.94","33.39","470.79","494767.00","461.36"
"Thu Feb 13 2025 13:15:00 GMT+0530 (India Standard Time)","441.05","441.05","429.10","431.00","510.67","31.94","34.13","32.22","469.02","271727.00","458.58"
"Fri Feb 14 2025 09:15:00 GMT+0530 (India Standard Time)","437.20","437.20","416.80","417.45","507.01","29.52","33.06","30.73","467.39","95717.00","455.41"
"Fri Feb 14 2025 13:15:00 GMT+0530 (India Standard Time)","417.45","439.65","417.20","430.05","503.73","34.38","34.98","33.67","465.21","72991.00","452.34"
"Mon Feb 17 2025 09:15:00 GMT+0530 (India Standard Time)","434.00","434.30","416.60","419.20","500.35","32.36","34.12","32.45","461.79","869049.00","449.00"
"Mon Feb 17 2025 13:15:00 GMT+0530 (India Standard Time)","419.20","423.75","418.10","420.35","497.05","32.80","34.30","32.71","458.21","163777.00","445.98"
"Tue Feb 18 2025 09:15:00 GMT+0530 (India Standard Time)","421.15","428.05","404.00","405.00","493.43","30.07","33.11","31.04","454.92","193419.00","442.71"
"Tue Feb 18 2025 13:15:00 GMT+0530 (India Standard Time)","405.00","408.05","402.50","403.00","489.66","29.73","32.96","30.83","451.66","200502.00","439.08"
"Wed Feb 19 2025 09:15:00 GMT+0530 (India Standard Time)","405.35","414.10","403.25","410.30","485.87","32.64","34.08","32.55","448.68","190762.00","435.92"
"Wed Feb 19 2025 13:15:00 GMT+0530 (India Standard Time)","410.30","414.00","407.50","413.00","482.08","33.70","34.49","33.19","445.93","86794.00","432.97"
"Thu Feb 20 2025 09:15:00 GMT+0530 (India Standard Time)","413.95","423.30","410.65","422.55","478.51","37.39","35.93","35.40","443.23","134425.00","430.60"
"Thu Feb 20 2025 13:15:00 GMT+0530 (India Standard Time)","422.55","429.00","421.80","425.85","475.06","38.62","36.42","36.15","440.82","85269.00","428.82"
"Fri Feb 21 2025 09:15:00 GMT+0530 (India Standard Time)","436.65","444.90","429.85","432.75","471.65","41.17","37.45","37.71","439.05","230167.00","427.73"
"Fri Feb 21 2025 13:15:00 GMT+0530 (India Standard Time)","432.75","434.30","426.10","428.65","468.20","40.13","37.09","37.15","437.26","73216.00","426.95"
"Mon Feb 24 2025 09:15:00 GMT+0530 (India Standard Time)","430.80","431.00","416.70","419.00","464.45","37.77","36.25","35.88","435.16","120953.00","425.62"
"Mon Feb 24 2025 13:15:00 GMT+0530 (India Standard Time)","419.00","420.20","415.10","418.10","460.84","37.56","36.17","35.76","433.07","72903.00","424.41"
"Tue Feb 25 2025 09:15:00 GMT+0530 (India Standard Time)","418.35","424.00","410.90","412.15","458.53","36.12","35.66","34.98","430.95","97931.00","423.25"
"Tue Feb 25 2025 13:15:00 GMT+0530 (India Standard Time)","412.15","415.80","409.00","413.00","456.47","36.49","35.79","35.19","428.92","72013.00","422.80"
"Thu Feb 27 2025 09:15:00 GMT+0530 (India Standard Time)","413.15","415.25","400.35","401.05","454.23","33.65","34.76","33.63","426.82","124186.00","422.02"
"Thu Feb 27 2025 13:15:00 GMT+0530 (India Standard Time)","401.05","410.20","399.70","407.00","452.12","36.24","35.70","35.10","424.95","105601.00","420.59"
"Fri Feb 28 2025 09:15:00 GMT+0530 (India Standard Time)","407.85","407.85","391.20","394.55","449.99","33.38","34.64","33.50","423.19","203043.00","418.59"
"Fri Feb 28 2025 13:15:00 GMT+0530 (India Standard Time)","394.55","404.45","393.80","402.00","448.03","36.53","35.80","35.31","421.46","93406.00","416.58"
"Mon Mar 03 2025 09:15:00 GMT+0530 (India Standard Time)","402.80","405.00","381.00","387.85","446.19","33.38","34.61","33.53","419.56","192664.00","414.55"
"Mon Mar 03 2025 13:15:00 GMT+0530 (India Standard Time)","387.85","395.10","385.00","388.00","444.28","33.45","34.64","33.57","417.76","145659.00","412.97"
"Tue Mar 04 2025 09:15:00 GMT+0530 (India Standard Time)","385.05","402.00","385.05","394.20","442.80","36.10","35.61","35.09","416.66","157009.00","411.28"
"Tue Mar 04 2025 13:15:00 GMT+0530 (India Standard Time)","394.20","402.90","391.75","400.75","440.93","38.81","36.62","36.66","415.89","81336.00","410.17"
"Wed Mar 05 2025 09:15:00 GMT+0530 (India Standard Time)","405.00","412.15","400.05","406.60","438.68","41.15","37.51","38.04","414.88","111395.00","409.49"
"Wed Mar 05 2025 13:15:00 GMT+0530 (India Standard Time)","406.70","408.20","404.40","407.40","436.41","41.47","37.63","38.23","413.74","57413.00","409.32"
"Thu Mar 06 2025 09:15:00 GMT+0530 (India Standard Time)","411.80","420.50","408.25","416.00","434.67","44.87","38.94","40.25","412.72","158791.00","409.85"
"Thu Mar 06 2025 13:15:00 GMT+0530 (India Standard Time)","416.00","418.50","413.10","413.90","433.04","44.21","38.74","39.92","412.06","55794.00","410.10"
"Fri Mar 07 2025 09:15:00 GMT+0530 (India Standard Time)","416.95","433.35","413.15","427.25","431.72","49.18","40.73","42.96","412.09","184394.00","410.74"
"Fri Mar 07 2025 13:15:00 GMT+0530 (India Standard Time)","427.25","430.85","424.80","429.95","430.52","50.13","41.12","43.55","412.07","76601.00","411.17"
"Mon Mar 10 2025 09:15:00 GMT+0530 (India Standard Time)","429.00","433.95","413.70","415.90","429.05","45.51","39.72","41.25","411.99","94928.00","410.90"
"Mon Mar 10 2025 13:15:00 GMT+0530 (India Standard Time)","415.90","416.70","408.55","409.00","427.41","43.44","39.06","40.18","411.66","79675.00","409.74"
"Tue Mar 11 2025 09:15:00 GMT+0530 (India Standard Time)","403.30","414.20","400.60","405.20","425.86","42.33","38.70","39.60","411.46","121472.00","408.64"
"Tue Mar 11 2025 13:15:00 GMT+0530 (India Standard Time)","405.20","409.50","402.30","409.50","424.43","44.03","39.34","40.60","411.55","69675.00","407.99"
"Wed Mar 12 2025 09:15:00 GMT+0530 (India Standard Time)","409.90","419.80","405.95","408.65","423.04","43.76","39.26","40.47","411.63","121288.00","407.65"
"Wed Mar 12 2025 13:15:00 GMT+0530 (India Standard Time)","408.65","412.00","407.05","408.90","421.70","43.87","39.30","40.53","411.55","61408.00","407.38"
"Thu Mar 13 2025 09:15:00 GMT+0530 (India Standard Time)","413.80","414.00","406.00","407.90","420.41","43.53","39.20","40.36","411.21","106759.00","407.21"
"Thu Mar 13 2025 13:15:00 GMT+0530 (India Standard Time)","407.90","407.90","400.00","400.00","419.06","40.88","38.40","39.04","410.39","58001.00","407.09"
"Mon Mar 17 2025 09:15:00 GMT+0530 (India Standard Time)","403.75","403.75","390.70","391.15","417.68","38.15","37.53","37.62","408.94","206063.00","406.53"
"Mon Mar 17 2025 13:15:00 GMT+0530 (India Standard Time)","391.15","394.85","389.00","391.95","416.36","38.54","37.66","37.83","407.60","80215.00","406.29"
"Tue Mar 18 2025 09:15:00 GMT+0530 (India Standard Time)","395.85","402.40","392.75","401.15","415.43","42.88","39.14","40.21","406.76","107848.00","406.23"
"Tue Mar 18 2025 13:15:00 GMT+0530 (India Standard Time)","401.15","404.20","400.20","402.00","414.49","43.27","39.28","40.43","406.20","61595.00","406.78"
"Wed Mar 19 2025 09:15:00 GMT+0530 (India Standard Time)","404.80","412.65","404.50","409.00","413.80","46.43","40.40","42.20","405.95","134129.00","407.72"
"Wed Mar 19 2025 13:15:00 GMT+0530 (India Standard Time)","409.00","414.25","408.00","413.00","413.25","48.16","41.03","43.20","405.92","48192.00","408.59"
"Thu Mar 20 2025 09:15:00 GMT+0530 (India Standard Time)","414.85","423.00","408.65","412.35","413.09","47.89","40.96","43.07","406.24","130480.00","409.31"
"Thu Mar 20 2025 13:15:00 GMT+0530 (India Standard Time)","412.00","412.85","409.10","409.10","412.88","46.55","40.60","42.45","406.41","77138.00","409.48"
"Fri Mar 21 2025 09:15:00 GMT+0530 (India Standard Time)","410.35","422.40","409.10","416.70","412.48","49.99","41.82","44.39","407.06","139375.00","409.93"
"Fri Mar 21 2025 13:15:00 GMT+0530 (India Standard Time)","416.70","420.00","413.20","419.95","412.06","51.39","42.34","45.20","407.69","62198.00","410.08"
"Mon Mar 24 2025 09:15:00 GMT+0530 (India Standard Time)","423.50","441.00","418.00","429.70","411.80","55.34","43.86","47.57","409.06","421143.00","410.78"
"Mon Mar 24 2025 13:15:00 GMT+0530 (India Standard Time)","429.70","432.75","425.10","426.85","411.70","53.99","43.52","46.96","410.45","98338.00","410.91"
"Tue Mar 25 2025 09:15:00 GMT+0530 (India Standard Time)","430.50","432.90","410.05","414.65","411.62","48.67","42.09","44.45","411.36","163199.00","410.39"
"Tue Mar 25 2025 13:15:00 GMT+0530 (India Standard Time)","414.65","415.85","401.50","403.50","411.15","44.47","40.84","42.32","411.66","266392.00","409.73"
"Wed Mar 26 2025 09:15:00 GMT+0530 (India Standard Time)","405.95","409.20","391.75","394.15","410.65","41.33","39.83","40.65","411.38","290902.00","409.09"
"Wed Mar 26 2025 13:15:00 GMT+0530 (India Standard Time)","394.15","394.30","383.45","386.90","410.00","39.08","39.06","39.40","410.72","273124.00","408.21"
"Thu Mar 27 2025 09:15:00 GMT+0530 (India Standard Time)","387.00","393.15","382.30","385.50","409.52","38.65","38.92","39.16","409.72","241379.00","407.21"
"Thu Mar 27 2025 13:15:00 GMT+0530 (India Standard Time)","385.50","465.00","381.95","439.95","410.07","57.56","46.82","51.02","410.21","1653936.00","408.21"
"Fri Mar 28 2025 09:15:00 GMT+0530 (India Standard Time)","446.00","483.70","433.00","459.00","411.05","61.88","49.16","54.23","411.43","1369046.00","410.56"
"Fri Mar 28 2025 13:15:00 GMT+0530 (India Standard Time)","459.30","464.50","452.00","458.00","411.98","61.53","49.05","54.04","412.49","289179.00","412.90"
"Tue Apr 01 2025 09:15:00 GMT+0530 (India Standard Time)","457.70","483.00","455.50","463.65","412.91","62.76","49.73","54.96","414.14","314517.00","415.97"
"Tue Apr 01 2025 13:15:00 GMT+0530 (India Standard Time)","463.65","464.50","456.00","459.00","413.59","61.07","49.18","54.04","415.86","102893.00","419.09"
"Wed Apr 02 2025 09:15:00 GMT+0530 (India Standard Time)","461.45","462.55","448.55","449.50","413.94","57.74","48.07","52.21","417.54","138823.00","421.98"
"Wed Apr 02 2025 13:15:00 GMT+0530 (India Standard Time)","449.50","454.00","449.50","452.50","414.40","58.49","48.44","52.73","419.14","57618.00","424.49"
"Thu Apr 03 2025 09:15:00 GMT+0530 (India Standard Time)","447.00","461.60","447.00","451.95","415.03","58.29","48.38","52.62","420.64","174209.00","426.92"
"Thu Apr 03 2025 13:15:00 GMT+0530 (India Standard Time)","451.95","459.20","451.55","453.00","415.76","58.57","48.51","52.81","422.26","77383.00","429.08"
"Fri Apr 04 2025 09:15:00 GMT+0530 (India Standard Time)","452.70","452.80","435.30","436.20","416.26","52.58","46.55","49.54","423.41","121563.00","430.42"
"Fri Apr 04 2025 13:15:00 GMT+0530 (India Standard Time)","436.20","437.25","427.05","434.85","416.68","52.13","46.39","49.29","424.49","114941.00","431.34"
"Mon Apr 07 2025 09:15:00 GMT+0530 (India Standard Time)","386.10","407.90","378.60","400.30","416.53","42.37","42.72","43.46","424.51","201734.00","430.71"
"Mon Apr 07 2025 13:15:00 GMT+0530 (India Standard Time)","400.30","417.80","399.60","416.50","416.66","47.23","44.80","46.51","425.20","60935.00","430.54"
"Tue Apr 08 2025 09:15:00 GMT+0530 (India Standard Time)","429.00","432.65","417.00","424.00","417.21","49.31","45.74","47.85","426.12","93079.00","430.83"
"Tue Apr 08 2025 13:15:00 GMT+0530 (India Standard Time)","424.00","438.00","422.65","437.65","417.88","52.86","47.38","50.19","427.22","46834.00","431.04"
"Wed Apr 09 2025 09:15:00 GMT+0530 (India Standard Time)","427.00","434.20","418.80","425.65","418.59","49.65","46.13","48.23","427.84","71264.00","430.95"
"Wed Apr 09 2025 13:15:00 GMT+0530 (India Standard Time)","425.65","428.65","423.75","426.20","419.33","49.80","46.20","48.33","428.36","27490.00","431.34"
"Fri Apr 11 2025 09:15:00 GMT+0530 (India Standard Time)","447.00","447.95","435.60","443.40","420.31","54.18","48.23","51.20","429.34","109393.00","433.08"
"Fri Apr 11 2025 13:15:00 GMT+0530 (India Standard Time)","443.40","449.90","440.55","442.00","421.20","53.78","48.08","50.96","430.55","76322.00","435.28"
"Tue Apr 15 2025 09:15:00 GMT+0530 (India Standard Time)","455.00","461.00","450.45","456.00","422.19","57.11","49.68","53.20","431.97","110085.00","438.52"
"Tue Apr 15 2025 13:15:00 GMT+0530 (India Standard Time)","456.00","457.95","453.30","456.95","423.18","57.33","49.79","53.34","433.34","47078.00","441.84"
"Wed Apr 16 2025 09:15:00 GMT+0530 (India Standard Time)","456.20","463.45","455.30","459.25","424.06","57.88","50.05","53.71","434.40","72946.00","443.15"
"Wed Apr 16 2025 13:15:00 GMT+0530 (India Standard Time)","459.25","463.45","455.50","461.90","424.98","58.52","50.35","54.13","435.55","73586.00","443.25"
"Thu Apr 17 2025 09:15:00 GMT+0530 (India Standard Time)","461.00","473.15","455.30","470.00","425.81","60.46","51.27","55.42","437.22","146470.00","443.67"
"Thu Apr 17 2025 13:15:00 GMT+0530 (India Standard Time)","470.00","470.00","463.55","465.00","426.55","58.69","50.68","54.45","439.34","83520.00","443.65"
"Mon Apr 21 2025 09:15:00 GMT+0530 (India Standard Time)","469.85","472.30","461.30","467.45","427.50","59.30","50.96","54.85","441.79","97951.00","444.01"
"Mon Apr 21 2025 13:15:00 GMT+0530 (India Standard Time)","467.45","475.20","465.50","471.00","428.70","60.20","51.37","55.43","444.73","89649.00","444.87"
"Tue Apr 22 2025 09:15:00 GMT+0530 (India Standard Time)","474.00","492.00","466.75","488.25","430.25","64.25","53.31","58.12","448.14","349555.00","446.38"
"Tue Apr 22 2025 13:15:00 GMT+0530 (India Standard Time)","488.25","490.95","478.15","482.00","431.76","61.86","52.54","56.84","450.09","173843.00","447.81"
"Wed Apr 23 2025 09:15:00 GMT+0530 (India Standard Time)","540.00","540.00","493.40","498.70","433.70","65.47","54.33","59.31","451.96","3156131.00","450.36"
"Wed Apr 23 2025 13:15:00 GMT+0530 (India Standard Time)","498.75","503.60","490.35","494.80","435.43","63.98","53.85","58.51","453.32","745257.00","453.02"
"Thu Apr 24 2025 09:15:00 GMT+0530 (India Standard Time)","494.80","498.25","485.15","485.50","437.02","60.55","52.71","56.63","454.11","330726.00","455.64"
"Thu Apr 24 2025 13:15:00 GMT+0530 (India Standard Time)","485.50","486.85","480.45","482.00","438.64","59.29","52.28","55.93","454.94","137419.00","459.74"
"Fri Apr 25 2025 09:15:00 GMT+0530 (India Standard Time)","482.95","484.00","454.40","464.85","440.10","53.56","50.26","52.67","455.45","408107.00","462.33"
"Fri Apr 25 2025 13:15:00 GMT+0530 (India Standard Time)","464.85","467.40","460.90","460.95","441.51","52.35","49.82","51.96","455.84","112273.00","464.15"
"Mon Apr 28 2025 09:15:00 GMT+0530 (India Standard Time)","458.70","470.60","456.40","463.85","442.79","53.18","50.15","52.45","456.21","202477.00","465.56"
"Mon Apr 28 2025 13:15:00 GMT+0530 (India Standard Time)","463.85","466.50","458.05","464.95","444.03","53.50","50.28","52.64","456.51","94225.00","467.35"
"Tue Apr 29 2025 09:15:00 GMT+0530 (India Standard Time)","465.00","469.00","459.00","460.45","445.09","51.97","49.75","51.78","457.28","127795.00","469.06"
"Tue Apr 29 2025 13:15:00 GMT+0530 (India Standard Time)","460.45","469.60","459.75","466.50","446.16","53.83","50.47","52.85","458.43","106043.00","470.16"
"Wed Apr 30 2025 09:15:00 GMT+0530 (India Standard Time)","465.00","465.00","452.80","453.50","447.01","49.50","48.94","50.38","460.62","175584.00","470.76"
"Wed Apr 30 2025 13:15:00 GMT+0530 (India Standard Time)","453.50","459.25","444.00","447.80","447.80","47.74","48.28","49.34","462.02","128021.00","470.47"
"Fri May 02 2025 09:15:00 GMT+0530 (India Standard Time)","449.10","453.00","438.45","439.40","448.33","45.24","47.34","47.85","462.70","168939.00","469.81"
"Fri May 02 2025 13:15:00 GMT+0530 (India Standard Time)","439.40","442.05","438.05","440.95","448.77","45.79","47.53","48.15","462.97","64731.00","468.92"
"Mon May 05 2025 09:15:00 GMT+0530 (India Standard Time)","445.60","447.00","437.85","440.60","449.01","45.68","47.49","48.08","463.53","124333.00","468.00"
"Mon May 05 2025 13:15:00 GMT+0530 (India Standard Time)","440.60","443.90","440.00","443.40","449.31","46.74","47.85","48.64","464.11","43653.00","466.84"
"Tue May 06 2025 09:15:00 GMT+0530 (India Standard Time)","442.85","446.35","432.90","433.95","449.68","43.71","46.75","46.89","463.94","113349.00","465.45"
"Tue May 06 2025 13:15:00 GMT+0530 (India Standard Time)","433.95","434.50","423.30","423.95","450.09","40.77","45.62","45.11","463.34","91121.00","463.52"
"Wed May 07 2025 09:15:00 GMT+0530 (India Standard Time)","416.00","432.75","415.00","426.95","450.65","42.00","46.02","45.75","462.24","295978.00","461.36"
"Wed May 07 2025 13:15:00 GMT+0530 (India Standard Time)","426.50","431.00","424.40","428.60","451.45","42.69","46.24","46.10","461.23","70544.00","458.71"
"Thu May 08 2025 09:15:00 GMT+0530 (India Standard Time)","433.00","444.75","431.90","436.25","452.47","45.81","47.26","47.72","460.46","121709.00","456.52"
"Thu May 08 2025 13:15:00 GMT+0530 (India Standard Time)","436.25","436.25","425.60","427.00","452.41","42.85","46.18","46.00","459.36","59397.00","452.77"
"Fri May 09 2025 09:15:00 GMT+0530 (India Standard Time)","417.05","427.65","415.50","424.50","451.70","42.07","45.90","45.54","457.81","158894.00","449.30"
"Fri May 09 2025 13:15:00 GMT+0530 (India Standard Time)","424.50","430.00","420.25","427.00","451.06","43.15","46.24","46.09","456.36","62396.00","446.32"
"Mon May 12 2025 09:15:00 GMT+0530 (India Standard Time)","454.95","455.00","443.45","448.00","450.70","51.15","48.98","50.41","455.71","234367.00","444.69"
"Mon May 12 2025 13:15:00 GMT+0530 (India Standard Time)","448.00","453.00","448.00","451.50","450.53","52.32","49.42","51.08","455.01","151271.00","443.93"
"Tue May 13 2025 09:15:00 GMT+0530 (India Standard Time)","450.15","467.00","446.25","457.05","450.62","54.16","50.11","52.14","454.09","330836.00","443.66"
"Tue May 13 2025 13:15:00 GMT+0530 (India Standard Time)","457.05","467.90","454.00","466.65","450.85","57.15","51.28","53.91","453.35","325327.00","443.66"
"Wed May 14 2025 09:15:00 GMT+0530 (India Standard Time)","469.00","469.35","458.15","460.40","451.03","54.71","50.49","52.61","451.63","176089.00","443.59"
"Wed May 14 2025 13:15:00 GMT+0530 (India Standard Time)","460.40","466.00","458.55","464.00","451.21","55.85","50.94","53.28","450.44","83460.00","443.64"
"Thu May 15 2025 09:15:00 GMT+0530 (India Standard Time)","464.20","472.35","458.45","465.00","451.71","56.17","51.06","53.46","449.57","230882.00","443.62"
"Thu May 15 2025 13:15:00 GMT+0530 (India Standard Time)","465.45","468.75","461.30","464.00","452.33","55.74","50.93","53.24","448.91","86442.00","444.01"
"Fri May 16 2025 09:15:00 GMT+0530 (India Standard Time)","462.15","492.00","462.15","484.70","454.01","62.02","53.44","57.01","449.34","648029.00","445.50"
"Fri May 16 2025 13:15:00 GMT+0530 (India Standard Time)","484.55","487.40","480.20","486.50","455.46","62.50","53.65","57.32","450.11","150743.00","447.52"
"Mon May 19 2025 09:15:00 GMT+0530 (India Standard Time)","492.00","496.60","487.30","491.90","456.81","63.96","54.27","58.24","451.12","250946.00","449.97"
"Mon May 19 2025 13:15:00 GMT+0530 (India Standard Time)","491.90","492.60","487.00","489.00","457.92","62.59","53.87","57.56","452.06","78260.00","452.25"
"Tue May 20 2025 09:15:00 GMT+0530 (India Standard Time)","494.00","495.40","481.50","482.50","459.11","59.59","52.98","56.03","452.90","102193.00","454.29"
"Tue May 20 2025 13:15:00 GMT+0530 (India Standard Time)","482.50","483.15","473.55","480.60","460.17","58.73","52.72","55.59","453.40","87924.00","456.32"
"Wed May 21 2025 09:15:00 GMT+0530 (India Standard Time)","484.50","484.50","475.50","478.70","460.91","57.85","52.46","55.14","454.20","128548.00","458.85"
"Wed May 21 2025 13:15:00 GMT+0530 (India Standard Time)","478.70","482.00","476.05","482.00","461.65","58.97","52.88","55.78","455.26","43090.00","461.47"
"Thu May 22 2025 09:15:00 GMT+0530 (India Standard Time)","482.00","486.00","473.00","475.85","462.08","56.06","52.02","54.30","456.50","121374.00","463.83"
"Thu May 22 2025 13:15:00 GMT+0530 (India Standard Time)","475.85","480.00","473.55","480.00","462.53","57.54","52.55","55.13","457.84","69418.00","465.78"
"Fri May 23 2025 09:15:00 GMT+0530 (India Standard Time)","481.20","482.20","473.75","476.75","462.89","55.99","52.09","54.34","459.11","111985.00","468.09"
"Fri May 23 2025 13:15:00 GMT+0530 (India Standard Time)","476.90","479.90","474.30","476.75","463.21","55.99","52.09","54.34","460.35","55803.00","470.66"
"Mon May 26 2025 09:15:00 GMT+0530 (India Standard Time)","479.00","481.50","471.45","472.40","463.36","53.84","51.47","53.26","461.68","154648.00","472.96"
"Mon May 26 2025 13:15:00 GMT+0530 (India Standard Time)","472.40","474.90","470.20","472.75","463.49","53.98","51.51","53.33","463.30","72006.00","474.10"
"Tue May 27 2025 09:15:00 GMT+0530 (India Standard Time)","473.90","480.95","470.90","479.10","463.70","56.66","52.37","54.72","465.16","82474.00","475.37"
"Tue May 27 2025 13:15:00 GMT+0530 (India Standard Time)","479.10","489.00","477.45","487.50","463.99","59.89","53.49","56.48","467.19","201653.00","476.72"
"Wed May 28 2025 09:15:00 GMT+0530 (India Standard Time)","489.00","490.00","478.80","484.10","464.00","58.05","52.98","55.58","468.85","166164.00","477.70"
"Wed May 28 2025 13:15:00 GMT+0530 (India Standard Time)","484.10","485.95","481.15","482.80","464.00","57.34","52.78","55.24","470.77","51189.00","478.70"
"Thu May 29 2025 09:15:00 GMT+0530 (India Standard Time)","483.65","485.00","478.60","478.95","463.45","55.25","52.20","54.21","472.85","72868.00","479.52"
"Thu May 29 2025 13:15:00 GMT+0530 (India Standard Time)","478.95","482.90","478.50","480.95","463.15","56.12","52.48","54.66","474.82","42716.00","480.27"
"Fri May 30 2025 09:15:00 GMT+0530 (India Standard Time)","480.50","490.65","479.00","485.45","463.08","58.06","53.10","55.67","476.11","150359.00","481.25"
"Fri May 30 2025 13:15:00 GMT+0530 (India Standard Time)","485.45","486.70","482.90","484.00","463.12","57.20","52.87","55.26","477.32","59577.00","481.42"
"Mon Jun 02 2025 09:15:00 GMT+0530 (India Standard Time)","484.90","486.20","479.00","481.30","463.41","55.60","52.45","54.50","478.22","77544.00","481.26"
"Mon Jun 02 2025 13:15:00 GMT+0530 (India Standard Time)","481.30","492.35","480.15","487.00","463.90","58.19","53.26","55.82","479.07","135068.00","481.01"
"Tue Jun 03 2025 09:15:00 GMT+0530 (India Standard Time)","490.00","491.00","484.75","485.00","464.35","56.97","52.93","55.24","479.93","70712.00","480.87"
"Tue Jun 03 2025 13:15:00 GMT+0530 (India Standard Time)","485.05","487.00","482.80","486.00","464.79","57.44","53.08","55.48","480.74","53869.00","480.87"
"Wed Jun 04 2025 09:15:00 GMT+0530 (India Standard Time)","489.00","489.00","479.70","481.80","465.20","54.80","52.39","54.23","481.39","70526.00","481.04"
"Wed Jun 04 2025 13:15:00 GMT+0530 (India Standard Time)","481.80","482.00","475.10","481.60","465.49","54.67","52.36","54.17","481.92","71072.00","481.08"
"Thu Jun 05 2025 09:15:00 GMT+0530 (India Standard Time)","480.00","487.95","480.00","483.00","466.04","55.43","52.57","54.53","482.06","57450.00","481.22"
"Thu Jun 05 2025 13:15:00 GMT+0530 (India Standard Time)","483.00","486.00","479.85","485.10","466.73","56.56","52.89","55.08","482.02","48011.00","481.52"
"Fri Jun 06 2025 09:15:00 GMT+0530 (India Standard Time)","483.00","501.50","481.80","488.60","467.68","58.41","53.42","55.98","481.98","321882.00","482.08"
"Fri Jun 06 2025 13:15:00 GMT+0530 (India Standard Time)","488.60","489.60","482.00","482.15","468.55","53.96","52.31","53.92","481.80","72644.00","482.39"
"Mon Jun 09 2025 09:15:00 GMT+0530 (India Standard Time)","482.40","489.15","482.35","487.85","469.45","57.00","53.19","55.41","481.80","71617.00","482.86"
"Mon Jun 09 2025 13:15:00 GMT+0530 (India Standard Time)","487.80","489.50","473.30","479.95","470.21","52.00","51.84","52.97","481.87","315506.00","483.16"
"Tue Jun 10 2025 09:15:00 GMT+0530 (India Standard Time)","482.80","487.00","479.30","483.65","471.14","53.99","52.42","53.95","482.00","114371.00","483.67"
"Tue Jun 10 2025 13:15:00 GMT+0530 (India Standard Time)","483.65","484.15","466.30","470.90","472.08","46.96","50.31","50.24","481.78","502191.00","483.46"
"Wed Jun 11 2025 09:15:00 GMT+0530 (India Standard Time)","469.10","490.45","469.10","487.40","473.24","54.93","52.81","54.41","481.92","266597.00","483.38"
"Wed Jun 11 2025 13:15:00 GMT+0530 (India Standard Time)","487.40","487.40","479.30","483.10","474.34","52.76","52.11","53.22","482.11","85982.00","483.33"
"Thu Jun 12 2025 09:15:00 GMT+0530 (India Standard Time)","485.00","486.00","474.60","477.05","475.17","49.85","51.15","51.58","482.17","105275.00","483.11"
"Thu Jun 12 2025 13:15:00 GMT+0530 (India Standard Time)","477.05","477.30","467.00","468.75","476.00","46.19","49.86","49.43","481.96","104468.00","482.64"
"Fri Jun 13 2025 09:15:00 GMT+0530 (India Standard Time)","460.00","468.00","450.95","462.30","476.76","43.57","48.89","47.84","481.44","157577.00","481.69"
"Fri Jun 13 2025 13:15:00 GMT+0530 (India Standard Time)","462.30","467.25","455.00","455.00","477.40","40.83","47.81","46.11","480.95","146306.00","480.40"
"Mon Jun 16 2025 09:15:00 GMT+0530 (India Standard Time)","455.80","464.60","448.65","461.25","477.60","44.00","48.80","47.77","480.28","142885.00","479.19"
"Mon Jun 16 2025 13:15:00 GMT+0530 (India Standard Time)","461.25","464.85","460.00","463.00","477.84","44.87","49.07","48.23","479.49","63788.00","478.27"
"Tue Jun 17 2025 09:15:00 GMT+0530 (India Standard Time)","459.25","467.40","457.60","458.40","477.91","43.03","48.38","47.11","478.67","118271.00","477.03"
"Tue Jun 17 2025 13:15:00 GMT+0530 (India Standard Time)","458.40","460.00","456.05","457.65","477.79","42.73","48.27","46.92","477.76","37255.00","475.66"
"Wed Jun 18 2025 09:15:00 GMT+0530 (India Standard Time)","457.50","463.00","453.90","458.25","477.72","43.06","48.36","47.09","476.96","72438.00","474.37"
"Wed Jun 18 2025 13:15:00 GMT+0530 (India Standard Time)","458.25","459.50","456.15","458.75","477.62","43.35","48.45","47.24","476.15","39331.00","473.19"
"Thu Jun 19 2025 09:15:00 GMT+0530 (India Standard Time)","456.00","463.20","447.85","448.75","477.36","39.17","46.91","44.73","475.01","92222.00","471.86"
"Thu Jun 19 2025 13:15:00 GMT+0530 (India Standard Time)","448.75","451.30","444.65","446.00","477.01","38.11","46.50","44.07","473.68","62080.00","470.13"
"Fri Jun 20 2025 09:15:00 GMT+0530 (India Standard Time)","444.30","454.40","443.25","451.00","476.39","41.15","47.36","45.57","472.52","56060.00","468.50"
"Fri Jun 20 2025 13:15:00 GMT+0530 (India Standard Time)","451.00","456.70","447.75","456.00","475.77","44.04","48.20","47.04","471.34","39116.00","466.79"
"Mon Jun 23 2025 09:15:00 GMT+0530 (India Standard Time)","446.30","461.80","446.30","458.75","475.06","45.58","48.66","47.83","470.22","117675.00","465.47"
"Mon Jun 23 2025 13:15:00 GMT+0530 (India Standard Time)","458.75","463.00","457.60","462.90","474.50","47.86","49.36","49.02","469.36","47597.00","464.27"
"Tue Jun 24 2025 09:15:00 GMT+0530 (India Standard Time)","465.00","471.15","462.30","468.10","474.14","50.58","50.21","50.48","468.78","98619.00","463.64"
"Tue Jun 24 2025 13:15:00 GMT+0530 (India Standard Time)","467.80","468.90","462.10","463.50","473.84","48.24","49.46","49.20","468.25","42049.00","462.74"
"Wed Jun 25 2025 09:15:00 GMT+0530 (India Standard Time)","464.05","476.40","464.05","470.55","473.66","51.82","50.62","51.15","467.78","86776.00","462.61"
"Wed Jun 25 2025 13:15:00 GMT+0530 (India Standard Time)","471.40","475.00","470.15","473.55","473.51","53.27","51.10","51.95","467.39","40440.00","462.11"
"Thu Jun 26 2025 09:15:00 GMT+0530 (India Standard Time)","473.70","477.20","469.20","470.75","473.40","51.75","50.63","51.14","466.74","43161.00","461.58"
"Thu Jun 26 2025 13:15:00 GMT+0530 (India Standard Time)","470.75","471.25","468.00","470.10","473.23","51.39","50.52","50.95","466.21","33046.00","461.16"
"Fri Jun 27 2025 09:15:00 GMT+0530 (India Standard Time)","475.60","479.00","470.10","470.40","473.13","51.55","50.57","51.04","465.74","118087.00","461.25"
"Fri Jun 27 2025 13:15:00 GMT+0530 (India Standard Time)","470.40","472.05","463.70","467.95","472.95","50.12","50.14","50.30","465.27","122766.00","461.59"
"Mon Jun 30 2025 09:15:00 GMT+0530 (India Standard Time)","467.40","477.00","467.40","473.20","472.91","53.06","51.04","51.84","464.89","93971.00","462.29"
"Mon Jun 30 2025 13:15:00 GMT+0530 (India Standard Time)","473.20","476.25","473.20","476.25","472.97","54.69","51.56","52.72","464.94","54417.00","463.07"
"Tue Jul 01 2025 09:15:00 GMT+0530 (India Standard Time)","476.25","478.80","469.55","474.40","472.91","53.50","51.23","52.13","464.65","56733.00","463.63"
"Tue Jul 01 2025 13:15:00 GMT+0530 (India Standard Time)","474.40","476.50","473.00","476.40","472.71","54.62","51.57","52.72","464.37","37397.00","464.35"
"Wed Jul 02 2025 09:15:00 GMT+0530 (India Standard Time)","473.25","477.30","469.15","473.80","472.50","52.89","51.09","51.86","464.16","90785.00","465.09"
"Wed Jul 02 2025 13:15:00 GMT+0530 (India Standard Time)","473.80","477.00","472.40","475.40","472.33","53.83","51.38","52.35","464.30","38962.00","465.89"
"Thu Jul 03 2025 09:15:00 GMT+0530 (India Standard Time)","480.00","483.45","473.20","480.55","472.32","56.76","52.28","53.90","464.97","120483.00","466.89"
"Thu Jul 03 2025 13:15:00 GMT+0530 (India Standard Time)","480.50","481.45","480.00","480.20","472.31","56.51","52.22","53.78","465.73","42012.00","468.24"
"Fri Jul 04 2025 09:15:00 GMT+0530 (India Standard Time)","481.10","489.30","476.75","480.70","472.24","56.80","52.31","53.94","466.59","118557.00","469.90"
"Fri Jul 04 2025 13:15:00 GMT+0530 (India Standard Time)","480.70","486.75","480.35","485.00","472.24","59.27","53.07","55.25","467.36","72547.00","471.54"
"Mon Jul 07 2025 09:15:00 GMT+0530 (India Standard Time)","482.25","494.10","480.60","493.25","472.41","63.48","54.51","57.65","468.36","213982.00","473.26"
"Mon Jul 07 2025 13:15:00 GMT+0530 (India Standard Time)","493.25","493.25","490.00","491.00","472.50","61.65","54.05","56.79","469.56","91769.00","474.93"
"Tue Jul 08 2025 09:15:00 GMT+0530 (India Standard Time)","491.95","505.50","486.90","493.45","472.67","62.87","54.47","57.50","470.88","372189.00","476.51"
"Tue Jul 08 2025 13:15:00 GMT+0530 (India Standard Time)","493.45","495.95","490.20","495.50","472.85","63.88","54.83","58.08","472.16","128617.00","477.79"
"Wed Jul 09 2025 09:15:00 GMT+0530 (India Standard Time)","493.95","500.00","486.05","491.95","473.03","60.87","54.08","56.69","473.56","183298.00","479.12"
"Wed Jul 09 2025 13:15:00 GMT+0530 (India Standard Time)","491.95","492.00","482.65","486.90","473.17","56.87","53.04","54.77","474.99","74205.00","479.92"
"Thu Jul 10 2025 09:15:00 GMT+0530 (India Standard Time)","495.00","499.70","486.30","489.25","473.33","58.21","53.47","55.49","476.49","232674.00","480.78"
"Thu Jul 10 2025 13:15:00 GMT+0530 (India Standard Time)","489.25","489.55","481.95","488.25","473.39","57.42","53.26","55.10","477.68","87843.00","481.49"
"Fri Jul 11 2025 09:15:00 GMT+0530 (India Standard Time)","484.45","491.00","480.50","481.80","473.26","52.54","51.93","52.67","478.70","87124.00","482.16"
"Fri Jul 11 2025 13:15:00 GMT+0530 (India Standard Time)","481.80","484.00","480.60","481.85","473.22","52.57","51.93","52.69","479.45","37383.00","482.61"
"Mon Jul 14 2025 09:15:00 GMT+0530 (India Standard Time)","483.00","485.10","473.70","476.00","473.04","48.45","50.74","50.55","479.85","60750.00","483.08"
"Mon Jul 14 2025 13:15:00 GMT+0530 (India Standard Time)","476.00","480.25","470.95","475.10","472.93","47.85","50.56","50.23","480.23","103610.00","483.20"
"Tue Jul 15 2025 09:15:00 GMT+0530 (India Standard Time)","475.90","486.80","473.10","484.35","472.91","54.04","52.35","53.38","480.62","78376.00","483.52"
"Tue Jul 15 2025 13:15:00 GMT+0530 (India Standard Time)","484.35","488.20","481.15","483.80","473.13","53.64","52.23","53.17","481.03","89073.00","484.00"
"Wed Jul 16 2025 09:15:00 GMT+0530 (India Standard Time)","484.10","487.55","481.55","483.20","473.14","53.20","52.11","52.94","481.45","36766.00","484.39"
"Wed Jul 16 2025 13:15:00 GMT+0530 (India Standard Time)","482.60","487.00","481.90","483.25","473.15","53.23","52.12","52.96","481.96","37289.00","484.88"
"Thu Jul 17 2025 09:15:00 GMT+0530 (India Standard Time)","487.15","487.95","483.40","485.25","473.29","54.62","52.51","53.66","482.40","44703.00","485.38"
"Thu Jul 17 2025 13:15:00 GMT+0530 (India Standard Time)","485.25","487.25","484.10","484.95","473.58","54.37","52.45","53.54","483.03","29247.00","485.66"
"Fri Jul 18 2025 09:15:00 GMT+0530 (India Standard Time)","487.95","492.30","478.10","479.90","474.02","50.22","51.33","51.49","483.42","121986.00","485.76"
"Fri Jul 18 2025 13:15:00 GMT+0530 (India Standard Time)","479.90","481.00","475.10","478.10","474.42","48.83","50.94","50.78","483.52","55722.00","485.58"
"Mon Jul 21 2025 09:15:00 GMT+0530 (India Standard Time)","479.00","480.95","471.80","476.85","474.77","47.86","50.67","50.28","483.60","89764.00","485.21"
"Mon Jul 21 2025 13:15:00 GMT+0530 (India Standard Time)","476.85","477.30","472.55","474.80","475.01","46.28","50.22","49.46","483.59","60205.00","484.48"
"Tue Jul 22 2025 09:15:00 GMT+0530 (India Standard Time)","476.95","482.60","472.50","477.30","475.35","48.46","50.76","50.47","483.73","129972.00","483.82"
"Tue Jul 22 2025 13:15:00 GMT+0530 (India Standard Time)","477.30","483.70","475.60","480.00","475.79","50.73","51.35","51.55","483.90","98922.00","483.10"
"Wed Jul 23 2025 09:15:00 GMT+0530 (India Standard Time)","461.95","476.30","441.00","470.40","475.92","43.57","49.23","47.76","483.32","870154.00","481.69"
"Wed Jul 23 2025 13:15:00 GMT+0530 (India Standard Time)","470.45","473.35","467.00","470.00","476.15","43.31","49.14","47.61","482.94","150474.00","480.62"
"Thu Jul 24 2025 09:15:00 GMT+0530 (India Standard Time)","470.10","473.00","466.45","470.05","476.51","43.35","49.15","47.63","482.50","127601.00","479.80"
"Thu Jul 24 2025 13:15:00 GMT+0530 (India Standard Time)","470.05","471.00","467.35","470.65","476.97","43.92","49.29","47.89","481.99","53021.00","478.79"
"Fri Jul 25 2025 09:15:00 GMT+0530 (India Standard Time)","468.25","468.25","458.70","463.30","477.23","38.90","47.68","45.07","481.06","76742.00","477.66"
"Fri Jul 25 2025 13:15:00 GMT+0530 (India Standard Time)","463.30","463.65","455.10","460.00","477.35","36.91","46.98","43.88","479.92","41018.00","476.52"
"Mon Jul 28 2025 09:15:00 GMT+0530 (India Standard Time)","459.25","459.25","447.50","450.10","477.25","31.79","44.96","40.57","478.39","87822.00","475.07"
"Mon Jul 28 2025 13:15:00 GMT+0530 (India Standard Time)","450.10","450.40","438.35","444.50","476.91","29.38","43.87","38.87","476.62","140846.00","473.49"
"Tue Jul 29 2025 09:15:00 GMT+0530 (India Standard Time)","446.00","450.55","446.00","449.60","476.54","34.17","45.10","41.18","475.05","48627.00","472.23"
"Tue Jul 29 2025 13:15:00 GMT+0530 (India Standard Time)","449.70","452.70","448.30","452.00","476.28","36.30","45.68","42.24","473.76","36571.00","470.76"
"Wed Jul 30 2025 09:15:00 GMT+0530 (India Standard Time)","452.20","457.15","448.05","449.00","475.88","34.82","45.08","41.29","472.32","26214.00","469.17"
"Wed Jul 30 2025 13:15:00 GMT+0530 (India Standard Time)","449.00","450.80","447.75","450.00","475.41","35.74","45.32","41.74","471.00","21563.00","467.54"
"Thu Jul 31 2025 09:15:00 GMT+0530 (India Standard Time)","440.55","453.95","436.65","452.15","474.95","37.72","45.84","42.71","469.68","49156.00","465.86"
"Thu Jul 31 2025 13:15:00 GMT+0530 (India Standard Time)","452.15","453.00","449.60","450.70","474.57","36.91","45.54","42.22","468.57","28455.00","464.22"
"Fri Aug 01 2025 09:15:00 GMT+0530 (India Standard Time)","450.50","460.00","449.85","450.05","474.17","36.54","45.41","42.00","467.68","55131.00","462.66"
"Fri Aug 01 2025 13:15:00 GMT+0530 (India Standard Time)","450.05","451.45","442.15","445.00","473.73","33.80","44.37","40.31","466.63","150830.00","460.91"
"Mon Aug 04 2025 09:15:00 GMT+0530 (India Standard Time)","446.00","447.05","438.05","441.05","473.11","31.84","43.57","39.04","465.23","55499.00","459.19"
"Mon Aug 04 2025 13:15:00 GMT+0530 (India Standard Time)","441.05","442.00","438.75","442.00","472.43","32.82","43.82","39.51","463.68","23082.00","457.50"
"Tue Aug 05 2025 09:15:00 GMT+0530 (India Standard Time)","441.85","443.40","426.00","430.00","471.59","27.54","41.48","35.91","461.86","184246.00","455.48"
"Tue Aug 05 2025 13:15:00 GMT+0530 (India Standard Time)","430.00","431.95","427.50","429.75","470.67","27.44","41.44","35.84","459.92","73362.00","453.20"
"Wed Aug 06 2025 09:15:00 GMT+0530 (India Standard Time)","432.00","435.00","427.55","433.05","469.85","30.81","42.31","37.49","458.00","49707.00","450.94"
"Wed Aug 06 2025 13:15:00 GMT+0530 (India Standard Time)","433.05","434.25","432.80","433.00","469.01","30.78","42.30","37.48","456.14","18025.00","449.45"
"Thu Aug 07 2025 09:15:00 GMT+0530 (India Standard Time)","433.05","435.15","428.35","434.00","468.08","31.84","42.57","37.99","454.32","57149.00","447.67"
"Thu Aug 07 2025 13:15:00 GMT+0530 (India Standard Time)","434.00","435.00","426.00","435.00","467.12","32.91","42.84","38.51","452.67","63906.00","445.91"
"Fri Aug 08 2025 09:15:00 GMT+0530 (India Standard Time)","434.05","439.20","433.90","435.85","466.21","33.84","43.08","38.95","451.24","49466.00","444.30"
"Fri Aug 08 2025 13:15:00 GMT+0530 (India Standard Time)","435.85","437.05","421.20","424.90","465.07","28.50","40.89","35.54","449.55","173084.00","442.57"
"Mon Aug 11 2025 09:15:00 GMT+0530 (India Standard Time)","427.60","434.80","414.75","421.70","463.73","27.18","40.28","34.62","447.64","83104.00","440.83"
"Mon Aug 11 2025 13:15:00 GMT+0530 (India Standard Time)","421.70","424.40","420.20","423.25","462.35","28.85","40.72","35.45","445.59","27231.00","439.45"
"Tue Aug 12 2025 09:15:00 GMT+0530 (India Standard Time)","423.50","431.15","423.50","428.35","461.01","34.08","42.13","38.10","444.35","50299.00","438.66"
"Tue Aug 12 2025 13:15:00 GMT+0530 (India Standard Time)","428.35","430.70","427.70","429.00","459.71","34.73","42.31","38.43","442.88","32437.00","437.72"
"Wed Aug 13 2025 09:15:00 GMT+0530 (India Standard Time)","430.80","433.95","423.60","427.05","458.42","33.69","41.91","37.80","441.40","46937.00","436.61"
"Wed Aug 13 2025 13:15:00 GMT+0530 (India Standard Time)","427.05","427.80","422.10","423.20","457.16","31.73","41.14","36.60","439.78","38672.00","435.33"
"Thu Aug 14 2025 09:15:00 GMT+0530 (India Standard Time)","424.50","427.40","417.85","420.80","455.77","30.57","40.66","35.86","438.30","43065.00","434.00"
"Thu Aug 14 2025 13:15:00 GMT+0530 (India Standard Time)","420.80","421.75","418.50","418.60","454.42","29.53","40.23","35.20","436.87","16504.00","432.61"
"Mon Aug 18 2025 09:15:00 GMT+0530 (India Standard Time)","428.00","430.10","422.20","426.35","453.27","37.42","42.43","39.28","435.94","54784.00","431.43"
"Mon Aug 18 2025 13:15:00 GMT+0530 (India Standard Time)","426.35","429.20","425.40","428.50","452.18","39.39","43.03","40.35","435.35","21275.00","430.26"
"Tue Aug 19 2025 09:15:00 GMT+0530 (India Standard Time)","427.10","443.35","427.10","440.15","451.38","48.62","46.09","45.70","434.92","79620.00","429.87"
"Tue Aug 19 2025 13:15:00 GMT+0530 (India Standard Time)","440.15","443.70","439.30","442.35","450.71","50.13","46.64","46.63","434.59","31306.00","429.87"
"Wed Aug 20 2025 09:15:00 GMT+0530 (India Standard Time)","438.20","447.25","438.05","445.15","449.95","52.01","47.34","47.80","434.31","38398.00","430.00"
"Wed Aug 20 2025 13:15:00 GMT+0530 (India Standard Time)","445.15","445.60","440.15","441.00","449.10","49.13","46.43","46.25","434.05","25171.00","430.46"
"Thu Aug 21 2025 09:15:00 GMT+0530 (India Standard Time)","442.15","448.80","442.10","444.95","448.33","51.80","47.41","47.90","433.97","27826.00","431.19"
"Thu Aug 21 2025 13:15:00 GMT+0530 (India Standard Time)","444.95","445.00","440.20","442.75","447.51","50.26","46.92","47.07","433.67","20481.00","431.69"
"Fri Aug 22 2025 09:15:00 GMT+0530 (India Standard Time)","440.25","446.55","438.40","445.70","446.68","52.26","47.66","48.30","433.32","38782.00","432.21"
"Fri Aug 22 2025 13:15:00 GMT+0530 (India Standard Time)","445.70","446.70","444.60","446.70","445.90","52.93","47.91","48.72","433.31","15346.00","432.84"
"Mon Aug 25 2025 09:15:00 GMT+0530 (India Standard Time)","453.85","453.85","442.15","443.65","445.16","50.64","47.21","47.52","433.47","33973.00","433.47"
"Mon Aug 25 2025 13:15:00 GMT+0530 (India Standard Time)","443.65","445.25","438.50","443.85","444.46","50.79","47.26","47.61","433.53","22780.00","433.78"
"Tue Aug 26 2025 09:15:00 GMT+0530 (India Standard Time)","438.95","449.70","430.20","435.70","443.68","45.06","45.42","44.52","433.72","46035.00","434.30"
"Tue Aug 26 2025 13:15:00 GMT+0530 (India Standard Time)","435.70","436.20","426.30","428.00","442.78","40.53","43.78","41.87","433.74","39178.00","434.60"
"Thu Aug 28 2025 09:15:00 GMT+0530 (India Standard Time)","429.00","429.70","417.30","418.20","441.65","35.73","41.83","38.85","433.38","147444.00","434.51"
"Thu Aug 28 2025 13:15:00 GMT+0530 (India Standard Time)","418.20","422.45","416.15","418.90","440.43","36.29","42.01","39.17","432.87","64574.00","434.09"
"Fri Aug 29 2025 09:15:00 GMT+0530 (India Standard Time)","416.15","430.85","416.15","423.20","439.61","39.72","43.17","41.14","432.55","31739.00","433.82"
"Fri Aug 29 2025 13:15:00 GMT+0530 (India Standard Time)","423.20","423.85","421.00","421.50","438.65","38.85","42.82","40.60","432.19","17146.00","433.54"
"Mon Sep 01 2025 09:15:00 GMT+0530 (India Standard Time)","424.75","429.40","421.50","422.75","437.73","39.86","43.16","41.18","431.77","46533.00","433.54"
"Mon Sep 01 2025 13:15:00 GMT+0530 (India Standard Time)","422.20","429.25","422.20","427.00","436.86","43.22","44.30","43.11","431.72","65848.00","433.76"
"Tue Sep 02 2025 09:15:00 GMT+0530 (India Standard Time)","429.05","443.80","425.75","440.80","436.35","52.31","47.76","48.72","432.18","120568.00","434.64"
"Tue Sep 02 2025 13:15:00 GMT+0530 (India Standard Time)","441.20","441.30","432.00","436.00","435.88","49.42","46.73","47.06","432.67","78253.00","435.12"
"Wed Sep 03 2025 09:15:00 GMT+0530 (India Standard Time)","435.75","446.30","434.90","445.20","435.70","54.48","48.88","50.39","433.19","78464.00","435.83"
"Wed Sep 03 2025 13:15:00 GMT+0530 (India Standard Time)","445.20","445.20","438.00","440.00","435.63","51.43","47.77","48.61","433.62","45619.00","435.98"
"Thu Sep 04 2025 09:15:00 GMT+0530 (India Standard Time)","443.90","443.90","432.00","432.90","435.36","47.60","46.31","46.32","433.91","108973.00","435.67"
"Thu Sep 04 2025 13:15:00 GMT+0530 (India Standard Time)","432.90","433.75","428.10","429.40","434.94","45.84","45.61","45.23","434.12","28147.00","435.02"
"Fri Sep 05 2025 09:15:00 GMT+0530 (India Standard Time)","430.20","435.00","425.80","428.05","434.51","45.16","45.34","44.82","434.39","38295.00","434.41"
"Fri Sep 05 2025 13:15:00 GMT+0530 (India Standard Time)","428.05","436.00","427.95","433.25","434.17","48.26","46.58","46.76","434.85","32764.00","433.81"
"Mon Sep 08 2025 09:15:00 GMT+0530 (India Standard Time)","434.05","465.35","434.05","459.00","434.28","59.99","52.04","54.84","435.80","262689.00","434.37"
"Mon Sep 08 2025 13:15:00 GMT+0530 (India Standard Time)","459.00","481.00","458.45","470.00","434.66","63.69","54.08","57.67","437.30","629624.00","435.59"
"Tue Sep 09 2025 09:15:00 GMT+0530 (India Standard Time)","474.85","485.90","464.25","466.30","435.02","61.68","53.31","56.45","438.56","309467.00","436.76"
"Tue Sep 09 2025 13:15:00 GMT+0530 (India Standard Time)","466.30","467.70","462.50","464.00","435.39","60.43","52.83","55.69","439.38","86533.00","437.65"
"Wed Sep 10 2025 09:15:00 GMT+0530 (India Standard Time)","465.05","465.05","456.10","461.00","435.77","58.80","52.20","54.71","440.00","135578.00","438.51"
"Wed Sep 10 2025 13:15:00 GMT+0530 (India Standard Time)","461.00","463.50","458.15","459.80","436.15","58.15","51.95","54.32","440.65","50341.00","439.58"
"Thu Sep 11 2025 09:15:00 GMT+0530 (India Standard Time)","460.45","469.20","455.00","455.00","436.68","55.54","50.95","52.76","441.17","91680.00","440.96"
"Thu Sep 11 2025 13:15:00 GMT+0530 (India Standard Time)","455.00","458.00","455.00","456.60","437.22","56.23","51.27","53.22","441.66","27094.00","442.66"
"Fri Sep 12 2025 09:15:00 GMT+0530 (India Standard Time)","459.00","459.80","453.15","457.45","437.71","56.60","51.44","53.47","442.14","156232.00","444.46"
"Fri Sep 12 2025 13:15:00 GMT+0530 (India Standard Time)","457.45","459.05","452.95","457.05","438.18","56.36","51.36","53.33","442.50","33637.00","446.04"
"Mon Sep 15 2025 09:15:00 GMT+0530 (India Standard Time)","459.90","468.90","458.45","464.80","438.80","59.80","52.90","55.60","443.13","72174.00","448.05"
"Mon Sep 15 2025 13:15:00 GMT+0530 (India Standard Time)","464.80","466.70","461.30","463.10","439.42","58.73","52.53","54.99","443.89","43354.00","449.93"
"Tue Sep 16 2025 09:15:00 GMT+0530 (India Standard Time)","462.85","472.40","460.95","467.90","440.04","60.81","53.47","56.37","444.91","88208.00","451.88"
"Tue Sep 16 2025 13:15:00 GMT+0530 (India Standard Time)","467.90","469.00","465.25","465.60","440.83","59.31","52.96","55.53","446.21","29851.00","453.24"
"Wed Sep 17 2025 09:15:00 GMT+0530 (India Standard Time)","467.50","480.05","466.80","478.00","441.88","64.29","55.32","58.91","448.11","142756.00","455.11"
"Wed Sep 17 2025 13:15:00 GMT+0530 (India Standard Time)","478.00","485.50","476.25","477.25","443.00","63.79","55.15","58.63","450.27","256871.00","456.84"
"Thu Sep 18 2025 09:15:00 GMT+0530 (India Standard Time)","479.90","488.00","477.85","480.00","444.08","64.84","55.66","59.35","452.36","125171.00","458.77"
"Thu Sep 18 2025 13:15:00 GMT+0530 (India Standard Time)","480.00","481.40","476.50","478.00","445.06","63.44","55.19","58.59","454.38","55990.00","460.82"
"Fri Sep 19 2025 09:15:00 GMT+0530 (India Standard Time)","479.00","483.20","478.00","481.20","446.12","64.72","55.79","59.45","456.39","72774.00","463.24"
"Fri Sep 19 2025 13:15:00 GMT+0530 (India Standard Time)","481.15","482.95","478.00","478.10","447.23","62.50","55.06","58.24","458.30","39592.00","465.62"
"Mon Sep 22 2025 09:15:00 GMT+0530 (India Standard Time)","475.05","485.35","475.05","479.40","448.39","63.05","55.31","58.60","459.84","93841.00","467.87"
"Mon Sep 22 2025 13:15:00 GMT+0530 (India Standard Time)","479.40","479.90","477.85","478.00","449.57","62.01","54.98","58.05","461.35","36237.00","469.02"
"Tue Sep 23 2025 09:15:00 GMT+0530 (India Standard Time)","478.50","482.80","467.00","468.70","450.48","55.59","52.82","54.51","462.44","91639.00","469.11"
"Tue Sep 23 2025 13:15:00 GMT+0530 (India Standard Time)","468.70","471.30","455.55","465.00","451.21","53.29","52.00","53.18","463.26","66830.00","468.80"
"Wed Sep 24 2025 09:15:00 GMT+0530 (India Standard Time)","465.00","465.05","456.40","457.85","451.64","49.15","50.44","50.73","464.10","167011.00","468.55"
"Wed Sep 24 2025 13:15:00 GMT+0530 (India Standard Time)","458.15","460.00","455.00","456.25","451.94","48.27","50.10","50.20","465.05","30066.00","468.36"
"Thu Sep 25 2025 09:15:00 GMT+0530 (India Standard Time)","456.95","457.85","450.45","452.00","452.12","45.98","49.20","48.80","465.90","47024.00","468.02"
"Thu Sep 25 2025 13:15:00 GMT+0530 (India Standard Time)","452.00","453.80","446.10","449.80","452.28","44.82","48.74","48.08","466.53","29266.00","467.61"
"Fri Sep 26 2025 09:15:00 GMT+0530 (India Standard Time)","449.70","452.80","438.10","438.55","452.22","39.48","46.48","44.65","466.18","65805.00","466.91"
"Fri Sep 26 2025 13:15:00 GMT+0530 (India Standard Time)","438.55","438.85","431.15","434.40","452.06","37.74","45.68","43.47","464.93","52088.00","465.85"
"Mon Sep 29 2025 09:15:00 GMT+0530 (India Standard Time)","434.00","436.35","420.50","422.30","451.68","33.25","43.46","40.28","463.30","107305.00","464.37"
"Mon Sep 29 2025 13:15:00 GMT+0530 (India Standard Time)","422.25","423.00","413.05","418.70","451.13","32.06","42.83","39.39","461.64","148867.00","462.19"
"Tue Sep 30 2025 09:15:00 GMT+0530 (India Standard Time)","425.00","431.60","419.90","420.75","450.68","33.48","43.31","40.16","460.33","86496.00","460.27"
"Tue Sep 30 2025 13:15:00 GMT+0530 (India Standard Time)","421.20","423.00","417.00","420.00","450.22","33.21","43.18","39.97","458.88","44509.00","458.01"
"Wed Oct 01 2025 09:15:00 GMT+0530 (India Standard Time)","419.00","428.05","419.00","426.60","449.96","37.81","44.71","42.45","457.63","45761.00","456.05"
"Wed Oct 01 2025 13:15:00 GMT+0530 (India Standard Time)","426.60","434.80","426.60","431.45","449.99","40.94","45.80","44.19","456.71","38349.00","453.92"
"Fri Oct 03 2025 09:15:00 GMT+0530 (India Standard Time)","431.45","435.60","426.55","432.95","450.22","41.89","46.14","44.72","455.82","42602.00","451.68"
"Fri Oct 03 2025 13:15:00 GMT+0530 (India Standard Time)","432.95","438.00","432.30","436.80","450.55","44.31","46.99","46.08","455.08","34027.00","449.52"
"Mon Oct 06 2025 09:15:00 GMT+0530 (India Standard Time)","439.00","439.00","426.00","427.45","450.69","40.06","45.21","43.42","453.89","67874.00","447.21"
"Mon Oct 06 2025 13:15:00 GMT+0530 (India Standard Time)","427.45","430.00","427.00","427.60","450.81","40.16","45.25","43.47","452.62","36306.00","444.69"
"Tue Oct 07 2025 09:15:00 GMT+0530 (India Standard Time)","428.75","467.45","427.95","453.30","451.34","53.62","50.58","51.60","452.00","1942680.00","443.32"
"Tue Oct 07 2025 13:15:00 GMT+0530 (India Standard Time)","452.50","455.95","445.00","447.00","451.78","50.68","49.38","49.79","451.38","440302.00","441.84"
"Wed Oct 08 2025 09:15:00 GMT+0530 (India Standard Time)","446.05","455.20","443.15","448.05","452.00","51.15","49.58","50.09","450.45","103316.00","440.42"
"Wed Oct 08 2025 13:15:00 GMT+0530 (India Standard Time)","448.05","453.55","447.50","450.00","452.28","52.04","49.96","50.65","449.40","50646.00","439.39"
"Thu Oct 09 2025 09:15:00 GMT+0530 (India Standard Time)","451.00","459.15","445.40","445.55","452.40","49.87","49.10","49.35","448.26","99014.00","438.66"
"Thu Oct 09 2025 13:15:00 GMT+0530 (India Standard Time)","445.55","460.70","444.50","458.40","452.69","55.49","51.55","52.95","447.40","131645.00","438.48"
"Fri Oct 10 2025 09:15:00 GMT+0530 (India Standard Time)","464.50","478.00","454.60","465.90","453.31","58.36","52.89","54.87","446.88","337651.00","438.92"
"Fri Oct 10 2025 13:15:00 GMT+0530 (India Standard Time)","465.90","474.45","465.00","469.20","454.09","59.56","53.47","55.69","446.51","88488.00","439.70"
"Mon Oct 13 2025 09:15:00 GMT+0530 (India Standard Time)","473.50","473.50","460.05","468.55","454.86","59.21","53.34","55.49","446.06","110287.00","440.55"
"Mon Oct 13 2025 13:15:00 GMT+0530 (India Standard Time)","468.55","493.00","468.50","489.00","455.91","65.90","56.75","60.21","446.24","401839.00","442.59"
"Tue Oct 14 2025 09:15:00 GMT+0530 (India Standard Time)","491.95","496.00","472.00","476.00","456.42","59.40","54.19","56.30","446.54","330491.00","444.75"
"Tue Oct 14 2025 13:15:00 GMT+0530 (India Standard Time)","476.00","477.35","463.80","467.45","456.40","55.61","52.60","53.94","446.74","115324.00","446.83"
"Wed Oct 15 2025 09:15:00 GMT+0530 (India Standard Time)","472.00","482.80","445.10","445.85","456.09","47.56","48.91","48.62","446.68","1065172.00","448.57"
"Wed Oct 15 2025 13:15:00 GMT+0530 (India Standard Time)","445.85","447.50","425.00","440.70","455.56","45.90","48.09","47.48","445.99","547036.00","449.29"
"Thu Oct 16 2025 09:15:00 GMT+0530 (India Standard Time)","440.20","445.40","438.10","440.30","455.17","45.77","48.02","47.39","445.55","333553.00","450.29"
"Thu Oct 16 2025 13:15:00 GMT+0530 (India Standard Time)","440.80","445.95","439.55","441.30","454.80","46.17","48.20","47.64","445.28","126391.00","451.10"
"Fri Oct 17 2025 09:15:00 GMT+0530 (India Standard Time)","446.00","447.35","437.75","443.00","454.49","46.87","48.50","48.08","445.26","376119.00","451.66"
"Fri Oct 17 2025 13:15:00 GMT+0530 (India Standard Time)","443.00","447.25","442.00","443.70","454.24","47.17","48.62","48.26","445.60","154106.00","452.24"
"Mon Oct 20 2025 09:15:00 GMT+0530 (India Standard Time)","445.45","462.00","443.10","460.50","454.23","53.71","51.49","52.40","446.63","261231.00","453.22"
"Mon Oct 20 2025 13:15:00 GMT+0530 (India Standard Time)","460.50","467.55","459.75","461.55","454.35","54.09","51.66","52.64","448.23","157001.00","454.77"
"Tue Oct 21 2025 13:15:00 GMT+0530 (India Standard Time)","463.90","467.85","460.10","462.75","454.34","54.53","51.85","52.93","449.64","73629.00","456.45"
"Thu Oct 23 2025 09:15:00 GMT+0530 (India Standard Time)","463.20","466.35","459.00","459.00","454.28","52.87","51.19","51.93","451.12","111891.00","456.94"
"Thu Oct 23 2025 13:15:00 GMT+0530 (India Standard Time)","459.60","463.05","451.60","453.00","454.04","50.29","50.14","50.37","452.24","65079.00","457.25"
"Fri Oct 24 2025 09:15:00 GMT+0530 (India Standard Time)","454.80","457.80","449.75","453.05","453.78","50.31","50.15","50.38","453.04","72682.00","457.48"
"Fri Oct 24 2025 13:15:00 GMT+0530 (India Standard Time)","453.05","454.00","448.50","450.40","453.28","49.15","49.68","49.68","453.73","42480.00","457.51"
"Mon Oct 27 2025 09:15:00 GMT+0530 (India Standard Time)","450.85","456.75","449.55","453.35","452.77","50.49","50.20","50.47","454.36","78243.00","457.71"
"Mon Oct 27 2025 13:15:00 GMT+0530 (India Standard Time)","453.35","453.45","449.00","451.00","452.16","49.40","49.78","49.83","455.08","45289.00","457.50"
"Tue Oct 28 2025 09:15:00 GMT+0530 (India Standard Time)","451.50","455.80","445.20","454.20","451.64","50.91","50.36","50.70","455.92","167921.00","456.85"
"Tue Oct 28 2025 13:15:00 GMT+0530 (India Standard Time)","454.20","458.75","453.10","453.10","451.11","50.37","50.16","50.39","456.12","37247.00","456.14"
"Wed Oct 29 2025 09:15:00 GMT+0530 (India Standard Time)","457.05","457.40","452.05","455.05","450.62","51.33","50.52","50.94","456.32","37502.00","455.53"
"Wed Oct 29 2025 13:15:00 GMT+0530 (India Standard Time)","455.05","459.25","455.00","457.95","450.18","52.77","51.05","51.75","456.62","24326.00","454.23"
"Thu Oct 30 2025 09:15:00 GMT+0530 (India Standard Time)","457.30","462.70","454.10","460.00","449.79","53.79","51.43","52.33","456.93","56328.00","453.24"
"Thu Oct 30 2025 13:15:00 GMT+0530 (India Standard Time)","460.00","465.00","458.30","461.30","449.58","54.44","51.67","52.69","457.34","38675.00","452.88"
"Fri Oct 31 2025 09:15:00 GMT+0530 (India Standard Time)","461.20","463.00","456.80","459.00","449.49","53.05","51.21","51.96","457.52","39029.00","453.09"
"Fri Oct 31 2025 13:15:00 GMT+0530 (India Standard Time)","459.00","459.70","450.50","453.00","449.38","49.58","50.04","50.10","457.10","39661.00","453.84"
"Mon Nov 03 2025 09:15:00 GMT+0530 (India Standard Time)","451.90","463.40","451.90","459.00","449.41","52.82","51.18","51.88","456.69","78700.00","454.66"
"Mon Nov 03 2025 13:15:00 GMT+0530 (India Standard Time)","459.00","460.70","457.10","460.25","449.54","53.47","51.41","52.24","456.41","29212.00","455.49"
"Tue Nov 04 2025 09:15:00 GMT+0530 (India Standard Time)","455.00","462.65","455.00","459.60","449.73","53.07","51.28","52.03","455.53","57230.00","456.28"
"Tue Nov 04 2025 13:15:00 GMT+0530 (India Standard Time)","459.60","462.70","451.95","453.30","450.00","49.31","50.03","50.02","454.63","53158.00","456.81"
"Thu Nov 06 2025 09:15:00 GMT+0530 (India Standard Time)","453.70","458.00","447.95","451.70","450.35","48.39","49.71","49.52","454.02","55751.00","456.61"
"Thu Nov 06 2025 13:15:00 GMT+0530 (India Standard Time)","451.70","451.95","442.00","445.40","450.77","44.94","48.49","47.60","453.61","28090.00","455.83"
"Fri Nov 07 2025 09:15:00 GMT+0530 (India Standard Time)","441.00","446.05","436.80","443.85","451.25","44.13","48.19","47.14","453.77","81969.00","454.84"
"Fri Nov 07 2025 13:15:00 GMT+0530 (India Standard Time)","442.85","447.00","441.50","442.10","451.65","43.20","47.86","46.61","453.85","30451.00","454.00"
"Mon Nov 10 2025 09:15:00 GMT+0530 (India Standard Time)","446.95","448.90","443.10","446.80","452.18","46.38","48.83","48.21","454.00","47341.00","453.58"
"Mon Nov 10 2025 13:15:00 GMT+0530 (India Standard Time)","446.80","447.00","441.50","441.50","452.53","43.50","47.81","46.59","454.02","28983.00","453.08"
"Tue Nov 11 2025 09:15:00 GMT+0530 (India Standard Time)","441.90","442.15","437.15","439.00","452.70","42.20","47.33","45.85","453.84","86496.00","452.53"
"Tue Nov 11 2025 13:15:00 GMT+0530 (India Standard Time)","439.00","440.60","435.40","436.55","452.80","40.95","46.86","45.12","453.21","48403.00","451.77"
"Wed Nov 12 2025 09:15:00 GMT+0530 (India Standard Time)","439.55","452.80","434.35","448.75","453.01","48.90","49.40","49.25","452.58","159727.00","451.54"
"Wed Nov 12 2025 13:15:00 GMT+0530 (India Standard Time)","448.75","451.75","445.15","446.15","453.35","47.47","48.89","48.45","452.02","74499.00","451.30"
"Thu Nov 13 2025 09:15:00 GMT+0530 (India Standard Time)","445.00","447.05","438.25","443.00","453.65","45.77","48.28","47.49","451.35","120033.00","450.74"
"Thu Nov 13 2025 13:15:00 GMT+0530 (India Standard Time)","443.00","443.20","436.30","436.95","453.41","42.68","47.13","45.70","450.74","54917.00","449.95"
"Fri Nov 14 2025 09:15:00 GMT+0530 (India Standard Time)","436.75","441.60","428.10","431.00","453.09","39.90","46.03","44.02","450.03","155982.00","448.78"
"Fri Nov 14 2025 13:15:00 GMT+0530 (India Standard Time)","431.25","431.25","426.25","430.00","452.71","39.44","45.85","43.74","449.25","63094.00","447.36"
"Mon Nov 17 2025 09:15:00 GMT+0530 (India Standard Time)","434.90","439.85","429.25","439.00","452.44","45.32","47.75","46.85","448.63","133987.00","446.18"
"Mon Nov 17 2025 13:15:00 GMT+0530 (India Standard Time)","439.00","449.45","436.80","446.50","452.35","49.59","49.26","49.25","448.39","128580.00","445.49"
"Tue Nov 18 2025 09:15:00 GMT+0530 (India Standard Time)","453.00","461.90","440.65","457.45","452.33","54.99","51.36","52.47","448.44","279806.00","445.50"
"Tue Nov 18 2025 13:15:00 GMT+0530 (India Standard Time)","457.45","457.45","450.50","454.00","452.09","53.11","50.69","51.41","448.41","135058.00","445.29"
"Wed Nov 19 2025 09:15:00 GMT+0530 (India Standard Time)","454.00","454.00","441.30","441.80","451.59","47.12","48.41","47.90","448.08","75166.00","444.59"
"Wed Nov 19 2025 13:15:00 GMT+0530 (India Standard Time)","441.80","447.50","441.00","446.00","451.14","49.19","49.21","49.13","447.63","68191.00","443.92"
"Thu Nov 20 2025 09:15:00 GMT+0530 (India Standard Time)","441.30","451.10","441.30","447.45","450.38","49.91","49.48","49.55","447.19","73245.00","443.51"
"Thu Nov 20 2025 13:15:00 GMT+0530 (India Standard Time)","446.80","448.40","443.05","444.50","449.68","48.46","48.93","48.71","446.61","19910.00","443.17"
"Fri Nov 21 2025 09:15:00 GMT+0530 (India Standard Time)","444.45","444.45","438.00","441.30","449.13","46.91","48.34","47.79","445.96","33253.00","442.93"
"Fri Nov 21 2025 13:15:00 GMT+0530 (India Standard Time)","441.30","441.40","436.50","437.00","448.79","44.88","47.55","46.59","445.38","26215.00","442.71"
"Mon Nov 24 2025 09:15:00 GMT+0530 (India Standard Time)","436.15","436.70","430.55","432.20","448.68","42.72","46.69","45.27","444.49","62874.00","442.22"
"Mon Nov 24 2025 13:15:00 GMT+0530 (India Standard Time)","432.20","435.55","406.75","419.80","448.27","37.78","44.55","42.12","443.11","699878.00","440.99"
"Tue Nov 25 2025 09:15:00 GMT+0530 (India Standard Time)","420.85","436.00","420.85","433.85","448.05","45.30","47.33","46.47","442.08","137999.00","440.43"
"Tue Nov 25 2025 13:15:00 GMT+0530 (India Standard Time)","434.00","436.20","431.55","433.00","447.86","44.96","47.18","46.25","441.28","46818.00","440.15"
"Wed Nov 26 2025 09:15:00 GMT+0530 (India Standard Time)","432.00","432.00","425.45","428.50","447.55","43.13","46.42","45.11","440.43","112539.00","439.74"
"Wed Nov 26 2025 13:15:00 GMT+0530 (India Standard Time)","428.50","435.45","428.50","430.60","447.05","44.24","46.83","45.75","439.90","73172.00","439.03"
"Thu Nov 27 2025 09:15:00 GMT+0530 (India Standard Time)","433.95","438.55","428.85","431.85","446.45","44.91","47.07","46.14","439.57","74516.00","438.34"
"Thu Nov 27 2025 13:15:00 GMT+0530 (India Standard Time)","431.55","436.45","429.85","432.50","445.84","45.27","47.20","46.34","439.19","47962.00","437.86"
"Fri Nov 28 2025 09:15:00 GMT+0530 (India Standard Time)","433.50","439.00","424.10","428.35","445.22","43.37","46.46","45.21","438.63","109574.00","437.46"
"Fri Nov 28 2025 13:15:00 GMT+0530 (India Standard Time)","428.35","431.25","427.00","428.10","444.69","43.26","46.42","45.15","438.11","40918.00","437.26"
"Mon Dec 01 2025 09:15:00 GMT+0530 (India Standard Time)","430.20","435.20","430.00","431.10","444.26","45.09","47.04","46.15","437.84","46156.00","437.37"
"Mon Dec 01 2025 13:15:00 GMT+0530 (India Standard Time)","431.10","434.00","428.45","428.45","443.84","43.78","46.56","45.39","437.59","24124.00","437.04"
"Tue Dec 02 2025 09:15:00 GMT+0530 (India Standard Time)","429.00","435.00","425.40","435.00","443.43","47.72","47.91","47.57","437.10","57799.00","436.46"
"Tue Dec 02 2025 13:15:00 GMT+0530 (India Standard Time)","435.00","435.60","432.50","432.65","443.07","46.50","47.47","46.88","436.60","34850.00","435.46"
"Wed Dec 03 2025 09:15:00 GMT+0530 (India Standard Time)","432.65","438.05","430.50","432.30","442.69","46.31","47.40","46.77","436.27","81929.00","434.47"
"Wed Dec 03 2025 13:15:00 GMT+0530 (India Standard Time)","432.25","435.50","430.80","434.00","442.27","47.39","47.76","47.36","436.08","31966.00","433.94"
"Thu Dec 04 2025 09:15:00 GMT+0530 (India Standard Time)","434.15","440.40","431.25","434.40","441.88","47.64","47.85","47.49","436.15","81966.00","433.47"
"Thu Dec 04 2025 13:15:00 GMT+0530 (India Standard Time)","434.40","434.40","429.05","429.10","441.34","44.59","46.82","45.85","436.21","25281.00","432.69"
"Fri Dec 05 2025 09:15:00 GMT+0530 (India Standard Time)","429.00","435.00","426.05","431.20","440.77","46.03","47.28","46.60","436.02","62648.00","432.01"
"Fri Dec 05 2025 13:15:00 GMT+0530 (India Standard Time)","431.00","432.50","424.00","426.10","440.08","43.16","46.29","45.03","435.42","33476.00","431.34"
"Mon Dec 08 2025 09:15:00 GMT+0530 (India Standard Time)","426.95","430.65","416.15","419.45","439.32","39.78","45.04","43.09","434.30","95473.00","430.55"
"Mon Dec 08 2025 13:15:00 GMT+0530 (India Standard Time)","419.45","421.00","415.50","419.85","438.62","40.07","45.13","43.24","433.05","43890.00","429.89"
"Tue Dec 09 2025 09:15:00 GMT+0530 (India Standard Time)","417.00","429.50","414.00","428.45","437.96","46.08","47.04","46.40","432.27","92764.00","430.11"
"Tue Dec 09 2025 13:15:00 GMT+0530 (India Standard Time)","428.45","428.45","416.60","418.10","437.17","40.90","45.12","43.41","431.42","45770.00","429.59"
"Wed Dec 10 2025 09:15:00 GMT+0530 (India Standard Time)","420.65","430.10","418.10","419.45","436.42","41.80","45.42","43.89","430.56","58913.00","429.04"
"Wed Dec 10 2025 13:15:00 GMT+0530 (India Standard Time)","419.45","421.65","413.20","417.55","435.67","40.88","45.07","43.36","429.57","38146.00","428.51"
"Thu Dec 11 2025 09:15:00 GMT+0530 (India Standard Time)","417.75","424.20","416.10","422.10","435.04","43.97","46.08","45.02","428.84","43163.00","428.02"
"Thu Dec 11 2025 13:15:00 GMT+0530 (India Standard Time)","422.10","426.60","421.85","426.50","434.63","46.79","47.03","46.57","428.36","18392.00","427.67"
"Fri Dec 12 2025 09:15:00 GMT+0530 (India Standard Time)","425.70","430.05","423.00","427.35","434.31","47.33","47.22","46.87","428.14","53462.00","427.39"
"Fri Dec 12 2025 13:15:00 GMT+0530 (India Standard Time)","427.35","430.00","425.25","428.90","434.01","48.33","47.56","47.42","428.40","19394.00","427.31"
"Mon Dec 15 2025 09:15:00 GMT+0530 (India Standard Time)","428.50","432.50","424.65","427.60","433.65","47.53","47.30","47.00","428.33","56522.00","427.29"
"Mon Dec 15 2025 13:15:00 GMT+0530 (India Standard Time)","427.60","428.00","426.25","427.90","433.34","47.74","47.37","47.11","428.11","17511.00","427.08"
"Tue Dec 16 2025 09:15:00 GMT+0530 (India Standard Time)","425.10","425.65","419.15","419.95","432.98","42.99","45.78","44.56","427.85","50119.00","426.67"
"Tue Dec 16 2025 13:15:00 GMT+0530 (India Standard Time)","419.95","421.65","419.20","419.50","432.63","42.74","45.70","44.42","427.45","21612.00","426.06"
"Wed Dec 17 2025 09:15:00 GMT+0530 (India Standard Time)","421.90","423.55","418.40","420.45","432.12","43.47","45.92","44.80","427.01","26524.00","425.46"
"Wed Dec 17 2025 13:15:00 GMT+0530 (India Standard Time)","420.45","421.50","418.80","419.70","431.57","43.02","45.77","44.55","426.55","21042.00","424.83"
"Thu Dec 18 2025 09:15:00 GMT+0530 (India Standard Time)","420.50","423.50","416.00","423.00","431.15","45.66","46.56","45.89","426.20","39070.00","424.25"
"Thu Dec 18 2025 13:15:00 GMT+0530 (India Standard Time)","423.00","423.60","420.00","422.90","430.83","45.60","46.54","45.86","425.96","13322.00","423.64"
"Fri Dec 19 2025 09:15:00 GMT+0530 (India Standard Time)","422.75","425.00","419.30","420.00","430.59","43.63","45.93","44.85","425.58","24252.00","423.19"
"Fri Dec 19 2025 13:15:00 GMT+0530 (India Standard Time)","420.00","424.65","419.60","421.90","430.44","45.26","46.40","45.66","425.29","29946.00","422.77"
"Mon Dec 22 2025 09:15:00 GMT+0530 (India Standard Time)","424.00","432.50","422.00","425.10","430.23","47.90","47.18","47.00","425.10","74468.00","422.72"
"Mon Dec 22 2025 13:15:00 GMT+0530 (India Standard Time)","425.10","426.35","424.00","425.50","429.84","48.23","47.28","47.16","424.80","23071.00","422.91"
"Tue Dec 23 2025 09:15:00 GMT+0530 (India Standard Time)","427.20","428.70","424.25","424.25","429.26","47.25","47.00","46.69","424.52","33424.00","423.21"
"Tue Dec 23 2025 13:15:00 GMT+0530 (India Standard Time)","424.25","426.15","424.00","424.80","428.68","47.74","47.14","46.93","424.22","16741.00","423.20"
"Wed Dec 24 2025 09:15:00 GMT+0530 (India Standard Time)","424.65","442.40","424.65","428.00","428.40","50.55","47.95","48.33","424.09","175456.00","423.70"
"Wed Dec 24 2025 13:15:00 GMT+0530 (India Standard Time)","428.00","428.15","424.05","424.75","428.01","47.81","47.20","47.04","423.90","48648.00","423.87"
"Fri Dec 26 2025 09:15:00 GMT+0530 (India Standard Time)","426.30","427.95","423.85","424.30","427.57","47.44","47.10","46.86","423.71","33537.00","424.24"
"Fri Dec 26 2025 13:15:00 GMT+0530 (India Standard Time)","424.30","424.95","420.00","422.45","427.12","45.89","46.67","46.11","423.53","21641.00","424.30"
"Mon Dec 29 2025 09:15:00 GMT+0530 (India Standard Time)","423.00","425.00","411.75","413.95","426.62","39.65","44.77","42.90","423.35","73225.00","423.86"
"Mon Dec 29 2025 13:15:00 GMT+0530 (India Standard Time)","413.95","416.00","413.00","414.00","426.14","39.70","44.78","42.92","423.19","26552.00","423.26"
"Tue Dec 30 2025 09:15:00 GMT+0530 (India Standard Time)","412.60","418.60","411.35","413.25","425.77","39.19","44.61","42.65","422.84","63365.00","422.58"
"Tue Dec 30 2025 13:15:00 GMT+0530 (India Standard Time)","413.25","414.00","410.95","412.20","425.60","38.45","44.38","42.25","422.54","32234.00","421.83"
"Wed Dec 31 2025 09:15:00 GMT+0530 (India Standard Time)","412.00","418.15","412.00","414.90","425.28","41.42","45.13","43.63","422.27","40614.00","421.24"
"Wed Dec 31 2025 13:15:00 GMT+0530 (India Standard Time)","414.90","416.85","414.20","416.80","424.93","43.44","45.66","44.58","422.21","26152.00","421.00"
"Thu Jan 01 2026 09:15:00 GMT+0530 (India Standard Time)","415.55","417.90","413.00","413.90","424.66","41.17","44.99","43.43","422.00","30945.00","420.75"
"Thu Jan 01 2026 13:15:00 GMT+0530 (India Standard Time)","414.05","416.25","412.80","415.50","424.33","42.90","45.44","44.25","421.64","27693.00","420.48"
"Fri Jan 02 2026 09:15:00 GMT+0530 (India Standard Time)","414.75","417.70","413.90","415.55","423.99","42.96","45.46","44.27","421.24","34143.00","420.27"
"Fri Jan 02 2026 13:15:00 GMT+0530 (India Standard Time)","415.55","416.50","415.00","415.90","423.65","43.36","45.56","44.46","420.81","20477.00","420.01"
"Mon Jan 05 2026 09:15:00 GMT+0530 (India Standard Time)","416.75","424.00","414.10","418.00","423.42","45.76","46.17","45.58","420.47","53785.00","419.83"
"Mon Jan 05 2026 13:15:00 GMT+0530 (India Standard Time)","418.00","418.30","413.00","416.25","423.17","44.12","45.73","44.80","420.05","36152.00","419.58"
"Tue Jan 06 2026 09:15:00 GMT+0530 (India Standard Time)","416.20","417.35","410.30","412.00","422.79","40.43","44.69","42.98","419.76","43457.00","419.15"
"Tue Jan 06 2026 13:15:00 GMT+0530 (India Standard Time)","412.00","412.95","410.00","412.00","422.43","40.43","44.69","42.98","419.45","29318.00","418.46"
"Wed Jan 07 2026 09:15:00 GMT+0530 (India Standard Time)","410.70","416.45","407.15","408.25","421.97","37.38","43.77","41.40","419.09","87523.00","417.73"
"Wed Jan 07 2026 13:15:00 GMT+0530 (India Standard Time)","408.45","409.00","407.55","408.60","421.48","37.84","43.88","41.61","418.67","28505.00","416.93"
"Thu Jan 08 2026 09:15:00 GMT+0530 (India Standard Time)","408.55","413.25","402.00","411.30","421.00","41.32","44.73","43.19","418.25","76877.00","416.19"
"Thu Jan 08 2026 13:15:00 GMT+0530 (India Standard Time)","411.30","416.50","407.80","414.55","420.59","45.21","45.73","45.03","417.92","245366.00","415.36"
"Fri Jan 09 2026 09:15:00 GMT+0530 (India Standard Time)","418.00","418.00","405.60","406.75","420.08","38.75","43.79","41.69","417.51","82723.00","414.59"
"Fri Jan 09 2026 13:15:00 GMT+0530 (India Standard Time)","406.75","408.75","405.10","406.50","419.60","38.56","43.73","41.59","416.97","28205.00","413.72"
"Mon Jan 12 2026 09:15:00 GMT+0530 (India Standard Time)","405.00","411.80","401.40","407.15","419.12","39.35","43.93","41.97","416.26","190652.00","412.97"
"Mon Jan 12 2026 13:15:00 GMT+0530 (India Standard Time)","406.45","411.00","404.25","404.25","418.70","37.11","43.22","40.76","415.59","32955.00","412.49"
"Tue Jan 13 2026 09:15:00 GMT+0530 (India Standard Time)","407.95","414.45","398.50","399.90","418.33","34.06","42.17","39.02","414.83","123719.00","411.96"
"Tue Jan 13 2026 13:15:00 GMT+0530 (India Standard Time)","399.90","401.85","399.00","399.75","417.96","33.96","42.14","38.96","413.94","58997.00","411.29"
"Wed Jan 14 2026 09:15:00 GMT+0530 (India Standard Time)","398.10","402.50","393.40","399.35","417.43","33.68","42.04","38.80","412.75","62458.00","410.64"
"Wed Jan 14 2026 13:15:00 GMT+0530 (India Standard Time)","399.35","399.40","395.05","396.30","416.96","31.59","41.30","37.58","411.73","33680.00","409.77"
"Fri Jan 16 2026 09:15:00 GMT+0530 (India Standard Time)","395.35","399.50","391.00","392.50","416.40","29.22","40.40","36.13","410.62","81176.00","408.71"
"Fri Jan 16 2026 13:15:00 GMT+0530 (India Standard Time)","392.50","395.75","389.30","390.00","415.87","27.78","39.82","35.21","409.52","108542.00","407.60"
"Mon Jan 19 2026 09:15:00 GMT+0530 (India Standard Time)","390.00","390.05","382.00","385.10","415.16","25.22","38.71","33.49","408.40","110120.00","406.19"
"Mon Jan 19 2026 13:15:00 GMT+0530 (India Standard Time)","385.10","390.75","382.45","385.70","414.38","26.10","38.92","33.90","407.40","110136.00","404.79"
"Tue Jan 20 2026 09:15:00 GMT+0530 (India Standard Time)","384.00","385.60","372.15","375.20","413.38","21.48","36.65","30.54","406.09","92756.00","402.94"
"Tue Jan 20 2026 13:15:00 GMT+0530 (India Standard Time)","375.20","375.50","361.25","363.95","412.14","17.92","34.47","27.53","404.47","76603.00","400.45"
"Wed Jan 21 2026 09:15:00 GMT+0530 (India Standard Time)","352.55","367.05","345.80","363.00","410.77","17.66","34.29","27.30","402.45","363383.00","397.77"
"Wed Jan 21 2026 13:15:00 GMT+0530 (India Standard Time)","362.75","365.85","359.10","363.65","409.48","18.51","34.52","27.73","400.56","104304.00","395.40"
"Thu Jan 22 2026 09:15:00 GMT+0530 (India Standard Time)","364.50","370.70","358.35","368.40","408.39","24.48","36.21","30.82","398.80","95340.00","393.24"
"Thu Jan 22 2026 13:15:00 GMT+0530 (India Standard Time)","368.40","369.90","364.50","369.30","407.35","25.57","36.52","31.39","397.13","55107.00","391.25"
"Fri Jan 23 2026 09:15:00 GMT+0530 (India Standard Time)","368.00","369.00","361.05","361.05","406.20","22.46","34.91","29.12","395.27","143476.00","389.09"
"Fri Jan 23 2026 13:15:00 GMT+0530 (India Standard Time)","361.85","362.95","355.25","358.20","404.97","21.51","34.38","28.39","393.23","56079.00","386.67"
"Tue Jan 27 2026 09:15:00 GMT+0530 (India Standard Time)","355.00","359.35","347.15","350.40","403.58","19.18","32.98","26.53","390.86","62229.00","383.74"
"Tue Jan 27 2026 13:15:00 GMT+0530 (India Standard Time)","350.40","352.05","348.20","352.00","402.16","21.02","33.55","27.53","388.54","33206.00","380.97"
"Wed Jan 28 2026 09:15:00 GMT+0530 (India Standard Time)","351.35","355.00","348.50","352.95","400.78","22.13","33.88","28.13","386.35","48171.00","378.38"
"Wed Jan 28 2026 13:15:00 GMT+0530 (India Standard Time)","352.95","356.80","350.60","356.80","399.45","26.51","35.24","30.53","384.32","59440.00","375.92"
"Thu Jan 29 2026 09:15:00 GMT+0530 (India Standard Time)","353.00","363.95","351.20","360.45","398.10","30.40","36.50","32.72","382.46","109137.00","373.69"
"Thu Jan 29 2026 13:15:00 GMT+0530 (India Standard Time)","360.45","368.90","360.00","365.00","396.89","34.92","38.02","35.34","380.90","80005.00","371.85"
"Fri Jan 30 2026 09:15:00 GMT+0530 (India Standard Time)","362.95","382.00","360.70","370.60","395.80","39.95","39.84","38.37","379.55","121346.00","370.47"
"Fri Jan 30 2026 13:15:00 GMT+0530 (India Standard Time)","370.60","377.00","369.30","374.00","394.78","42.78","40.91","40.12","378.14","69767.00","369.27"
"Sun Feb 01 2026 09:15:00 GMT+0530 (India Standard Time)","374.55","380.80","366.10","375.75","393.65","44.19","41.45","41.01","376.86","65062.00","368.22"
"Sun Feb 01 2026 13:15:00 GMT+0530 (India Standard Time)","375.75","377.00","365.35","365.35","392.51","38.28","39.26","37.60","375.52","44482.00","367.00"
"Mon Feb 02 2026 09:15:00 GMT+0530 (India Standard Time)","367.00","367.00","357.05","359.85","391.23","35.63","38.17","35.97","373.89","45852.00","365.56"
"Mon Feb 02 2026 13:15:00 GMT+0530 (India Standard Time)","359.85","363.00","357.00","362.30","390.00","37.65","38.94","37.22","372.26","69076.00","364.39"
"Tue Feb 03 2026 09:15:00 GMT+0530 (India Standard Time)","397.20","397.20","375.10","388.90","389.43","54.06","46.30","48.42","371.64","214980.00","364.46"
"Tue Feb 03 2026 13:15:00 GMT+0530 (India Standard Time)","388.90","389.20","383.10","384.30","388.85","51.60","45.34","46.93","371.12","56026.00","364.85"
"Wed Feb 04 2026 09:15:00 GMT+0530 (India Standard Time)","383.45","387.95","380.50","383.20","388.24","51.01","45.11","46.58","370.60","38424.00","365.68"
"Wed Feb 04 2026 13:15:00 GMT+0530 (India Standard Time)","383.20","384.00","369.00","369.85","387.46","44.58","42.47","42.59","369.79","115654.00","366.32"
"Thu Feb 05 2026 09:15:00 GMT+0530 (India Standard Time)","373.00","380.00","358.90","358.90","386.44","40.21","40.49","39.72","368.78","170340.00","366.38"
"Thu Feb 05 2026 13:15:00 GMT+0530 (India Standard Time)","358.90","359.25","356.70","358.00","385.28","39.87","40.33","39.49","367.57","118573.00","365.97"
"Fri Feb 06 2026 09:15:00 GMT+0530 (India Standard Time)","360.05","360.05","346.50","348.45","384.00","36.47","38.70","37.19","366.36","248571.00","365.15"
"Fri Feb 06 2026 13:15:00 GMT+0530 (India Standard Time)","348.00","348.50","344.65","344.90","382.61","35.29","38.12","36.38","364.92","250173.00","364.32"
"Mon Feb 09 2026 09:15:00 GMT+0530 (India Standard Time)","347.45","361.75","347.45","357.20","381.42","42.09","41.24","40.96","364.13","170155.00","364.19"
"Mon Feb 09 2026 13:15:00 GMT+0530 (India Standard Time)","357.20","365.00","356.85","358.50","380.30","42.76","41.56","41.42","363.89","145184.00","364.57"
"Tue Feb 10 2026 09:15:00 GMT+0530 (India Standard Time)","360.65","375.95","357.05","369.05","379.28","47.88","44.05","44.99","364.20","224101.00","365.36"
"Tue Feb 10 2026 13:15:00 GMT+0530 (India Standard Time)","369.50","370.35","365.00","365.05","378.29","46.23","43.33","43.95","364.34","96769.00","366.03"
"Wed Feb 11 2026 09:15:00 GMT+0530 (India Standard Time)","365.80","366.20","356.60","362.40","377.27","45.15","42.87","43.26","364.19","120751.00","366.35"
"Wed Feb 11 2026 13:15:00 GMT+0530 (India Standard Time)","362.40","363.50","358.85","361.05","376.26","44.59","42.63","42.91","363.95","110092.00","366.45"
"Thu Feb 12 2026 09:15:00 GMT+0530 (India Standard Time)","358.75","367.20","353.85","362.00","375.28","45.09","42.85","43.25","363.85","124012.00","366.28"
"Thu Feb 12 2026 13:15:00 GMT+0530 (India Standard Time)","362.00","365.70","361.65","364.45","374.39","46.40","43.45","44.11","364.04","79453.00","365.95"
"Fri Feb 13 2026 09:15:00 GMT+0530 (India Standard Time)","364.40","365.75","358.70","364.45","373.47","46.40","43.45","44.11","364.42","70151.00","365.47"
"Fri Feb 13 2026 13:15:00 GMT+0530 (India Standard Time)","364.45","366.80","361.80","363.10","372.48","45.74","43.19","43.72","364.89","41379.00","364.95"
"Mon Feb 16 2026 09:15:00 GMT+0530 (India Standard Time)","358.05","363.00","356.05","357.85","371.47","43.22","42.21","42.24","365.13","57518.00","364.49"
"Mon Feb 16 2026 13:15:00 GMT+0530 (India Standard Time)","357.85","358.00","354.60","357.75","370.47","43.17","42.19","42.21","365.21","30921.00","364.30"
"Tue Feb 17 2026 09:15:00 GMT+0530 (India Standard Time)","355.00","366.45","354.90","362.50","369.57","46.13","43.40","44.03","365.30","65998.00","364.32"
"Tue Feb 17 2026 13:15:00 GMT+0530 (India Standard Time)","362.50","367.70","362.30","363.35","368.73","46.65","43.61","44.35","365.30","56499.00","363.21"
"Wed Feb 18 2026 09:15:00 GMT+0530 (India Standard Time)","364.15","368.40","352.85","359.95","367.87","44.83","42.95","43.32","364.91","94920.00","362.03"
"Wed Feb 18 2026 13:15:00 GMT+0530 (India Standard Time)","359.95","360.00","357.10","359.00","367.05","44.32","42.76","43.04","364.39","39902.00","360.84"
"Thu Feb 19 2026 09:15:00 GMT+0530 (India Standard Time)","359.50","362.05","351.00","351.00","366.15","40.28","41.24","40.71","363.69","80301.00","359.91"
"Thu Feb 19 2026 13:15:00 GMT+0530 (India Standard Time)","351.00","352.05","346.20","347.00","365.18","38.44","40.51","39.60","362.95","102902.00","359.15"
"Fri Feb 20 2026 09:15:00 GMT+0530 (India Standard Time)","348.00","348.70","334.75","337.15","364.09","34.38","38.78","37.06","362.19","207000.00","358.26"
"Fri Feb 20 2026 13:15:00 GMT+0530 (India Standard Time)","337.15","337.75","335.50","337.00","363.00","34.32","38.76","37.02","361.34","65866.00","357.59"
"Mon Feb 23 2026 09:15:00 GMT+0530 (India Standard Time)","337.00","341.05","320.10","321.40","361.81","28.98","36.22","33.43","359.21","162054.00","356.65"
"Mon Feb 23 2026 13:15:00 GMT+0530 (India Standard Time)","321.40","328.50","321.05","326.00","360.59","32.24","37.45","35.33","357.05","62494.00","355.20"
"Tue Feb 24 2026 09:15:00 GMT+0530 (India Standard Time)","322.15","325.35","316.40","318.15","359.44","29.79","36.24","33.65","354.77","130073.00","353.29"
"Tue Feb 24 2026 13:15:00 GMT+0530 (India Standard Time)","318.15","320.00","316.05","319.95","358.50","31.05","36.71","34.39","352.79","46241.00","350.96"
"Wed Feb 25 2026 09:15:00 GMT+0530 (India Standard Time)","321.15","325.00","317.30","318.60","357.70","30.62","36.50","34.09","351.16","74716.00","348.75"
"Wed Feb 25 2026 13:15:00 GMT+0530 (India Standard Time)","318.60","318.65","308.80","308.80","356.67","27.67","35.03","32.05","349.52","115683.00","346.34"
"Thu Feb 26 2026 09:15:00 GMT+0530 (India Standard Time)","311.00","322.55","311.00","312.75","355.63","30.50","36.09","33.70","348.22","101086.00","344.13"
"Thu Feb 26 2026 13:15:00 GMT+0530 (India Standard Time)","312.75","314.20","311.00","311.00","354.50","29.96","35.83","33.33","347.01","68235.00","341.78"
"Fri Feb 27 2026 09:15:00 GMT+0530 (India Standard Time)","312.40","316.75","307.80","314.20","353.51","32.28","36.69","34.67","345.49","77189.00","339.36"
"Fri Feb 27 2026 13:15:00 GMT+0530 (India Standard Time)","314.20","317.00","310.05","314.00","352.61","32.21","36.66","34.63","343.83","197775.00","336.99"
"Mon Mar 02 2026 09:15:00 GMT+0530 (India Standard Time)","300.00","311.15","300.00","302.60","351.65","28.50","34.93","32.19","341.59","121035.00","334.16"
"Mon Mar 02 2026 13:15:00 GMT+0530 (India Standard Time)","302.60","305.90","301.10","304.50","350.71","29.92","35.44","33.00","339.34","97980.00","331.55"
"Wed Mar 04 2026 09:15:00 GMT+0530 (India Standard Time)","298.00","309.55","297.95","300.00","349.70","28.52","34.78","32.07","337.23","139766.00","328.93"
"Wed Mar 04 2026 13:15:00 GMT+0530 (India Standard Time)","299.90","302.00","298.40","300.00","348.60","28.52","34.78","32.07","335.05","59084.00","326.00"
"Thu Mar 05 2026 09:15:00 GMT+0530 (India Standard Time)","303.00","306.40","297.00","298.60","347.42","28.07","34.57","31.77","332.89","94915.00","322.95"
"Thu Mar 05 2026 13:15:00 GMT+0530 (India Standard Time)","298.60","300.00","294.10","297.00","346.07","27.54","34.33","31.43","330.50","75508.00","319.94"
"Fri Mar 06 2026 09:15:00 GMT+0530 (India Standard Time)","298.00","304.95","295.75","299.15","344.64","29.40","34.95","32.43","328.25","99330.00","317.13"
"Fri Mar 06 2026 13:15:00 GMT+0530 (India Standard Time)","299.00","299.70","295.00","295.60","343.10","28.15","34.40","31.65","325.85","87071.00","314.40"
"Mon Mar 09 2026 09:15:00 GMT+0530 (India Standard Time)","291.65","292.70","282.60","289.05","341.38","26.01","33.42","30.26","323.32","138319.00","311.55"
"Mon Mar 09 2026 13:15:00 GMT+0530 (India Standard Time)","289.05","290.45","286.50","289.45","339.79","26.37","33.54","30.45","320.90","63821.00","309.15"
"Tue Mar 10 2026 09:15:00 GMT+0530 (India Standard Time)","293.00","300.20","290.20","295.85","338.48","31.92","35.40","33.46","318.54","137853.00","307.18"
"Tue Mar 10 2026 13:15:00 GMT+0530 (India Standard Time)","295.85","306.35","295.85","300.00","337.27","35.24","36.57","35.32","316.27","121771.00","305.97"
"Wed Mar 11 2026 09:15:00 GMT+0530 (India Standard Time)","303.00","326.95","299.00","313.40","335.78","44.43","40.15","40.83","314.58","419781.00","305.39"
"Wed Mar 11 2026 13:15:00 GMT+0530 (India Standard Time)","313.40","316.00","310.00","315.90","334.37","45.93","40.78","41.78","312.98","96066.00","305.15"
"Thu Mar 12 2026 09:15:00 GMT+0530 (India Standard Time)","314.00","315.80","303.60","312.15","332.91","44.06","40.13","40.77","311.40","102600.00","304.77"
"Thu Mar 12 2026 13:15:00 GMT+0530 (India Standard Time)","312.15","313.45","308.00","309.40","331.65","42.71","39.66","40.04","310.04","48673.00","304.30"
"Fri Mar 13 2026 09:15:00 GMT+0530 (India Standard Time)","307.20","307.20","300.60","301.40","330.42","39.07","38.33","38.00","308.72","95130.00","303.89"
"Fri Mar 13 2026 13:15:00 GMT+0530 (India Standard Time)","301.40","312.40","301.25","311.85","329.45","45.45","40.97","41.97","307.71","63595.00","303.63"
"Mon Mar 16 2026 09:15:00 GMT+0530 (India Standard Time)","305.00","309.40","296.40","297.10","328.43","39.35","38.59","38.40","306.76","124016.00","303.07"
"Mon Mar 16 2026 13:15:00 GMT+0530 (India Standard Time)","297.10","303.40","296.20","303.30","327.55","42.74","40.08","40.59","305.89","60747.00","302.51"
"Tue Mar 17 2026 09:15:00 GMT+0530 (India Standard Time)","309.00","348.00","306.00","320.60","326.90","50.81","43.93","46.07","306.07","23536935.00","302.99"
"Tue Mar 17 2026 13:15:00 GMT+0530 (India Standard Time)","320.60","323.75","286.15","293.50","325.69","41.25","39.84","40.10","305.44","7993833.00","302.76"
"Wed Mar 18 2026 09:15:00 GMT+0530 (India Standard Time)","298.00","323.00","295.00","318.85","324.62","50.41","44.74","46.74","305.16","11750881.00","303.23"
"Wed Mar 18 2026 13:15:00 GMT+0530 (India Standard Time)","318.75","328.60","306.40","323.20","323.70","51.77","45.52","47.77","305.42","6340403.00","304.11"
"Thu Mar 19 2026 09:15:00 GMT+0530 (India Standard Time)","310.25","315.70","304.75","305.25","322.61","46.29","42.98","44.17","305.17","1475559.00","304.48"
"Thu Mar 19 2026 13:15:00 GMT+0530 (India Standard Time)","305.15","305.15","295.80","299.90","321.40","44.80","42.27","43.17","304.75","657428.00","304.48"
"Fri Mar 20 2026 09:15:00 GMT+0530 (India Standard Time)","303.10","310.00","300.35","304.20","320.26","46.26","43.04","44.21","304.46","701483.00","304.84"
"Fri Mar 20 2026 13:15:00 GMT+0530 (India Standard Time)","304.00","305.00","301.40","303.60","319.05","46.08","42.96","44.10","304.09","289282.00","305.02"
"Mon Mar 23 2026 09:15:00 GMT+0530 (India Standard Time)","300.05","301.70","281.65","282.10","317.52","40.25","40.18","40.21","303.52","453391.00","304.56"
"Mon Mar 23 2026 13:15:00 GMT+0530 (India Standard Time)","282.15","284.95","276.15","280.00","315.85","39.74","39.92","39.86","302.68","308443.00","304.18"
"Tue Mar 24 2026 09:15:00 GMT+0530 (India Standard Time)","290.10","290.10","276.50","286.70","314.38","42.21","41.14","41.54","302.04","539647.00","303.99"
"Tue Mar 24 2026 13:15:00 GMT+0530 (India Standard Time)","286.15","287.50","282.50","286.00","312.95","42.03","41.05","41.42","301.51","232417.00","303.51"
"Wed Mar 25 2026 09:15:00 GMT+0530 (India Standard Time)","290.85","300.15","287.45","295.05","311.61","45.36","42.69","43.66","301.28","549129.00","303.22"
"Wed Mar 25 2026 13:15:00 GMT+0530 (India Standard Time)","295.05","296.90","292.15","295.40","310.22","45.48","42.75","43.75","301.20","291430.00","302.35"
"Fri Mar 27 2026 09:15:00 GMT+0530 (India Standard Time)","290.00","298.70","281.60","285.90","308.78","42.65","41.50","41.97","300.80","481798.00","301.09"
"Fri Mar 27 2026 13:15:00 GMT+0530 (India Standard Time)","285.90","288.10","271.50","277.00","307.17","40.19","40.37","40.38","300.16","1702289.00","299.54"
"Mon Mar 30 2026 09:15:00 GMT+0530 (India Standard Time)","276.00","281.00","265.20","273.20","305.56","39.18","39.90","39.72","299.62","513433.00","297.78"
"Mon Mar 30 2026 13:15:00 GMT+0530 (India Standard Time)","273.20","277.50","270.05","276.00","304.09","40.34","40.42","40.46","299.11","345686.00","296.46"
"Wed Apr 01 2026 09:15:00 GMT+0530 (India Standard Time)","286.20","287.50","278.25","284.50","302.98","43.77","41.98","42.65","298.68","239926.00","295.24"
"Wed Apr 01 2026 13:15:00 GMT+0530 (India Standard Time)","284.50","286.10","282.25","283.90","301.92","43.59","41.90","42.53","298.09","135934.00","294.48"
"Thu Apr 02 2026 09:15:00 GMT+0530 (India Standard Time)","280.60","280.60","269.00","275.55","300.91","41.04","40.82","40.97","296.73","220519.00","293.23"
"Thu Apr 02 2026 13:15:00 GMT+0530 (India Standard Time)","275.55","281.15","275.50","280.50","299.99","43.11","41.73","42.26","295.48","106394.00","291.11"
"Mon Apr 06 2026 09:15:00 GMT+0530 (India Standard Time)","280.10","285.80","272.50","283.25","299.22","44.25","42.23","42.98","294.41","317217.00","290.25"
"Mon Apr 06 2026 13:15:00 GMT+0530 (India Standard Time)","282.90","293.65","281.60","289.00","298.61","46.60","43.27","44.45","293.62","317645.00","289.03"
"Tue Apr 07 2026 09:15:00 GMT+0530 (India Standard Time)","289.00","289.00","283.10","283.45","297.90","44.69","42.52","43.34","292.98","161536.00","287.34"
"Tue Apr 07 2026 13:15:00 GMT+0530 (India Standard Time)","283.45","285.95","282.10","284.10","297.36","44.97","42.64","43.51","292.11","136137.00","286.21"
"Wed Apr 08 2026 09:15:00 GMT+0530 (India Standard Time)","299.00","309.65","291.10","306.00","297.13","53.25","46.44","48.85","292.15","692004.00","286.35"
"Wed Apr 08 2026 13:15:00 GMT+0530 (India Standard Time)","306.00","307.95","305.00","306.30","297.02","53.35","46.49","48.91","292.35","117265.00","286.43"
"Thu Apr 09 2026 09:15:00 GMT+0530 (India Standard Time)","307.70","322.15","303.00","315.20","297.03","56.30","47.94","50.91","291.94","555899.00","286.93"
"Thu Apr 09 2026 13:15:00 GMT+0530 (India Standard Time)","315.20","315.40","308.95","309.00","296.97","53.81","47.04","49.52","292.30","148746.00","288.06"
"Fri Apr 10 2026 09:15:00 GMT+0530 (India Standard Time)","315.00","319.90","310.55","316.70","297.21","56.33","48.27","51.22","292.42","157021.00","289.76"
"Fri Apr 10 2026 13:15:00 GMT+0530 (India Standard Time)","316.70","320.20","312.00","314.80","297.44","55.54","47.99","50.78","292.29","135814.00","291.21"
"Mon Apr 13 2026 09:15:00 GMT+0530 (India Standard Time)","307.00","319.80","301.20","315.05","297.65","55.63","48.03","50.84","292.41","301370.00","292.51"
"Mon Apr 13 2026 13:15:00 GMT+0530 (India Standard Time)","315.05","319.95","314.20","317.35","298.00","56.43","48.41","51.37","293.01","182444.00","293.60"
"Wed Apr 15 2026 09:15:00 GMT+0530 (India Standard Time)","325.00","333.40","321.35","330.40","298.57","60.69","50.48","54.22","293.85","299875.00","295.21"
"Wed Apr 15 2026 13:15:00 GMT+0530 (India Standard Time)","330.40","332.00","324.65","325.10","299.17","58.26","49.66","52.92","294.71","181075.00","297.05"
"Thu Apr 16 2026 09:15:00 GMT+0530 (India Standard Time)","329.80","334.70","321.90","332.55","299.78","60.59","50.81","54.50","296.18","379502.00","299.53"
"Thu Apr 16 2026 13:15:00 GMT+0530 (India Standard Time)","332.55","340.00","332.45","335.00","300.56","61.33","51.18","55.01","298.16","181732.00","302.51"
"Fri Apr 17 2026 09:15:00 GMT+0530 (India Standard Time)","338.90","343.60","333.70","342.95","301.61","63.67","52.38","56.63","300.15","228832.00","305.64"
"Fri Apr 17 2026 13:15:00 GMT+0530 (India Standard Time)","342.95","343.95","340.00","340.15","302.65","62.28","51.92","55.90","302.15","104612.00","308.38"
"Mon Apr 20 2026 09:15:00 GMT+0530 (India Standard Time)","345.00","349.95","334.10","347.30","303.64","64.37","52.99","57.34","303.92","287875.00","311.26"
"Mon Apr 20 2026 13:15:00 GMT+0530 (India Standard Time)","347.30","348.00","342.90","346.00","304.54","63.69","52.77","56.99","305.73","195625.00","314.62"
"Tue Apr 21 2026 09:15:00 GMT+0530 (India Standard Time)","349.00","370.00","346.00","363.70","305.49","68.42","55.30","60.36","308.27","575548.00","318.50"
"Tue Apr 21 2026 13:15:00 GMT+0530 (India Standard Time)","363.70","365.55","355.00","359.80","306.40","66.42","54.64","59.31","311.18","254964.00","322.25"
"Wed Apr 22 2026 09:15:00 GMT+0530 (India Standard Time)","345.00","384.60","340.00","374.90","307.56","69.98","56.67","61.96","314.51","2855591.00","326.08"
"Wed Apr 22 2026 13:15:00 GMT+0530 (India Standard Time)","374.75","378.95","373.45","374.95","308.87","69.99","56.68","61.96","318.13","816531.00","330.40"
"Thu Apr 23 2026 09:15:00 GMT+0530 (India Standard Time)","375.00","379.00","364.35","374.65","310.28","69.83","56.63","61.88","321.31","525894.00","334.65"
"Thu Apr 23 2026 13:15:00 GMT+0530 (India Standard Time)","374.65","384.90","374.20","382.70","311.71","71.68","57.69","63.26","324.76","404247.00","338.36"
"Fri Apr 24 2026 09:15:00 GMT+0530 (India Standard Time)","385.00","386.80","367.65","370.60","313.19","65.36","55.60","59.90","328.33","278903.00","341.57"
"Fri Apr 24 2026 13:15:00 GMT+0530 (India Standard Time)","371.10","374.75","370.00","373.10","314.62","66.01","55.94","60.35","331.67","97983.00","344.38"
"Mon Apr 27 2026 09:15:00 GMT+0530 (India Standard Time)","383.50","403.00","383.50","402.90","316.10","72.48","59.64","65.12","335.81","890662.00","348.54"
"Mon Apr 27 2026 13:15:00 GMT+0530 (India Standard Time)","402.90","403.00","399.25","401.20","318.14","71.66","59.35","64.67","339.85","295246.00","352.60"
"Tue Apr 28 2026 09:15:00 GMT+0530 (India Standard Time)","403.00","406.00","394.40","397.15","319.84","69.70","58.66","63.57","343.92","320122.00","356.56"
"Tue Apr 28 2026 13:15:00 GMT+0530 (India Standard Time)","397.15","397.45","390.00","393.30","321.30","67.84","58.00","62.54","347.84","125844.00","360.41"
"Wed Apr 29 2026 09:15:00 GMT+0530 (India Standard Time)","397.40","400.70","392.10","399.25","323.10","69.17","58.73","63.48","351.23","203227.00","364.24"
"Wed Apr 29 2026 13:15:00 GMT+0530 (India Standard Time)","399.25","399.25","390.00","390.00","324.94","64.79","57.17","61.03","354.33","103046.00","367.26"
"Thu Apr 30 2026 09:15:00 GMT+0530 (India Standard Time)","393.85","393.85","382.05","392.90","326.66","65.51","57.53","61.51","357.05","182340.00","370.30"
"Thu Apr 30 2026 13:15:00 GMT+0530 (India Standard Time)","392.90","395.50","390.00","390.00","328.42","64.13","57.04","60.74","359.93","50221.00","373.20"
"Mon May 04 2026 09:15:00 GMT+0530 (India Standard Time)","394.80","402.00","392.15","400.85","330.66","66.87","58.39","62.54","362.88","156935.00","376.22"
"Mon May 04 2026 13:15:00 GMT+0530 (India Standard Time)","400.85","402.50","398.40","402.00","333.08","67.14","58.53","62.73","365.93","81549.00","379.10"
"Tue May 05 2026 09:15:00 GMT+0530 (India Standard Time)","400.60","415.00","396.20","410.90","335.54","69.25","59.60","64.15","369.33","295206.00","382.29"
"Tue May 05 2026 13:15:00 GMT+0530 (India Standard Time)","410.90","413.00","410.10","410.55","338.05","69.06","59.54","64.05","372.69","77231.00","385.46"
"Wed May 06 2026 09:15:00 GMT+0530 (India Standard Time)","419.00","419.00","412.00","415.20","340.47","70.16","60.09","64.80","375.80","200982.00","388.77"
"Wed May 06 2026 13:15:00 GMT+0530 (India Standard Time)","415.20","417.15","414.55","416.20","342.89","70.40","60.21","64.96","378.97","94258.00","391.40"
"Thu May 07 2026 09:15:00 GMT+0530 (India Standard Time)","419.00","425.85","414.80","421.45","345.55","71.64","60.84","65.80","382.22","163864.00","394.30"
"Thu May 07 2026 13:15:00 GMT+0530 (India Standard Time)","421.45","428.00","419.00","428.00","348.50","73.12","61.62","66.82","385.40","100578.00","397.02"
"Fri May 08 2026 09:15:00 GMT+0530 (India Standard Time)","424.80","439.40","424.00","430.65","351.66","73.70","61.92","67.22","388.66","210385.00","399.67"
"Fri May 08 2026 13:15:00 GMT+0530 (India Standard Time)","430.65","434.75","429.10","432.10","354.80","74.02","62.09","67.45","391.90","75157.00","402.47"
"Mon May 11 2026 09:15:00 GMT+0530 (India Standard Time)","423.05","430.00","416.05","425.85","357.62","70.12","60.90","65.46","394.76","193363.00","404.53"
"Mon May 11 2026 13:15:00 GMT+0530 (India Standard Time)","425.55","426.50","423.30","425.50","360.44","69.91","60.83","65.35","397.60","72206.00","406.97"
"Tue May 12 2026 09:15:00 GMT+0530 (India Standard Time)","420.00","426.65","418.55","421.40","363.38","67.35","60.05","64.04","399.82","168906.00","409.32"
"Tue May 12 2026 13:15:00 GMT+0530 (India Standard Time)","421.40","422.20","413.35","418.90","366.15","65.81","59.57","63.24","401.90","206784.00","410.28"
"Wed May 13 2026 09:15:00 GMT+0530 (India Standard Time)","415.00","425.75","411.00","423.95","368.95","67.39","60.22","64.17","403.82","147740.00","411.24"
"Wed May 13 2026 13:15:00 GMT+0530 (India Standard Time)","423.95","423.95","419.50","420.00","371.60","64.92","59.46","62.90","405.44","47886.00","412.29"
"Thu May 14 2026 09:15:00 GMT+0530 (India Standard Time)","425.00","425.00","392.25","412.00","374.12","60.23","57.95","60.40","406.76","435820.00","413.09"
"Thu May 14 2026 13:15:00 GMT+0530 (India Standard Time)","412.00","414.70","411.20","413.00","376.69","60.60","58.09","60.60","407.92","94293.00","413.81"
"Fri May 15 2026 09:15:00 GMT+0530 (India Standard Time)","414.95","418.45","403.55","414.65","378.89","61.23","58.31","60.94","409.25","122860.00","414.79"
"Fri May 15 2026 13:15:00 GMT+0530 (India Standard Time)","414.65","419.50","407.00","416.05","381.05","61.78","58.50","61.23","410.73","104669.00","415.94"
"Mon May 18 2026 09:15:00 GMT+0530 (India Standard Time)","408.90","417.40","402.80","415.00","383.02","61.10","58.30","60.88","411.28","189373.00","416.95"
"Mon May 18 2026 13:15:00 GMT+0530 (India Standard Time)","415.00","419.00","414.00","416.40","385.14","61.69","58.50","61.18","411.82","56646.00","417.79"
"Tue May 19 2026 09:15:00 GMT+0530 (India Standard Time)","423.00","427.15","415.05","423.50","387.27","64.54","59.49","62.69","412.63","94806.00","418.79"
"Tue May 19 2026 13:15:00 GMT+0530 (India Standard Time)","423.50","426.30","419.75","422.90","389.42","64.12","59.37","62.48","413.68","46352.00","419.49"
"Wed May 20 2026 09:15:00 GMT+0530 (India Standard Time)","420.15","422.75","413.70","414.80","391.49","58.66","57.74","59.70","414.39","53506.00","419.75"
"Wed May 20 2026 13:15:00 GMT+0530 (India Standard Time)","414.80","414.80","410.55","413.70","393.41","57.96","57.52","59.33","415.10","37304.00","419.65"
"Thu May 21 2026 09:15:00 GMT+0530 (India Standard Time)","417.00","421.50","412.20","412.40","395.13","57.11","57.25","58.89","416.02","43182.00","419.58"
"Thu May 21 2026 13:15:00 GMT+0530 (India Standard Time)","412.40","416.00","412.00","412.00","396.85","56.84","57.17","58.75","416.79","28061.00","419.20"
"Fri May 22 2026 09:15:00 GMT+0530 (India Standard Time)","411.75","424.95","411.00","421.65","398.64","61.44","58.62","61.02","417.53","97011.00","418.92"
"Fri May 22 2026 13:15:00 GMT+0530 (India Standard Time)","421.70","422.10","417.55","420.05","400.33","60.32","58.29","60.45","418.21","50302.00","418.39"
"Mon May 25 2026 09:15:00 GMT+0530 (India Standard Time)","424.00","438.60","418.00","436.70","402.16","66.92","60.65","64.04","419.06","255007.00","418.41"
"Mon May 25 2026 13:15:00 GMT+0530 (India Standard Time)","436.65","441.85","435.05","437.00","404.10","67.02","60.69","64.10","420.01","136840.00","419.04"
"Tue May 26 2026 09:15:00 GMT+0530 (India Standard Time)","440.05","445.95","435.35","435.55","405.96","65.97","60.38","63.57","420.85","166604.00","419.66"
"Tue May 26 2026 13:15:00 GMT+0530 (India Standard Time)","435.55","436.50","429.80","433.00","407.71","64.12","59.84","62.63","421.47","54456.00","420.18"
"Wed May 27 2026 09:15:00 GMT+0530 (India Standard Time)","436.00","439.00","429.05","429.85","409.13","61.86","59.17","61.48","421.89","62831.00","420.83"
"Wed May 27 2026 13:15:00 GMT+0530 (India Standard Time)","429.85","430.70","427.80","429.60","410.52","61.68","59.11","61.39","422.05","31760.00","421.23"
"Fri May 29 2026 09:15:00 GMT+0530 (India Standard Time)","428.05","434.80","424.40","425.50","411.70","58.73","58.23","59.88","421.94","89940.00","421.54"
"Fri May 29 2026 13:15:00 GMT+0530 (India Standard Time)","425.50","427.35","419.00","420.90","412.63","55.59","57.26","58.22","421.60","45916.00","422.10"
"Mon Jun 01 2026 09:15:00 GMT+0530 (India Standard Time)","425.10","437.65","419.10","431.75","413.77","60.78","58.91","60.85","421.79","98144.00","422.92"
"Mon Jun 01 2026 13:15:00 GMT+0530 (India Standard Time)","431.70","434.90","430.65","433.50","414.81","61.54","59.17","61.25","422.08","51473.00","423.88"
"Tue Jun 02 2026 09:15:00 GMT+0530 (India Standard Time)","433.00","457.25","426.55","455.95","416.31","69.51","62.27","65.90","422.95","417432.00","425.51"
"Tue Jun 02 2026 13:15:00 GMT+0530 (India Standard Time)","455.95","471.55","455.55","465.55","418.14","72.10","63.48","67.61","424.59","308459.00","427.99"
"Wed Jun 03 2026 09:15:00 GMT+0530 (India Standard Time)","462.00","462.40","449.00","452.95","419.27","64.53","60.87","63.32","425.83","180942.00","429.79"
"Wed Jun 03 2026 13:15:00 GMT+0530 (India Standard Time)","452.95","454.60","445.50","449.10","420.24","62.43","60.11","62.09","426.85","63179.00","431.09"
"Thu Jun 04 2026 09:15:00 GMT+0530 (India Standard Time)","450.00","467.80","448.00","458.50","421.43","65.33","61.32","63.86","428.57","173739.00","432.77"
"Thu Jun 04 2026 13:15:00 GMT+0530 (India Standard Time)","458.50","460.35","455.15","459.70","422.73","65.68","61.47","64.08","430.20","48970.00","434.78"
"Fri Jun 05 2026 09:15:00 GMT+0530 (India Standard Time)","464.60","465.30","453.55","453.95","423.91","62.47","60.31","62.21","431.82","64585.00","436.85"
"Fri Jun 05 2026 13:15:00 GMT+0530 (India Standard Time)","453.95","455.20","450.00","455.00","425.14","62.82","60.45","62.42","433.22","50238.00","438.72"
"Mon Jun 08 2026 09:15:00 GMT+0530 (India Standard Time)","448.05","453.00","438.00","441.05","426.20","55.61","57.73","58.09","434.37","124813.00","440.16"
"Mon Jun 08 2026 13:15:00 GMT+0530 (India Standard Time)","441.05","441.80","431.15","436.80","427.10","53.64","56.93","56.85","435.09","66839.00","440.96"
"Tue Jun 09 2026 09:15:00 GMT+0530 (India Standard Time)","439.85","447.35","436.75","440.40","427.95","55.05","57.44","57.64","435.79","160173.00","441.98"
"Tue Jun 09 2026 13:15:00 GMT+0530 (India Standard Time)","440.40","445.60","439.40","443.50","428.78","56.26","57.87","58.31","436.50","38618.00","442.48"
"Wed Jun 10 2026 09:15:00 GMT+0530 (India Standard Time)","446.00","452.35","434.75","439.60","429.45","54.33","57.12","57.14","437.40","115465.00","442.66"
"Wed Jun 10 2026 13:15:00 GMT+0530 (India Standard Time)","439.60","439.95","431.80","439.00","429.98","54.03","57.01","56.96","438.25","90819.00","442.63"
"Thu Jun 11 2026 09:15:00 GMT+0530 (India Standard Time)","439.60","440.00","427.30","429.90","430.30","49.67","55.29","54.27","438.86","118096.00","442.56"
"Thu Jun 11 2026 13:15:00 GMT+0530 (India Standard Time)","429.90","433.20","426.50","433.20","430.61","51.17","55.78","55.06","439.49","39662.00","442.55"
"Fri Jun 12 2026 09:15:00 GMT+0530 (India Standard Time)","435.85","454.90","435.85","448.25","431.13","57.27","57.93","58.43","440.46","169651.00","443.37"
"Fri Jun 12 2026 13:15:00 GMT+0530 (India Standard Time)","448.25","452.00","445.95","447.15","431.58","56.73","57.72","58.10","441.47","73514.00","444.35"
"Mon Jun 15 2026 09:15:00 GMT+0530 (India Standard Time)","456.00","490.15","453.00","474.55","432.42","65.33","61.27","63.36","442.95","558286.00","446.78"
"Mon Jun 15 2026 13:15:00 GMT+0530 (India Standard Time)","474.55","475.80","465.10","469.70","433.18","63.00","60.36","61.95","444.11","83451.00","448.69"
"Tue Jun 16 2026 09:15:00 GMT+0530 (India Standard Time)","470.10","474.90","460.10","463.15","434.00","59.97","59.15","60.08","445.07","75001.00","450.22"
"Tue Jun 16 2026 13:15:00 GMT+0530 (India Standard Time)","463.15","472.00","462.70","469.45","434.86","61.83","59.94","61.24","446.32","46742.00","451.15"
"Wed Jun 17 2026 09:15:00 GMT+0530 (India Standard Time)","469.00","482.40","465.70","466.80","435.83","60.59","59.44","60.48","447.71","224068.00","451.43"
"Wed Jun 17 2026 13:15:00 GMT+0530 (India Standard Time)","466.80","471.65","462.20","466.90","436.80","60.62","59.46","60.50","449.06","112070.00","452.02"
"Thu Jun 18 2026 09:15:00 GMT+0530 (India Standard Time)","468.35","473.35","461.15","467.20","437.72","60.72","59.50","60.56","450.45","108020.00","452.86"
"Thu Jun 18 2026 13:15:00 GMT+0530 (India Standard Time)","468.00","473.00","465.60","466.30","438.66","60.24","59.32","60.28","452.09","41665.00","453.32"
"Fri Jun 19 2026 09:15:00 GMT+0530 (India Standard Time)","467.55","474.85","463.05","463.20","439.77","58.59","58.72","59.33","453.43","109985.00","453.67"
"Fri Jun 19 2026 13:15:00 GMT+0530 (India Standard Time)","463.20","475.00","463.05","474.50","440.95","62.52","60.22","61.61","454.78","84543.00","454.39"
"Mon Jun 22 2026 09:15:00 GMT+0530 (India Standard Time)","474.25","499.30","471.25","484.00","442.39","65.42","61.42","63.38","456.15","368396.00","455.86"
"Mon Jun 22 2026 13:15:00 GMT+0530 (India Standard Time)","483.75","486.70","479.00","485.80","443.78","65.95","61.64","63.71","456.85","83179.00","457.81"
"Tue Jun 23 2026 09:15:00 GMT+0530 (India Standard Time)","487.90","487.90","470.10","471.70","445.04","58.64","58.92","59.43","457.62","152503.00","459.66"
"Tue Jun 23 2026 13:15:00 GMT+0530 (India Standard Time)","471.55","472.45","467.10","467.10","446.08","56.49","58.07","58.13","458.31","43467.00","460.95"
"Wed Jun 24 2026 09:15:00 GMT+0530 (India Standard Time)","469.00","469.00","454.10","465.00","446.90","55.52","57.69","57.53","458.47","105202.00","461.92"
"Wed Jun 24 2026 13:15:00 GMT+0530 (India Standard Time)","465.00","469.45","462.55","468.20","447.78","56.71","58.12","58.20","458.77","140854.00","463.13"
"Thu Jun 25 2026 09:15:00 GMT+0530 (India Standard Time)","465.00","467.70","456.10","465.30","448.72","55.30","57.58","57.36","458.96","114987.00","464.38"
"Thu Jun 25 2026 13:15:00 GMT+0530 (India Standard Time)","465.30","466.00","462.80","465.75","449.76","55.48","57.64","57.46","459.37","36227.00","465.96"
"Mon Jun 29 2026 09:15:00 GMT+0530 (India Standard Time)","464.00","472.00","450.75","454.30","450.62","50.07","55.52","54.18","459.91","312048.00","467.22"
"Mon Jun 29 2026 13:15:00 GMT+0530 (India Standard Time)","454.30","466.05","453.70","463.95","451.60","54.04","56.88","56.34","460.79","82762.00","467.94"
"Tue Jun 30 2026 09:15:00 GMT+0530 (India Standard Time)","459.10","472.00","454.65","469.00","452.53","55.96","57.57","57.42","461.64","109999.00","468.80"
"Tue Jun 30 2026 13:15:00 GMT+0530 (India Standard Time)","469.00","469.00","459.10","464.00","453.41","53.63","56.65","56.01","462.39","45027.00","468.37"
"Wed Jul 01 2026 09:15:00 GMT+0530 (India Standard Time)","465.00","467.20","455.20","463.55","454.01","53.42","56.57","55.88","463.10","90104.00","468.00"
"Wed Jul 01 2026 13:15:00 GMT+0530 (India Standard Time)","463.55","469.00","462.00","465.50","454.56","54.23","56.85","56.32","464.12","49500.00","468.01"
"Thu Jul 02 2026 09:15:00 GMT+0530 (India Standard Time)","462.15","483.45","459.90","471.95","455.24","56.86","57.76","57.76","465.52","158814.00","468.17"
"Thu Jul 02 2026 13:15:00 GMT+0530 (India Standard Time)","472.40","474.40","470.00","470.25","456.00","55.97","57.43","57.25","466.97","36078.00","468.21"
"Fri Jul 03 2026 09:15:00 GMT+0530 (India Standard Time)","480.10","519.35","476.60","508.00","457.42","67.73","62.23","64.43","468.94","1227244.00","469.93"
"Fri Jul 03 2026 13:15:00 GMT+0530 (India Standard Time)","508.00","523.95","505.20","510.80","459.09","68.39","62.55","64.88","471.26","1298657.00","472.09"
"Mon Jul 06 2026 09:15:00 GMT+0530 (India Standard Time)","510.00","518.00","496.00","497.15","460.58","61.93","60.04","61.01","472.37","287619.00","473.73"
"Mon Jul 06 2026 13:15:00 GMT+0530 (India Standard Time)","496.00","506.50","496.00","504.25","462.19","63.80","60.87","62.22","473.51","71909.00","475.47"
"Tue Jul 07 2026 09:15:00 GMT+0530 (India Standard Time)","505.25","527.00","505.25","524.60","464.00","68.45","63.12","65.38","475.40","874868.00","477.79"
"Tue Jul 07 2026 13:15:00 GMT+0530 (India Standard Time)","524.60","546.80","524.00","538.00","466.07","71.03","64.48","67.23","477.84","1492173.00","480.27"
"Wed Jul 08 2026 09:15:00 GMT+0530 (India Standard Time)","530.00","552.00","527.35","533.30","467.82","68.95","63.64","65.96","480.19","714461.00","482.75"
"Wed Jul 08 2026 13:15:00 GMT+0530 (India Standard Time)","533.30","535.00","513.00","522.00","468.99","64.22","61.67","63.00","482.21","542309.00","485.02"
"Thu Jul 09 2026 09:15:00 GMT+0530 (India Standard Time)","525.95","548.00","525.95","541.00","470.68","68.09","63.60","65.66","484.75","252238.00","488.38"
"Thu Jul 09 2026 13:15:00 GMT+0530 (India Standard Time)","541.00","542.20","535.00","539.00","472.47","67.28","63.26","65.16","487.26","84368.00","491.97"
"Fri Jul 10 2026 09:15:00 GMT+0530 (India Standard Time)","545.85","548.00","529.00","529.55","473.98","63.56","61.67","62.80","489.71","150474.00","495.16"
"Fri Jul 10 2026 13:15:00 GMT+0530 (India Standard Time)","529.55","569.55","526.40","543.00","475.72","66.34","63.01","64.67","492.40","421491.00","499.06"
"Mon Jul 13 2026 09:15:00 GMT+0530 (India Standard Time)","540.55","554.30","512.15","524.00","477.16","59.59","59.98","60.26","494.02","541968.00","502.09"
"Mon Jul 13 2026 13:15:00 GMT+0530 (India Standard Time)","524.10","530.10","522.10","524.40","478.58","59.68","60.02","60.32","495.51","159340.00","505.30"
"Tue Jul 14 2026 09:15:00 GMT+0530 (India Standard Time)","528.20","534.45","521.55","529.05","480.29","60.76","60.50","61.01","497.36","185389.00","508.47"
"Tue Jul 14 2026 13:15:00 GMT+0530 (India Standard Time)","529.05","538.00","525.05","531.80","482.19","61.40","60.79","61.42","499.60","111143.00","511.59"
"Wed Jul 15 2026 09:15:00 GMT+0530 (India Standard Time)","535.00","540.00","529.50","536.95","484.08","62.60","61.32","62.17","502.20","127392.00","515.01"
"Wed Jul 15 2026 13:15:00 GMT+0530 (India Standard Time)","536.95","542.85","535.60","542.65","486.04","63.90","61.90","63.00","504.83","66700.00","518.75"
"Thu Jul 16 2026 09:15:00 GMT+0530 (India Standard Time)","543.20","588.80","543.20","583.00","488.70","71.32","65.63","68.09","508.71","1820489.00","523.94"
"Thu Jul 16 2026 13:15:00 GMT+0530 (India Standard Time)","582.45","591.00","575.10","590.00","491.68","72.35","66.22","68.86","513.01","1252897.00","529.40"
"Fri Jul 17 2026 09:15:00 GMT+0530 (India Standard Time)","593.00","602.20","559.40","577.50","494.63","67.77","64.23","65.95","517.32","775411.00","534.54"
"Fri Jul 17 2026 13:15:00 GMT+0530 (India Standard Time)","577.50","580.00","574.00","578.95","497.56","68.02","64.36","66.12","521.48","154124.00","538.11"
"Mon Jul 20 2026 09:15:00 GMT+0530 (India Standard Time)","572.00","602.95","570.20","595.35","500.44","70.68","65.75","67.99","525.92","470242.00","541.84"
"Mon Jul 20 2026 13:15:00 GMT+0530 (India Standard Time)","595.75","600.60","592.35","594.00","503.38","70.18","65.53","67.67","530.62","212454.00","546.28"
"Tue Jul 21 2026 09:15:00 GMT+0530 (India Standard Time)","594.55","613.00","586.75","612.50","506.05","72.96","67.04","69.66","535.70","402239.00","551.20"
"Tue Jul 21 2026 13:15:00 GMT+0530 (India Standard Time)","612.50","628.45","608.60","620.15","509.03","74.01","67.63","70.43","541.18","488995.00","555.91"
"Wed Jul 22 2026 09:15:00 GMT+0530 (India Standard Time)","623.00","734.95","621.10","696.55","513.47","81.55","72.64","76.55","548.77","10195891.00","563.09"
"Wed Jul 22 2026 13:15:00 GMT+0530 (India Standard Time)","696.95","704.95","672.00","694.50","517.93","80.89","72.33","76.12","556.59","2699113.00","570.47"
"Thu Jul 23 2026 09:15:00 GMT+0530 (India Standard Time)","695.15","701.25","665.00","666.65","522.02","72.51","68.35","70.52","562.88","809771.00","577.70"
"Thu Jul 23 2026 13:15:00 GMT+0530 (India Standard Time)","666.65","671.70","661.80","664.25","525.99","71.83","68.02","70.06","568.33","242027.00","583.72"
"Fri Jul 24 2026 09:15:00 GMT+0530 (India Standard Time)","655.15","680.85","654.05","672.35","530.05","72.73","68.54","70.72","574.24","585168.00","589.97"
"Fri Jul 24 2026 13:15:00 GMT+0530 (India Standard Time)","672.35","673.35","665.00","672.00","534.10","72.63","68.49","70.65","580.24","152159.00","596.47"