"Date","Open","High","Low","Close","Result ‌Weighted Close‌ (50,y)","RSI ‌rsi‌ (21,C)","RSI ‌rsi‌ (56)","RSI ‌rsi‌ (36)","Result ‌Typical Price‌ (28,n)","Volume","Result ‌Weighted Close‌ (21)"
"Sun Jul 09 2023 00:00:00 GMT+0530 (India Standard Time)","403.00","427.00","403.00","420.60","","","","","","21041989.00",""
"Tue Jul 11 2023 00:00:00 GMT+0530 (India Standard Time)","425.25","504.70","420.80","493.20","","","","","","14891955.00",""
"Wed Jul 12 2023 00:00:00 GMT+0530 (India Standard Time)","507.50","547.00","505.60","518.30","","","","","","7921315.00",""
"Thu Jul 13 2023 00:00:00 GMT+0530 (India Standard Time)","524.55","537.00","502.00","514.00","","","","","","3189609.00",""
"Fri Jul 14 2023 00:00:00 GMT+0530 (India Standard Time)","516.50","522.20","493.55","501.90","","","","","","1395304.00",""
"Mon Jul 17 2023 00:00:00 GMT+0530 (India Standard Time)","507.50","532.35","505.10","510.65","","","","","","2250952.00",""
"Tue Jul 18 2023 00:00:00 GMT+0530 (India Standard Time)","513.90","517.40","494.55","497.50","","","","","","821334.00",""
"Wed Jul 19 2023 00:00:00 GMT+0530 (India Standard Time)","498.95","508.00","492.00","504.75","","","","","","978219.00",""
"Thu Jul 20 2023 00:00:00 GMT+0530 (India Standard Time)","506.45","513.00","501.95","508.20","","","","","","588540.00",""
"Fri Jul 21 2023 00:00:00 GMT+0530 (India Standard Time)","505.05","508.25","492.95","496.80","","","","","","548249.00",""
"Mon Jul 24 2023 00:00:00 GMT+0530 (India Standard Time)","470.15","506.70","450.05","493.95","","","","","","2061687.00",""
"Tue Jul 25 2023 00:00:00 GMT+0530 (India Standard Time)","500.00","500.00","470.00","478.70","","","","","","377215.00",""
"Wed Jul 26 2023 00:00:00 GMT+0530 (India Standard Time)","478.95","498.40","474.95","495.45","","","","","","474453.00",""
"Thu Jul 27 2023 00:00:00 GMT+0530 (India Standard Time)","499.00","506.95","490.20","503.35","","","","","","697707.00",""
"Fri Jul 28 2023 00:00:00 GMT+0530 (India Standard Time)","505.90","531.20","498.55","509.30","","","","","","1026623.00",""
"Mon Jul 31 2023 00:00:00 GMT+0530 (India Standard Time)","523.35","523.40","510.60","515.80","","","","","","474234.00",""
"Tue Aug 01 2023 00:00:00 GMT+0530 (India Standard Time)","514.80","517.00","503.00","512.95","","","","","","256967.00",""
"Wed Aug 02 2023 00:00:00 GMT+0530 (India Standard Time)","509.00","510.70","490.00","493.90","","","","","","293450.00",""
"Thu Aug 03 2023 00:00:00 GMT+0530 (India Standard Time)","493.80","498.45","488.00","489.80","","","","","","193486.00",""
"Fri Aug 04 2023 00:00:00 GMT+0530 (India Standard Time)","493.65","509.05","483.05","504.70","","","","","","1010093.00",""
"Mon Aug 07 2023 00:00:00 GMT+0530 (India Standard Time)","509.00","510.00","491.30","498.20","","","","","","463115.00",""
"Tue Aug 08 2023 00:00:00 GMT+0530 (India Standard Time)","498.20","498.40","490.35","495.00","","64.10","","","","366379.00","501.45"
"Wed Aug 09 2023 00:00:00 GMT+0530 (India Standard Time)","497.95","498.00","490.00","491.30","","63.17","","","","92396.00","502.15"
"Thu Aug 10 2023 00:00:00 GMT+0530 (India Standard Time)","491.00","503.65","490.00","496.75","","63.97","","","","153840.00","500.93"
"Fri Aug 11 2023 00:00:00 GMT+0530 (India Standard Time)","503.00","503.00","479.00","487.75","","61.63","","","","260714.00","499.63"
"Mon Aug 14 2023 00:00:00 GMT+0530 (India Standard Time)","487.00","498.40","466.05","494.25","","62.67","","","","204079.00","498.83"
"Wed Aug 16 2023 00:00:00 GMT+0530 (India Standard Time)","494.05","502.15","491.80","495.45","","62.86","","","","124664.00","497.95"
"Thu Aug 17 2023 00:00:00 GMT+0530 (India Standard Time)","495.00","513.00","491.80","507.90","","64.86","","","","284248.00","498.12"
"Fri Aug 18 2023 00:00:00 GMT+0530 (India Standard Time)","514.90","518.00","505.00","515.40","","66.01","","","500.28","335915.00","498.64"
"Mon Aug 21 2023 00:00:00 GMT+0530 (India Standard Time)","519.40","567.90","512.50","554.25","","71.17","","","502.85","1338130.00","500.52"
"Tue Aug 22 2023 00:00:00 GMT+0530 (India Standard Time)","562.00","573.00","545.25","554.10","","71.13","","","504.06","594514.00","503.28"
"Wed Aug 23 2023 00:00:00 GMT+0530 (India Standard Time)","557.00","577.35","550.25","562.25","","72.11","","","505.69","502513.00","506.94"
"Thu Aug 24 2023 00:00:00 GMT+0530 (India Standard Time)","570.00","576.00","555.00","568.60","","72.86","","","507.86","376212.00","510.99"
"Fri Aug 25 2023 00:00:00 GMT+0530 (India Standard Time)","562.00","586.05","561.10","574.50","","73.55","","","509.92","342786.00","514.95"
"Mon Aug 28 2023 00:00:00 GMT+0530 (India Standard Time)","580.00","583.00","567.10","573.60","","73.25","","","512.47","181083.00","518.44"
"Tue Aug 29 2023 00:00:00 GMT+0530 (India Standard Time)","574.90","575.10","553.30","556.70","","67.79","","","514.62","129667.00","520.74"
"Wed Aug 30 2023 00:00:00 GMT+0530 (India Standard Time)","557.50","569.00","548.00","556.15","","67.61","","67.49","516.41","242641.00","522.69"
"Thu Aug 31 2023 00:00:00 GMT+0530 (India Standard Time)","553.10","604.00","551.40","597.55","","73.04","","70.71","519.44","740467.00","526.32"
"Fri Sep 01 2023 00:00:00 GMT+0530 (India Standard Time)","605.00","630.00","605.00","622.40","","75.61","","72.40","524.28","841413.00","532.17"
"Mon Sep 04 2023 00:00:00 GMT+0530 (India Standard Time)","626.00","638.50","616.80","624.60","","75.82","","72.54","529.42","263233.00","538.58"
"Tue Sep 05 2023 00:00:00 GMT+0530 (India Standard Time)","624.60","748.90","623.80","718.40","","82.65","","77.66","536.82","1815180.00","548.20"
"Wed Sep 06 2023 00:00:00 GMT+0530 (India Standard Time)","722.00","778.90","695.70","710.80","","80.71","","76.47","544.98","1836279.00","558.89"
"Thu Sep 07 2023 00:00:00 GMT+0530 (India Standard Time)","708.80","735.95","663.20","683.90","","74.24","","72.44","551.45","485994.00","568.27"
"Fri Sep 08 2023 00:00:00 GMT+0530 (India Standard Time)","675.00","725.00","671.30","699.20","","75.42","","73.26","557.95","507835.00","578.09"
"Mon Sep 11 2023 00:00:00 GMT+0530 (India Standard Time)","709.70","717.00","702.00","707.80","","76.06","","73.72","565.02","111086.00","588.17"
"Tue Sep 12 2023 00:00:00 GMT+0530 (India Standard Time)","714.00","715.20","660.00","672.30","","68.29","","68.76","571.60","187446.00","597.25"
"Wed Sep 13 2023 00:00:00 GMT+0530 (India Standard Time)","673.95","678.75","650.00","674.10","","68.46","","68.86","577.87","192629.00","605.87"
"Thu Sep 14 2023 00:00:00 GMT+0530 (India Standard Time)","681.65","695.00","678.25","680.85","","69.12","","69.28","584.51","117988.00","614.80"
"Fri Sep 15 2023 00:00:00 GMT+0530 (India Standard Time)","684.50","692.75","673.55","679.20","","68.75","","69.05","591.01","78269.00","623.18"
"Mon Sep 18 2023 00:00:00 GMT+0530 (India Standard Time)","677.00","684.95","660.10","666.75","","65.96","","67.30","597.29","89262.00","630.62"
"Wed Sep 20 2023 00:00:00 GMT+0530 (India Standard Time)","662.00","662.75","650.00","656.40","558.23","63.71","","65.88","603.12","92122.00","635.82"
"Thu Sep 21 2023 00:00:00 GMT+0530 (India Standard Time)","653.90","687.45","651.25","672.60","562.09","65.64","","67.01","609.33","266264.00","641.26"
"Fri Sep 22 2023 00:00:00 GMT+0530 (India Standard Time)","679.65","679.70","656.40","667.55","565.00","64.52","","66.31","615.68","95886.00","646.25"
"Mon Sep 25 2023 00:00:00 GMT+0530 (India Standard Time)","675.65","685.60","663.00","674.65","568.16","65.39","","66.81","622.40","136738.00","651.37"
"Tue Sep 26 2023 00:00:00 GMT+0530 (India Standard Time)","673.75","683.00","669.95","678.05","571.60","65.81","","67.05","628.85","126546.00","656.28"
"Wed Sep 27 2023 00:00:00 GMT+0530 (India Standard Time)","678.00","728.00","678.00","698.60","575.33","68.28","","68.47","635.90","513370.00","662.30"
"Thu Sep 28 2023 00:00:00 GMT+0530 (India Standard Time)","702.75","740.90","691.60","704.70","579.50","68.97","69.33","68.88","643.02","838541.00","669.45"
"Fri Sep 29 2023 00:00:00 GMT+0530 (India Standard Time)","712.00","741.70","710.00","720.60","583.92","70.73","69.99","69.93","649.43","487900.00","677.35"
"Tue Oct 03 2023 00:00:00 GMT+0530 (India Standard Time)","722.20","722.20","684.00","685.70","587.65","62.56","66.77","64.98","654.42","366770.00","682.43"
"Wed Oct 04 2023 00:00:00 GMT+0530 (India Standard Time)","687.00","693.65","646.85","656.85","590.95","56.86","64.29","61.29","658.08","516920.00","684.51"
"Thu Oct 05 2023 00:00:00 GMT+0530 (India Standard Time)","678.00","684.95","658.00","669.95","594.64","58.65","64.89","62.29","661.81","258899.00","686.63"
"Fri Oct 06 2023 00:00:00 GMT+0530 (India Standard Time)","671.50","674.00","660.00","668.25","598.35","58.32","64.74","62.08","665.15","160197.00","684.98"
"Mon Oct 09 2023 00:00:00 GMT+0530 (India Standard Time)","668.90","679.90","654.50","668.55","601.89","58.37","64.76","62.10","668.48","616692.00","682.30"
"Tue Oct 10 2023 00:00:00 GMT+0530 (India Standard Time)","668.00","676.10","662.20","665.50","605.22","57.72","64.49","61.70","672.27","215482.00","681.14"
"Wed Oct 11 2023 00:00:00 GMT+0530 (India Standard Time)","670.00","703.65","669.00","673.10","608.57","58.91","64.86","62.32","676.70","326673.00","680.24"
"Thu Oct 12 2023 00:00:00 GMT+0530 (India Standard Time)","677.90","702.00","665.30","691.85","612.00","61.69","65.75","63.82","680.35","352934.00","679.24"
"Fri Oct 13 2023 00:00:00 GMT+0530 (India Standard Time)","691.00","713.50","682.30","686.55","615.61","60.48","65.28","63.09","683.03","306642.00","679.83"
"Mon Oct 16 2023 00:00:00 GMT+0530 (India Standard Time)","696.65","696.65","685.00","688.75","619.46","60.81","65.38","63.27","685.30","278291.00","680.81"
"Tue Oct 17 2023 00:00:00 GMT+0530 (India Standard Time)","704.00","747.70","701.70","708.60","623.97","63.74","66.33","64.86","686.09","1534941.00","682.37"
"Wed Oct 18 2023 00:00:00 GMT+0530 (India Standard Time)","719.40","725.00","705.60","712.80","628.24","64.33","66.52","65.18","685.59","606175.00","683.94"
"Thu Oct 19 2023 00:00:00 GMT+0530 (India Standard Time)","712.60","712.60","690.20","701.80","632.28","61.57","65.50","63.59","685.85","320930.00","685.46"
"Fri Oct 20 2023 00:00:00 GMT+0530 (India Standard Time)","707.85","727.00","694.00","696.85","636.46","60.34","65.04","62.88","686.11","369338.00","687.71"
"Mon Oct 23 2023 00:00:00 GMT+0530 (India Standard Time)","702.00","710.00","659.00","662.65","640.08","52.74","62.00","58.25","684.98","349304.00","687.84"
"Wed Oct 25 2023 00:00:00 GMT+0530 (India Standard Time)","667.00","674.90","616.05","634.00","642.94","47.47","59.61","54.77","683.52","391358.00","686.50"
"Thu Oct 26 2023 00:00:00 GMT+0530 (India Standard Time)","631.05","648.90","605.20","643.15","645.86","49.17","60.11","55.64","682.27","295771.00","684.62"
"Fri Oct 27 2023 00:00:00 GMT+0530 (India Standard Time)","649.95","659.05","645.75","648.80","649.10","50.22","60.42","56.17","681.07","211387.00","683.35"
"Mon Oct 30 2023 00:00:00 GMT+0530 (India Standard Time)","660.00","661.00","633.30","640.25","652.05","48.63","59.71","55.14","679.75","157409.00","680.64"
"Tue Oct 31 2023 00:00:00 GMT+0530 (India Standard Time)","644.10","653.50","635.60","639.40","654.79","48.47","59.64","55.04","678.76","120251.00","677.37"
"Wed Nov 01 2023 00:00:00 GMT+0530 (India Standard Time)","642.80","647.40","630.00","634.45","657.25","47.51","59.22","54.42","678.08","101475.00","673.25"
"Thu Nov 02 2023 00:00:00 GMT+0530 (India Standard Time)","640.10","643.90","631.45","641.40","659.10","49.00","59.63","55.14","676.95","115815.00","670.64"
"Fri Nov 03 2023 00:00:00 GMT+0530 (India Standard Time)","646.80","646.90","635.05","637.15","660.75","48.12","59.26","54.60","675.94","100195.00","669.47"
"Mon Nov 06 2023 00:00:00 GMT+0530 (India Standard Time)","640.00","645.00","635.35","636.60","662.25","48.01","59.21","54.53","674.68","130765.00","667.93"
"Tue Nov 07 2023 00:00:00 GMT+0530 (India Standard Time)","639.00","642.85","633.05","635.30","663.65","47.72","59.10","54.36","673.25","86118.00","666.45"
"Wed Nov 08 2023 00:00:00 GMT+0530 (India Standard Time)","639.00","646.15","631.05","633.05","664.88","47.21","58.90","54.05","670.94","103804.00","664.93"
"Thu Nov 09 2023 00:00:00 GMT+0530 (India Standard Time)","633.95","643.15","629.00","640.65","666.16","49.14","59.37","54.93","668.27","183466.00","663.55"
"Fri Nov 10 2023 00:00:00 GMT+0530 (India Standard Time)","640.00","640.85","632.00","633.75","667.65","47.49","58.75","53.96","665.10","76995.00","661.42"
"Sun Nov 12 2023 00:00:00 GMT+0530 (India Standard Time)","635.00","648.45","635.00","646.25","669.39","50.65","59.53","55.43","663.17","47579.00","659.34"
"Mon Nov 13 2023 00:00:00 GMT+0530 (India Standard Time)","644.95","644.95","635.00","637.00","670.41","48.39","58.69","54.12","662.21","64807.00","656.78"
"Wed Nov 15 2023 00:00:00 GMT+0530 (India Standard Time)","679.95","679.95","647.30","667.40","671.32","55.29","60.56","57.51","662.00","414144.00","655.62"
"Thu Nov 16 2023 00:00:00 GMT+0530 (India Standard Time)","667.40","676.85","661.10","672.15","672.21","56.25","60.84","58.00","662.09","178599.00","653.43"
"Fri Nov 17 2023 00:00:00 GMT+0530 (India Standard Time)","661.00","692.00","661.00","666.75","671.59","54.84","60.34","57.22","662.29","211681.00","651.41"
"Mon Nov 20 2023 00:00:00 GMT+0530 (India Standard Time)","673.00","680.00","665.10","667.90","670.51","55.10","60.41","57.35","662.40","112567.00","649.92"
"Tue Nov 21 2023 00:00:00 GMT+0530 (India Standard Time)","668.50","672.25","657.55","659.50","669.92","52.84","59.63","56.10","661.73","57621.00","647.94"
"Wed Nov 22 2023 00:00:00 GMT+0530 (India Standard Time)","661.95","661.95","642.05","645.30","668.92","49.27","58.32","54.06","660.42","85016.00","646.75"
"Thu Nov 23 2023 00:00:00 GMT+0530 (India Standard Time)","645.30","653.95","639.50","648.30","667.70","50.02","58.51","54.42","658.75","186472.00","647.12"
"Fri Nov 24 2023 00:00:00 GMT+0530 (India Standard Time)","652.30","666.00","640.05","644.95","667.08","49.17","58.20","53.93","657.33","213878.00","647.79"
"Tue Nov 28 2023 00:00:00 GMT+0530 (India Standard Time)","650.80","654.85","634.50","637.95","666.52","47.39","57.55","52.92","654.58","96918.00","647.34"
"Wed Nov 29 2023 00:00:00 GMT+0530 (India Standard Time)","649.00","649.00","634.70","636.40","665.63","47.00","57.40","52.69","651.92","102881.00","647.12"
"Thu Nov 30 2023 00:00:00 GMT+0530 (India Standard Time)","640.65","663.00","633.05","649.05","664.98","50.52","58.28","54.33","650.02","163395.00","647.44"
"Fri Dec 01 2023 00:00:00 GMT+0530 (India Standard Time)","661.00","661.00","648.30","650.40","664.63","50.89","58.37","54.50","648.14","68760.00","648.20"
"Mon Dec 04 2023 00:00:00 GMT+0530 (India Standard Time)","659.65","684.30","647.05","658.35","664.75","53.04","58.92","55.52","647.64","295623.00","649.27"
"Tue Dec 05 2023 00:00:00 GMT+0530 (India Standard Time)","659.95","662.05","647.00","658.70","664.46","53.13","58.94","55.57","648.15","214103.00","650.10"
"Wed Dec 06 2023 00:00:00 GMT+0530 (India Standard Time)","662.50","662.50","641.05","646.55","664.09","49.49","57.74","53.63","648.78","275275.00","650.62"
"Thu Dec 07 2023 00:00:00 GMT+0530 (India Standard Time)","646.90","653.50","639.15","640.70","663.47","47.84","57.17","52.71","648.54","126530.00","650.94"
"Fri Dec 08 2023 00:00:00 GMT+0530 (India Standard Time)","644.00","653.10","638.00","640.70","662.79","47.84","57.17","52.71","648.50","100910.00","651.29"
"Mon Dec 11 2023 00:00:00 GMT+0530 (India Standard Time)","643.65","643.65","613.50","617.00","661.22","41.61","54.88","49.13","647.86","602674.00","650.55"
"Tue Dec 12 2023 00:00:00 GMT+0530 (India Standard Time)","622.65","627.50","613.50","614.85","659.37","41.11","54.68","48.82","647.19","241097.00","649.72"
"Wed Dec 13 2023 00:00:00 GMT+0530 (India Standard Time)","615.00","622.70","612.30","615.45","657.23","41.32","54.73","48.92","646.40","207509.00","648.41"
"Thu Dec 14 2023 00:00:00 GMT+0530 (India Standard Time)","619.00","657.25","612.65","647.75","656.17","51.18","57.18","53.56","646.38","1094232.00","648.55"
"Fri Dec 15 2023 00:00:00 GMT+0530 (India Standard Time)","653.00","682.00","644.00","652.05","656.05","52.30","57.49","54.13","647.11","904177.00","648.17"
"Mon Dec 18 2023 00:00:00 GMT+0530 (India Standard Time)","653.75","677.50","653.05","671.10","656.00","56.90","58.84","56.56","648.19","462544.00","648.05"
"Tue Dec 19 2023 00:00:00 GMT+0530 (India Standard Time)","674.00","677.00","660.70","667.30","656.01","55.77","58.46","55.95","649.32","204303.00","647.88"
"Wed Dec 20 2023 00:00:00 GMT+0530 (India Standard Time)","669.95","678.65","630.55","640.60","655.61","48.66","55.90","51.91","649.76","256637.00","646.81"
"Thu Dec 21 2023 00:00:00 GMT+0530 (India Standard Time)","631.00","659.05","624.40","654.85","655.22","52.08","56.93","53.75","650.13","174520.00","646.14"
"Fri Dec 22 2023 00:00:00 GMT+0530 (India Standard Time)","658.00","671.00","654.90","666.95","654.93","54.77","57.78","55.24","650.89","165734.00","646.92"
"Tue Dec 26 2023 00:00:00 GMT+0530 (India Standard Time)","670.65","686.40","660.05","668.65","654.59","55.14","57.89","55.44","652.05","288437.00","648.04"
"Wed Dec 27 2023 00:00:00 GMT+0530 (India Standard Time)","672.85","672.85","651.30","664.70","654.02","54.06","57.51","54.84","651.99","251448.00","648.72"
"Thu Dec 28 2023 00:00:00 GMT+0530 (India Standard Time)","668.95","679.05","656.55","673.95","653.64","56.18","58.17","56.00","651.98","221088.00","650.13"
"Fri Dec 29 2023 00:00:00 GMT+0530 (India Standard Time)","674.95","695.80","655.95","674.75","652.81","56.36","58.23","56.10","652.06","636097.00","651.85"
"Mon Jan 01 2024 00:00:00 GMT+0530 (India Standard Time)","685.00","688.00","672.75","675.50","652.09","56.54","58.28","56.19","652.34","113261.00","653.25"
"Tue Jan 02 2024 00:00:00 GMT+0530 (India Standard Time)","680.80","680.80","656.20","669.10","651.43","54.54","57.63","55.13","652.54","202767.00","654.03"
"Wed Jan 03 2024 00:00:00 GMT+0530 (India Standard Time)","672.30","672.30","658.20","666.05","650.67","53.60","57.32","54.63","653.10","115198.00","654.20"
"Thu Jan 04 2024 00:00:00 GMT+0530 (India Standard Time)","669.95","678.45","664.05","667.65","650.59","54.03","57.44","54.85","653.91","89892.00","654.81"
"Fri Jan 05 2024 00:00:00 GMT+0530 (India Standard Time)","673.00","680.25","661.00","665.80","651.16","53.42","57.25","54.53","654.58","230350.00","655.72"
"Mon Jan 08 2024 00:00:00 GMT+0530 (India Standard Time)","669.00","669.00","653.00","657.25","651.64","50.63","56.35","53.06","655.20","86661.00","656.46"
"Tue Jan 09 2024 00:00:00 GMT+0530 (India Standard Time)","660.00","664.00","645.00","647.95","651.65","47.78","55.40","51.51","655.64","101877.00","656.85"
"Wed Jan 10 2024 00:00:00 GMT+0530 (India Standard Time)","648.95","667.00","635.55","660.80","651.90","51.72","56.44","53.44","655.85","223701.00","658.43"
"Thu Jan 11 2024 00:00:00 GMT+0530 (India Standard Time)","663.95","664.30","648.00","649.80","652.12","48.43","55.31","51.63","655.88","262860.00","660.11"
"Fri Jan 12 2024 00:00:00 GMT+0530 (India Standard Time)","651.95","674.25","651.00","670.30","652.72","54.14","56.94","54.59","655.95","315728.00","662.49"
"Mon Jan 15 2024 00:00:00 GMT+0530 (India Standard Time)","677.00","719.60","676.00","697.90","653.88","60.34","58.99","58.13","657.45","1113034.00","665.18"
"Tue Jan 16 2024 00:00:00 GMT+0530 (India Standard Time)","702.65","717.00","681.60","691.45","655.01","58.40","58.33","57.06","659.12","420791.00","666.99"
"Wed Jan 17 2024 00:00:00 GMT+0530 (India Standard Time)","677.70","692.00","670.40","678.90","655.84","54.81","57.07","55.03","660.40","213553.00","667.55"
"Thu Jan 18 2024 00:00:00 GMT+0530 (India Standard Time)","675.00","682.80","656.25","662.90","656.43","50.63","55.50","52.58","661.24","171388.00","667.46"
"Fri Jan 19 2024 00:00:00 GMT+0530 (India Standard Time)","668.65","675.75","653.55","668.95","657.05","52.08","55.97","53.39","662.71","264756.00","668.38"
"Sat Jan 20 2024 00:00:00 GMT+0530 (India Standard Time)","665.30","672.10","657.95","660.05","657.54","49.82","55.10","52.05","664.31","97438.00","669.06"
"Tue Jan 23 2024 00:00:00 GMT+0530 (India Standard Time)","666.65","672.75","637.45","648.45","657.87","47.03","54.00","50.35","665.60","152114.00","668.43"
"Wed Jan 24 2024 00:00:00 GMT+0530 (India Standard Time)","676.00","687.40","644.30","657.20","658.22","49.28","54.70","51.58","666.45","634505.00","667.98"
"Thu Jan 25 2024 00:00:00 GMT+0530 (India Standard Time)","664.90","700.00","664.05","679.45","659.07","54.45","56.41","54.51","667.23","780835.00","668.81"
"Mon Jan 29 2024 00:00:00 GMT+0530 (India Standard Time)","698.85","698.85","660.00","663.60","659.19","50.59","54.90","52.19","667.48","314076.00","668.84"
"Tue Jan 30 2024 00:00:00 GMT+0530 (India Standard Time)","670.45","674.15","657.70","665.60","659.09","51.05","55.06","52.45","667.39","147314.00","668.38"
"Wed Jan 31 2024 00:00:00 GMT+0530 (India Standard Time)","669.30","687.35","663.20","683.25","659.24","54.93","56.39","54.71","668.39","314671.00","668.44"
"Thu Feb 01 2024 00:00:00 GMT+0530 (India Standard Time)","689.80","694.95","675.25","681.95","659.51","54.60","56.27","54.51","669.74","182151.00","669.15"
"Fri Feb 02 2024 00:00:00 GMT+0530 (India Standard Time)","682.00","689.00","667.70","677.25","659.82","53.37","55.81","53.80","670.23","431281.00","669.72"
"Mon Feb 05 2024 00:00:00 GMT+0530 (India Standard Time)","680.00","728.00","666.15","690.75","660.73","56.34","56.84","55.52","671.06","847981.00","670.89"
"Tue Feb 06 2024 00:00:00 GMT+0530 (India Standard Time)","707.00","723.60","694.90","707.55","661.95","59.71","58.07","57.55","672.69","471101.00","672.80"
"Wed Feb 07 2024 00:00:00 GMT+0530 (India Standard Time)","713.90","777.00","699.85","748.75","663.84","66.37","60.86","61.94","675.27","1458758.00","676.82"
"Thu Feb 08 2024 00:00:00 GMT+0530 (India Standard Time)","758.00","782.50","749.20","752.10","666.19","66.84","61.08","62.26","678.33","689625.00","681.96"
"Fri Feb 09 2024 00:00:00 GMT+0530 (India Standard Time)","754.40","799.00","735.30","775.60","668.84","69.93","62.55","64.46","681.59","853767.00","687.45"
"Mon Feb 12 2024 00:00:00 GMT+0530 (India Standard Time)","789.00","804.40","750.00","761.85","671.26","66.15","61.17","62.28","685.28","729020.00","693.00"
"Tue Feb 13 2024 00:00:00 GMT+0530 (India Standard Time)","757.00","798.00","721.00","778.40","673.58","68.31","62.19","63.79","688.86","636329.00","697.88"
"Wed Feb 14 2024 00:00:00 GMT+0530 (India Standard Time)","770.00","808.65","762.05","801.65","676.21","71.04","63.56","65.78","693.17","391640.00","702.43"
"Thu Feb 15 2024 00:00:00 GMT+0530 (India Standard Time)","802.95","833.25","772.50","778.10","678.89","65.08","61.27","62.22","697.66","455686.00","706.96"
"Fri Feb 16 2024 00:00:00 GMT+0530 (India Standard Time)","782.55","807.10","782.00","784.85","681.70","65.94","61.67","62.82","702.36","196954.00","712.18"
"Mon Feb 19 2024 00:00:00 GMT+0530 (India Standard Time)","792.20","822.75","789.00","798.00","684.87","67.57","62.45","63.95","707.75","245548.00","718.65"
"Tue Feb 20 2024 00:00:00 GMT+0530 (India Standard Time)","800.60","815.30","781.00","786.10","687.85","64.62","61.31","62.18","712.74","226583.00","724.61"
"Wed Feb 21 2024 00:00:00 GMT+0530 (India Standard Time)","788.95","796.55","756.60","768.80","690.85","60.59","59.70","59.72","717.02","195749.00","729.86"
"Thu Feb 22 2024 00:00:00 GMT+0530 (India Standard Time)","775.00","804.80","774.00","796.70","694.36","64.36","61.36","62.20","721.54","248028.00","736.59"
"Fri Feb 23 2024 00:00:00 GMT+0530 (India Standard Time)","801.00","845.00","797.60","839.35","698.63","69.10","63.70","65.55","726.17","712353.00","744.63"
"Mon Feb 26 2024 00:00:00 GMT+0530 (India Standard Time)","841.65","883.80","835.25","855.05","702.95","70.61","64.51","66.66","731.93","526689.00","753.03"
"Tue Feb 27 2024 00:00:00 GMT+0530 (India Standard Time)","855.05","877.00","846.00","869.80","707.11","71.97","65.25","67.68","738.50","278488.00","762.28"
"Wed Feb 28 2024 00:00:00 GMT+0530 (India Standard Time)","870.00","871.35","810.40","837.20","710.53","65.02","62.33","63.31","744.65","422600.00","770.53"
"Thu Feb 29 2024 00:00:00 GMT+0530 (India Standard Time)","835.00","847.75","794.00","803.10","713.41","58.79","59.50","59.19","749.97","966153.00","776.85"
"Fri Mar 01 2024 00:00:00 GMT+0530 (India Standard Time)","812.90","820.00","791.00","805.40","716.57","59.06","59.63","59.38","755.04","248571.00","782.65"
"Sat Mar 02 2024 00:00:00 GMT+0530 (India Standard Time)","809.95","818.95","801.10","816.75","719.87","60.45","60.25","60.28","760.73","13485.00","789.11"
"Mon Mar 04 2024 00:00:00 GMT+0530 (India Standard Time)","818.95","818.95","791.00","794.05","722.56","56.44","58.42","57.64","765.68","116490.00","794.14"
"Tue Mar 05 2024 00:00:00 GMT+0530 (India Standard Time)","794.05","798.85","774.00","789.65","724.90","55.69","58.07","57.14","769.47","168835.00","797.93"
"Wed Mar 06 2024 00:00:00 GMT+0530 (India Standard Time)","791.60","791.60","746.55","772.25","727.05","52.78","56.71","55.20","772.90","295186.00","799.22"
"Thu Mar 07 2024 00:00:00 GMT+0530 (India Standard Time)","777.90","784.00","762.00","778.40","729.14","53.68","57.07","55.75","776.79","166449.00","800.02"
"Mon Mar 11 2024 00:00:00 GMT+0530 (India Standard Time)","778.30","778.30","737.50","742.50","730.64","48.07","54.37","51.94","779.47","124825.00","799.01"
"Tue Mar 12 2024 00:00:00 GMT+0530 (India Standard Time)","742.50","745.45","711.50","715.35","731.52","44.38","52.46","49.32","780.90","237416.00","796.74"
"Wed Mar 13 2024 00:00:00 GMT+0530 (India Standard Time)","715.30","716.95","656.65","677.60","731.79","39.92","49.97","46.00","781.10","292351.00","792.61"
"Thu Mar 14 2024 00:00:00 GMT+0530 (India Standard Time)","662.00","707.40","662.00","694.90","732.27","42.69","51.05","47.66","780.86","180862.00","787.67"
"Fri Mar 15 2024 00:00:00 GMT+0530 (India Standard Time)","693.00","707.00","681.15","694.10","732.76","42.60","51.00","47.59","780.34","126253.00","783.08"
"Mon Mar 18 2024 00:00:00 GMT+0530 (India Standard Time)","695.00","700.00","680.20","682.20","733.12","41.16","50.23","46.55","778.39","78641.00","778.15"
"Tue Mar 19 2024 00:00:00 GMT+0530 (India Standard Time)","680.00","683.90","665.05","667.65","733.36","39.45","49.29","45.30","775.21","355133.00","771.92"
"Wed Mar 20 2024 00:00:00 GMT+0530 (India Standard Time)","675.00","682.45","650.10","657.80","733.58","38.32","48.67","44.48","771.41","124798.00","765.72"
"Thu Mar 21 2024 00:00:00 GMT+0530 (India Standard Time)","660.50","690.00","660.50","685.25","734.06","43.09","50.45","47.24","768.07","223554.00","761.32"
"Fri Mar 22 2024 00:00:00 GMT+0530 (India Standard Time)","670.00","692.80","670.00","689.95","734.72","43.88","50.74","47.70","765.16","121444.00","756.21"
"Tue Mar 26 2024 00:00:00 GMT+0530 (India Standard Time)","690.00","695.15","679.00","683.30","735.09","43.00","50.31","47.10","761.41","96125.00","749.30"
"Wed Mar 27 2024 00:00:00 GMT+0530 (India Standard Time)","687.00","710.00","682.25","702.60","735.12","46.27","51.54","49.01","757.97","137521.00","741.78"
"Thu Mar 28 2024 00:00:00 GMT+0530 (India Standard Time)","709.65","726.45","701.35","720.40","735.56","49.10","52.63","50.69","755.28","136721.00","734.71"
"Mon Apr 01 2024 00:00:00 GMT+0530 (India Standard Time)","725.00","732.55","703.00","704.85","736.18","46.84","51.59","49.23","752.07","171962.00","728.62"
"Tue Apr 02 2024 00:00:00 GMT+0530 (India Standard Time)","709.65","718.50","703.00","704.65","737.01","46.81","51.58","49.21","749.02","121303.00","723.66"
"Wed Apr 03 2024 00:00:00 GMT+0530 (India Standard Time)","706.65","714.00","700.00","703.65","737.78","46.66","51.51","49.11","746.59","107170.00","718.89"
"Thu Apr 04 2024 00:00:00 GMT+0530 (India Standard Time)","707.65","713.30","701.20","704.70","738.65","46.85","51.58","49.22","743.54","221018.00","713.78"
"Fri Apr 05 2024 00:00:00 GMT+0530 (India Standard Time)","704.75","711.25","701.05","703.85","739.72","46.71","51.52","49.14","739.18","127743.00","709.28"
"Mon Apr 08 2024 00:00:00 GMT+0530 (India Standard Time)","713.00","715.00","700.95","702.55","740.59","46.48","51.43","49.00","733.76","133593.00","705.33"
"Tue Apr 09 2024 00:00:00 GMT+0530 (India Standard Time)","709.00","709.00","696.80","702.00","741.02","46.38","51.39","48.94","727.99","90517.00","702.09"
"Wed Apr 10 2024 00:00:00 GMT+0530 (India Standard Time)","707.00","720.00","700.25","707.55","741.77","47.57","51.77","49.57","723.33","127134.00","698.90"
"Fri Apr 12 2024 00:00:00 GMT+0530 (India Standard Time)","713.90","719.95","703.00","705.50","742.63","47.17","51.62","49.34","719.56","121290.00","696.92"
"Mon Apr 15 2024 00:00:00 GMT+0530 (India Standard Time)","690.05","700.50","676.00","694.05","742.86","44.91","50.77","48.06","715.45","120538.00","695.45"
"Tue Apr 16 2024 00:00:00 GMT+0530 (India Standard Time)","686.00","701.00","680.15","684.10","742.94","43.04","50.03","46.97","711.02","81392.00","695.70"
"Thu Apr 18 2024 00:00:00 GMT+0530 (India Standard Time)","693.50","693.50","668.00","670.85","742.90","40.66","49.08","45.56","706.60","525577.00","695.03"
"Fri Apr 19 2024 00:00:00 GMT+0530 (India Standard Time)","658.85","680.00","656.20","661.00","742.31","38.98","48.37","44.54","702.25","182584.00","693.62"
"Mon Apr 22 2024 00:00:00 GMT+0530 (India Standard Time)","679.00","679.00","666.80","669.80","741.57","41.26","49.04","45.66","698.74","141247.00","692.92"
"Tue Apr 23 2024 00:00:00 GMT+0530 (India Standard Time)","676.65","696.45","669.75","686.50","740.40","45.32","50.27","47.72","695.51","482472.00","693.57"
"Wed Apr 24 2024 00:00:00 GMT+0530 (India Standard Time)","725.00","780.00","715.10","721.35","739.90","52.52","52.70","51.66","695.01","4121045.00","697.02"
"Thu Apr 25 2024 00:00:00 GMT+0530 (India Standard Time)","730.00","730.30","694.00","698.90","738.59","48.22","51.06","49.21","694.42","1167828.00","698.22"
"Fri Apr 26 2024 00:00:00 GMT+0530 (India Standard Time)","705.85","706.00","688.25","691.60","737.08","46.92","50.54","48.44","694.84","783196.00","698.64"
"Mon Apr 29 2024 00:00:00 GMT+0530 (India Standard Time)","695.00","700.25","688.50","690.75","735.56","46.76","50.48","48.34","695.02","157135.00","698.99"
"Tue Apr 30 2024 00:00:00 GMT+0530 (India Standard Time)","692.85","701.00","690.30","693.55","733.58","47.36","50.68","48.67","695.05","206659.00","698.76"
"Thu May 02 2024 00:00:00 GMT+0530 (India Standard Time)","700.00","700.00","686.00","689.85","731.60","46.63","50.41","48.26","695.21","237336.00","697.54"
"Fri May 03 2024 00:00:00 GMT+0530 (India Standard Time)","693.05","696.10","680.00","684.95","729.53","45.65","50.05","47.71","695.74","187026.00","696.35"
"Mon May 06 2024 00:00:00 GMT+0530 (India Standard Time)","689.00","689.00","665.00","667.65","726.94","42.35","48.78","45.80","696.11","114740.00","694.67"
"Tue May 07 2024 00:00:00 GMT+0530 (India Standard Time)","668.30","677.40","659.00","667.05","724.45","42.24","48.74","45.74","695.72","124229.00","692.87"
"Wed May 08 2024 00:00:00 GMT+0530 (India Standard Time)","665.10","686.95","660.00","677.10","722.50","44.79","49.50","47.03","695.38","199288.00","691.41"
"Thu May 09 2024 00:00:00 GMT+0530 (India Standard Time)","677.00","682.05","661.00","670.30","720.06","43.42","49.00","46.26","694.86","135053.00","689.79"
"Fri May 10 2024 00:00:00 GMT+0530 (India Standard Time)","674.65","677.45","663.00","675.00","716.91","44.65","49.36","46.88","693.91","270827.00","688.24"
"Mon May 13 2024 00:00:00 GMT+0530 (India Standard Time)","673.00","673.00","660.10","666.80","713.09","42.95","48.74","45.93","692.15","84968.00","686.53"
"Tue May 14 2024 00:00:00 GMT+0530 (India Standard Time)","675.00","678.55","667.00","668.80","709.20","43.50","48.90","46.21","690.65","287513.00","684.72"
"Wed May 15 2024 00:00:00 GMT+0530 (India Standard Time)","674.00","684.70","662.15","665.35","705.80","42.75","48.64","45.80","689.29","164087.00","682.86"
"Thu May 16 2024 00:00:00 GMT+0530 (India Standard Time)","670.65","672.25","662.50","663.90","702.88","42.43","48.53","45.62","687.87","113061.00","681.64"
"Fri May 17 2024 00:00:00 GMT+0530 (India Standard Time)","664.95","677.00","661.00","675.50","700.21","45.85","49.48","47.28","686.61","86748.00","680.92"
"Sat May 18 2024 00:00:00 GMT+0530 (India Standard Time)","676.95","692.65","675.50","689.75","697.68","49.71","50.62","49.23","685.92","57144.00","681.45"
"Tue May 21 2024 00:00:00 GMT+0530 (India Standard Time)","691.00","693.85","675.90","678.95","695.33","47.04","49.75","47.85","685.09","366422.00","682.28"
"Wed May 22 2024 00:00:00 GMT+0530 (India Standard Time)","679.50","689.70","670.20","685.20","693.22","48.72","50.25","48.71","684.34","147855.00","682.82"
"Thu May 23 2024 00:00:00 GMT+0530 (India Standard Time)","688.00","688.95","670.10","670.95","691.31","45.29","49.11","46.90","683.18","327501.00","682.36"
"Fri May 24 2024 00:00:00 GMT+0530 (India Standard Time)","672.95","674.70","659.00","661.10","689.08","43.09","48.34","45.69","681.59","181399.00","679.00"
"Mon May 27 2024 00:00:00 GMT+0530 (India Standard Time)","666.95","667.00","652.00","659.90","687.27","42.83","48.25","45.55","680.50","203102.00","676.82"
"Tue May 28 2024 00:00:00 GMT+0530 (India Standard Time)","664.00","664.00","652.60","659.35","686.01","42.70","48.20","45.48","679.43","82762.00","675.13"
"Wed May 29 2024 00:00:00 GMT+0530 (India Standard Time)","656.85","666.80","654.45","662.35","685.59","43.66","48.46","45.94","678.85","72233.00","673.65"
"Thu May 30 2024 00:00:00 GMT+0530 (India Standard Time)","662.35","662.35","645.10","648.65","684.82","40.42","47.36","44.19","678.36","105512.00","671.58"
"Fri May 31 2024 00:00:00 GMT+0530 (India Standard Time)","651.00","652.40","627.20","629.65","683.63","36.49","45.88","41.92","677.10","188530.00","668.88"
"Mon Jun 03 2024 00:00:00 GMT+0530 (India Standard Time)","633.00","669.85","628.05","664.95","683.05","46.62","48.90","47.12","676.03","809305.00","667.48"
"Tue Jun 04 2024 00:00:00 GMT+0530 (India Standard Time)","658.60","660.00","580.60","609.80","681.93","36.95","44.92","41.19","671.67","412918.00","664.75"
"Wed Jun 05 2024 00:00:00 GMT+0530 (India Standard Time)","629.70","633.85","580.85","598.85","680.75","35.42","44.19","40.16","667.99","726072.00","661.68"
"Thu Jun 06 2024 00:00:00 GMT+0530 (India Standard Time)","605.20","660.00","605.20","654.15","680.01","47.06","48.48","47.05","666.00","701045.00","660.16"
"Fri Jun 07 2024 00:00:00 GMT+0530 (India Standard Time)","660.00","669.55","656.05","663.20","679.56","48.65","49.13","48.05","664.92","408654.00","659.78"
"Mon Jun 10 2024 00:00:00 GMT+0530 (India Standard Time)","674.00","702.00","663.00","693.45","679.62","53.54","51.23","51.24","664.61","493063.00","660.51"
"Tue Jun 11 2024 00:00:00 GMT+0530 (India Standard Time)","688.05","695.00","680.00","685.00","679.35","52.09","50.63","50.35","664.42","414890.00","661.44"
"Wed Jun 12 2024 00:00:00 GMT+0530 (India Standard Time)","688.20","690.95","674.15","676.85","678.60","50.69","50.06","49.50","664.19","175781.00","661.87"
"Thu Jun 13 2024 00:00:00 GMT+0530 (India Standard Time)","682.65","690.35","671.00","686.50","678.05","52.28","50.73","50.52","664.50","656637.00","662.54"
"Fri Jun 14 2024 00:00:00 GMT+0530 (India Standard Time)","694.00","699.65","686.00","688.15","677.71","52.56","50.85","50.69","665.34","422184.00","663.73"
"Tue Jun 18 2024 00:00:00 GMT+0530 (India Standard Time)","698.85","709.60","691.25","702.70","677.63","54.96","51.85","52.22","666.29","1137893.00","665.12"
"Wed Jun 19 2024 00:00:00 GMT+0530 (India Standard Time)","708.00","734.70","707.95","720.35","677.93","57.69","53.04","54.01","668.07","1176817.00","666.74"
"Thu Jun 20 2024 00:00:00 GMT+0530 (India Standard Time)","723.80","756.70","717.00","745.60","678.65","61.22","54.67","56.40","670.50","1266061.00","669.56"
"Fri Jun 21 2024 00:00:00 GMT+0530 (India Standard Time)","754.40","765.85","726.00","732.40","679.33","58.54","53.68","54.86","673.17","534428.00","672.26"
"Mon Jun 24 2024 00:00:00 GMT+0530 (India Standard Time)","737.65","749.70","725.20","744.70","680.10","60.24","54.46","56.01","675.61","636555.00","675.39"
"Tue Jun 25 2024 00:00:00 GMT+0530 (India Standard Time)","748.20","759.00","728.15","740.75","680.77","59.42","54.16","55.55","678.18","410460.00","679.12"
"Wed Jun 26 2024 00:00:00 GMT+0530 (India Standard Time)","747.55","751.55","737.30","740.30","681.45","59.32","54.13","55.49","680.92","175427.00","683.05"
"Thu Jun 27 2024 00:00:00 GMT+0530 (India Standard Time)","737.40","761.80","734.80","740.15","682.51","59.29","54.11","55.47","683.58","583072.00","687.12"
"Fri Jun 28 2024 00:00:00 GMT+0530 (India Standard Time)","737.00","749.50","735.40","747.25","683.66","60.41","54.59","56.18","685.66","507110.00","691.09"
"Mon Jul 01 2024 00:00:00 GMT+0530 (India Standard Time)","747.00","751.00","735.40","749.25","685.07","60.73","54.72","56.39","687.88","220553.00","695.61"
"Tue Jul 02 2024 00:00:00 GMT+0530 (India Standard Time)","754.00","772.00","749.50","752.40","686.91","61.25","54.93","56.71","690.60","356304.00","701.42"
"Wed Jul 03 2024 00:00:00 GMT+0530 (India Standard Time)","756.95","765.00","750.80","759.70","688.66","62.45","55.43","57.46","693.53","162681.00","706.27"
"Thu Jul 04 2024 00:00:00 GMT+0530 (India Standard Time)","764.95","777.70","756.00","775.00","690.38","64.86","56.45","59.00","697.26","305399.00","713.69"
"Fri Jul 05 2024 00:00:00 GMT+0530 (India Standard Time)","777.65","788.95","765.10","785.80","691.32","66.45","57.15","60.05","701.56","299132.00","722.18"
"Mon Jul 08 2024 00:00:00 GMT+0530 (India Standard Time)","791.95","795.30","766.05","772.35","692.74","62.73","56.00","58.14","705.82","200592.00","728.52"
"Tue Jul 09 2024 00:00:00 GMT+0530 (India Standard Time)","781.00","792.00","760.00","766.95","694.28","61.29","55.55","57.39","709.81","686962.00","733.69"
"Wed Jul 10 2024 00:00:00 GMT+0530 (India Standard Time)","771.95","777.00","735.70","750.30","695.50","57.03","54.16","55.13","713.47","847696.00","736.80"
"Thu Jul 11 2024 00:00:00 GMT+0530 (India Standard Time)","768.00","789.65","765.95","785.10","697.23","62.71","56.47","58.63","718.60","551315.00","741.33"
"Fri Jul 12 2024 00:00:00 GMT+0530 (India Standard Time)","790.00","790.00","760.00","765.65","698.81","58.20","54.90","56.12","722.80","565412.00","745.65"
"Mon Jul 15 2024 00:00:00 GMT+0530 (India Standard Time)","775.00","782.00","749.00","753.60","700.27","55.59","53.95","54.62","727.97","266807.00","749.26"
"Tue Jul 16 2024 00:00:00 GMT+0530 (India Standard Time)","754.10","788.80","754.10","782.15","702.36","60.04","55.79","57.39","734.06","538396.00","753.37"
"Thu Jul 18 2024 00:00:00 GMT+0530 (India Standard Time)","780.00","799.00","770.10","791.50","704.77","61.37","56.37","58.24","739.31","706855.00","757.49"
"Fri Jul 19 2024 00:00:00 GMT+0530 (India Standard Time)","798.45","798.45","758.90","762.75","706.68","55.41","54.14","54.76","743.26","596002.00","759.87"
"Mon Jul 22 2024 00:00:00 GMT+0530 (India Standard Time)","757.00","787.80","756.45","765.80","708.64","55.89","54.34","55.05","746.25","379750.00","761.19"
"Tue Jul 23 2024 00:00:00 GMT+0530 (India Standard Time)","765.80","768.95","726.00","751.65","710.18","53.12","53.26","53.40","748.47","1222314.00","761.68"
"Wed Jul 24 2024 00:00:00 GMT+0530 (India Standard Time)","759.55","779.00","753.30","776.15","712.27","56.99","54.84","55.77","751.65","577270.00","763.11"
"Thu Jul 25 2024 00:00:00 GMT+0530 (India Standard Time)","765.00","777.90","755.00","771.35","714.23","56.04","54.47","55.20","754.70","369540.00","764.39"
"Fri Jul 26 2024 00:00:00 GMT+0530 (India Standard Time)","779.80","784.00","768.25","775.95","716.36","56.77","54.76","55.64","757.73","224280.00","765.99"
"Mon Jul 29 2024 00:00:00 GMT+0530 (India Standard Time)","775.90","870.00","755.25","817.85","719.35","62.67","57.32","59.40","761.77","1565063.00","769.37"
"Tue Jul 30 2024 00:00:00 GMT+0530 (India Standard Time)","825.00","837.00","816.00","824.00","722.41","63.44","57.68","59.91","765.51","383269.00","773.20"
"Wed Jul 31 2024 00:00:00 GMT+0530 (India Standard Time)","829.60","829.90","802.00","806.15","724.90","59.69","56.28","57.74","768.11","253421.00","776.29"
"Thu Aug 01 2024 00:00:00 GMT+0530 (India Standard Time)","804.50","816.90","793.00","800.00","727.31","58.44","55.81","57.00","770.32","420240.00","778.47"
"Fri Aug 02 2024 00:00:00 GMT+0530 (India Standard Time)","786.00","795.65","781.10","784.60","729.39","55.39","54.64","55.20","772.01","186225.00","779.79"
"Mon Aug 05 2024 00:00:00 GMT+0530 (India Standard Time)","764.00","776.00","741.55","750.75","730.98","49.44","52.19","51.51","772.49","414946.00","779.02"
"Tue Aug 06 2024 00:00:00 GMT+0530 (India Standard Time)","755.00","779.00","748.00","752.90","732.86","49.80","52.33","51.72","773.10","282041.00","777.92"
"Wed Aug 07 2024 00:00:00 GMT+0530 (India Standard Time)","759.90","780.00","756.30","777.20","735.12","53.71","53.86","54.04","774.01","128923.00","777.73"
"Thu Aug 08 2024 00:00:00 GMT+0530 (India Standard Time)","775.10","777.20","765.35","768.45","737.34","52.17","53.24","53.09","774.95","98598.00","777.66"
"Fri Aug 09 2024 00:00:00 GMT+0530 (India Standard Time)","777.00","780.00","765.15","769.50","739.53","52.34","53.30","53.20","775.89","84322.00","778.50"
"Mon Aug 12 2024 00:00:00 GMT+0530 (India Standard Time)","764.00","788.45","747.70","779.75","741.99","54.04","53.95","54.19","776.39","156280.00","778.14"
"Tue Aug 13 2024 00:00:00 GMT+0530 (India Standard Time)","781.00","792.45","765.50","769.10","744.77","52.02","53.17","52.99","777.00","295695.00","778.32"
"Wed Aug 14 2024 00:00:00 GMT+0530 (India Standard Time)","772.00","779.50","755.85","766.70","746.98","51.57","52.99","52.72","776.92","91824.00","778.68"
"Fri Aug 16 2024 00:00:00 GMT+0530 (India Standard Time)","778.00","793.00","773.10","784.85","750.36","54.71","54.17","54.52","777.05","99494.00","779.02"
"Mon Aug 19 2024 00:00:00 GMT+0530 (India Standard Time)","786.00","799.85","782.65","784.75","754.05","54.69","54.16","54.51","777.45","77650.00","779.02"
"Tue Aug 20 2024 00:00:00 GMT+0530 (India Standard Time)","784.75","793.85","784.15","788.05","756.96","55.27","54.37","54.84","778.01","63881.00","779.87"
"Wed Aug 21 2024 00:00:00 GMT+0530 (India Standard Time)","766.00","791.00","762.25","775.85","759.22","52.65","53.43","53.36","778.80","2055326.00","780.22"
"Thu Aug 22 2024 00:00:00 GMT+0530 (India Standard Time)","790.00","823.00","787.10","817.45","761.69","59.53","56.07","57.40","779.84","836645.00","783.15"
"Fri Aug 23 2024 00:00:00 GMT+0530 (India Standard Time)","830.05","840.80","798.00","800.50","764.16","56.05","54.78","55.39","781.31","608266.00","785.00"
"Mon Aug 26 2024 00:00:00 GMT+0530 (India Standard Time)","807.95","814.85","777.30","782.60","766.35","52.63","53.46","53.36","782.38","271810.00","785.97"
"Tue Aug 27 2024 00:00:00 GMT+0530 (India Standard Time)","787.65","787.65","771.45","781.20","768.29","52.37","53.36","53.21","782.56","247078.00","786.18"
"Wed Aug 28 2024 00:00:00 GMT+0530 (India Standard Time)","784.80","787.00","768.35","772.70","769.98","50.76","52.73","52.25","782.17","192248.00","784.27"
"Thu Aug 29 2024 00:00:00 GMT+0530 (India Standard Time)","772.70","777.25","746.00","753.30","771.10","47.27","51.34","50.13","781.66","303404.00","781.05"
"Fri Aug 30 2024 00:00:00 GMT+0530 (India Standard Time)","760.85","765.90","742.55","747.15","771.70","46.21","50.90","49.47","781.01","512710.00","778.17"
"Mon Sep 02 2024 00:00:00 GMT+0530 (India Standard Time)","745.05","750.80","729.60","732.35","771.60","43.74","49.86","47.93","780.61","398659.00","775.02"
"Tue Sep 03 2024 00:00:00 GMT+0530 (India Standard Time)","739.00","744.90","726.00","727.60","771.45","42.97","49.54","47.44","779.30","173332.00","772.40"
"Wed Sep 04 2024 00:00:00 GMT+0530 (India Standard Time)","722.00","729.45","718.50","723.65","771.10","42.31","49.26","47.02","777.72","172611.00","770.93"
"Thu Sep 05 2024 00:00:00 GMT+0530 (India Standard Time)","728.65","729.00","719.10","723.30","770.73","42.25","49.23","46.99","775.85","115383.00","769.28"
"Fri Sep 06 2024 00:00:00 GMT+0530 (India Standard Time)","725.05","725.05","694.95","711.05","770.10","40.17","48.37","45.69","772.14","449256.00","766.32"
"Mon Sep 09 2024 00:00:00 GMT+0530 (India Standard Time)","708.00","713.60","698.00","703.05","769.30","38.85","47.81","44.86","767.82","400440.00","763.21"
"Tue Sep 10 2024 00:00:00 GMT+0530 (India Standard Time)","710.00","713.50","695.00","700.20","768.45","38.38","47.61","44.56","763.90","631419.00","759.93"
"Wed Sep 11 2024 00:00:00 GMT+0530 (India Standard Time)","704.90","724.65","697.00","703.05","767.66","39.15","47.83","44.93","760.51","489568.00","756.74"
"Thu Sep 12 2024 00:00:00 GMT+0530 (India Standard Time)","712.00","719.80","707.05","716.10","766.82","42.62","48.84","46.64","757.91","313773.00","753.92"
"Fri Sep 13 2024 00:00:00 GMT+0530 (India Standard Time)","721.95","721.95","700.20","703.50","765.79","40.29","47.93","45.25","756.21","304616.00","751.07"
"Mon Sep 16 2024 00:00:00 GMT+0530 (India Standard Time)","706.95","706.95","691.00","695.10","764.32","38.81","47.33","44.34","753.98","221316.00","746.93"
"Tue Sep 17 2024 00:00:00 GMT+0530 (India Standard Time)","699.60","710.00","692.70","704.75","762.75","41.41","48.09","45.63","751.53","206610.00","742.88"
"Wed Sep 18 2024 00:00:00 GMT+0530 (India Standard Time)","708.75","709.45","693.10","694.80","761.18","39.59","47.37","44.54","748.99","295319.00","738.57"
"Thu Sep 19 2024 00:00:00 GMT+0530 (India Standard Time)","701.00","703.50","685.05","690.15","759.59","38.75","47.04","44.03","746.18","242208.00","734.57"
"Fri Sep 20 2024 00:00:00 GMT+0530 (India Standard Time)","693.00","696.95","680.00","691.75","758.33","39.22","47.17","44.25","743.24","226541.00","728.80"
"Mon Sep 23 2024 00:00:00 GMT+0530 (India Standard Time)","693.95","695.90","686.40","690.50","756.52","38.97","47.08","44.11","740.21","192339.00","723.13"
"Tue Sep 24 2024 00:00:00 GMT+0530 (India Standard Time)","692.95","692.95","680.55","682.30","754.80","37.38","46.47","43.18","737.28","180424.00","718.14"
"Wed Sep 25 2024 00:00:00 GMT+0530 (India Standard Time)","682.90","686.65","665.00","670.20","753.07","35.16","45.59","41.83","733.36","344072.00","713.03"
"Thu Sep 26 2024 00:00:00 GMT+0530 (India Standard Time)","673.00","679.90","664.05","676.90","751.02","37.33","46.17","42.84","729.24","660178.00","708.23"
"Fri Sep 27 2024 00:00:00 GMT+0530 (India Standard Time)","680.00","681.85","667.00","672.40","748.73","36.47","45.83","42.33","725.13","347452.00","704.23"
"Mon Sep 30 2024 00:00:00 GMT+0530 (India Standard Time)","678.05","681.00","661.60","669.00","746.72","35.82","45.58","41.95","721.35","681864.00","700.39"
"Tue Oct 01 2024 00:00:00 GMT+0530 (India Standard Time)","677.00","715.00","673.40","710.50","745.39","47.81","49.06","47.94","717.44","617211.00","698.78"
"Thu Oct 03 2024 00:00:00 GMT+0530 (India Standard Time)","705.00","709.95","689.05","690.60","744.30","43.70","47.58","45.62","713.27","361588.00","697.04"
"Fri Oct 04 2024 00:00:00 GMT+0530 (India Standard Time)","704.00","704.00","677.00","681.80","742.60","42.02","46.94","44.63","709.56","323351.00","695.25"
"Mon Oct 07 2024 00:00:00 GMT+0530 (India Standard Time)","686.45","693.00","673.65","675.45","740.81","40.83","46.48","43.93","706.01","314583.00","693.14"
"Tue Oct 08 2024 00:00:00 GMT+0530 (India Standard Time)","680.45","689.95","669.50","681.30","738.90","42.41","46.96","44.76","702.59","529872.00","691.71"
"Wed Oct 09 2024 00:00:00 GMT+0530 (India Standard Time)","687.00","704.70","686.65","698.55","736.53","46.79","48.38","47.11","700.37","310832.00","691.36"
"Thu Oct 10 2024 00:00:00 GMT+0530 (India Standard Time)","704.50","714.70","691.65","701.50","734.08","47.51","48.61","47.51","698.61","256731.00","691.37"
"Fri Oct 11 2024 00:00:00 GMT+0530 (India Standard Time)","702.00","710.00","686.30","694.65","731.78","46.00","48.09","46.68","697.16","315048.00","690.86"
"Mon Oct 14 2024 00:00:00 GMT+0530 (India Standard Time)","693.00","710.00","692.95","707.55","729.82","49.20","49.14","48.43","696.11","112179.00","690.38"
"Tue Oct 15 2024 00:00:00 GMT+0530 (India Standard Time)","709.30","716.00","702.80","713.40","728.32","50.59","49.61","49.20","695.64","128695.00","690.57"
"Wed Oct 16 2024 00:00:00 GMT+0530 (India Standard Time)","712.05","713.00","699.10","704.55","727.33","48.48","48.91","48.08","694.99","130368.00","690.97"
"Thu Oct 17 2024 00:00:00 GMT+0530 (India Standard Time)","703.00","709.75","690.30","693.65","726.11","45.99","48.07","46.72","694.55","143248.00","690.67"
"Fri Oct 18 2024 00:00:00 GMT+0530 (India Standard Time)","688.00","694.45","676.65","691.05","724.42","45.41","47.86","46.40","693.92","136760.00","690.21"
"Mon Oct 21 2024 00:00:00 GMT+0530 (India Standard Time)","693.90","721.90","693.35","698.70","723.08","47.47","48.51","47.49","693.98","473487.00","690.73"
"Tue Oct 22 2024 00:00:00 GMT+0530 (India Standard Time)","699.00","699.00","652.80","661.15","721.03","39.75","45.68","43.06","692.65","796742.00","689.70"
"Wed Oct 23 2024 00:00:00 GMT+0530 (India Standard Time)","662.00","666.40","633.80","640.30","718.46","36.31","44.22","40.89","690.24","339475.00","687.53"
"Thu Oct 24 2024 00:00:00 GMT+0530 (India Standard Time)","645.00","645.00","634.00","636.80","715.74","35.76","43.98","40.53","687.75","155437.00","685.32"
"Fri Oct 25 2024 00:00:00 GMT+0530 (India Standard Time)","636.80","639.70","610.00","613.90","712.79","32.42","42.44","38.30","685.01","210090.00","682.76"
"Mon Oct 28 2024 00:00:00 GMT+0530 (India Standard Time)","623.05","626.70","602.05","605.15","709.30","31.24","41.87","37.49","681.76","282160.00","679.69"
"Tue Oct 29 2024 00:00:00 GMT+0530 (India Standard Time)","608.75","614.55","600.25","609.90","705.72","32.63","42.30","38.22","678.51","190087.00","676.60"
"Wed Oct 30 2024 00:00:00 GMT+0530 (India Standard Time)","614.55","635.70","606.95","633.30","702.49","39.01","44.35","41.67","676.10","193610.00","674.56"
"Thu Oct 31 2024 00:00:00 GMT+0530 (India Standard Time)","630.00","654.15","628.80","644.25","699.82","41.72","45.28","43.20","674.41","255707.00","671.73"
"Fri Nov 01 2024 00:00:00 GMT+0530 (India Standard Time)","658.00","664.30","653.00","660.65","696.79","45.53","46.64","45.41","673.28","48863.00","670.04"
"Mon Nov 04 2024 00:00:00 GMT+0530 (India Standard Time)","666.00","666.00","630.00","632.95","693.40","40.80","44.73","42.54","671.77","179334.00","667.87"
"Tue Nov 05 2024 00:00:00 GMT+0530 (India Standard Time)","633.00","638.40","625.20","633.05","690.26","40.82","44.74","42.55","670.28","93751.00","665.63"
"Wed Nov 06 2024 00:00:00 GMT+0530 (India Standard Time)","635.00","661.70","634.00","643.50","687.57","43.27","45.61","43.96","669.31","770542.00","663.97"
"Thu Nov 07 2024 00:00:00 GMT+0530 (India Standard Time)","645.00","661.85","644.40","659.80","685.20","46.87","46.94","46.09","668.65","272602.00","662.04"
"Fri Nov 08 2024 00:00:00 GMT+0530 (India Standard Time)","664.70","668.90","650.85","661.35","683.26","47.21","47.06","46.29","668.29","394510.00","660.05"
"Mon Nov 11 2024 00:00:00 GMT+0530 (India Standard Time)","663.95","663.95","646.85","650.20","681.30","45.06","46.26","45.06","666.65","117778.00","657.97"
"Tue Nov 12 2024 00:00:00 GMT+0530 (India Standard Time)","652.00","655.95","630.05","633.00","679.33","41.98","45.06","43.23","664.62","100063.00","654.81"
"Wed Nov 13 2024 00:00:00 GMT+0530 (India Standard Time)","629.80","634.30","611.35","614.10","677.07","38.90","43.79","41.34","662.20","130838.00","650.38"
"Thu Nov 14 2024 00:00:00 GMT+0530 (India Standard Time)","611.20","636.45","611.20","629.95","675.14","42.60","45.11","43.47","660.24","142998.00","646.65"
"Mon Nov 18 2024 00:00:00 GMT+0530 (India Standard Time)","631.05","639.00","618.40","623.10","673.18","41.46","44.65","42.78","658.34","100989.00","643.27"
"Tue Nov 19 2024 00:00:00 GMT+0530 (India Standard Time)","624.95","642.40","624.95","636.75","671.67","44.57","45.78","44.59","656.12","89418.00","640.74"
"Thu Nov 21 2024 00:00:00 GMT+0530 (India Standard Time)","634.85","634.85","621.00","622.95","670.09","42.19","44.84","43.17","653.40","171439.00","637.04"
"Fri Nov 22 2024 00:00:00 GMT+0530 (India Standard Time)","628.80","630.80","619.00","628.90","668.59","43.55","45.33","43.96","650.87","288289.00","635.06"
"Mon Nov 25 2024 00:00:00 GMT+0530 (India Standard Time)","646.90","646.90","630.60","632.05","667.16","44.28","45.59","44.38","648.48","124693.00","634.59"
"Tue Nov 26 2024 00:00:00 GMT+0530 (India Standard Time)","636.00","638.00","625.95","630.95","665.49","44.08","45.51","44.26","645.65","126734.00","634.27"
"Wed Nov 27 2024 00:00:00 GMT+0530 (India Standard Time)","632.10","660.30","631.10","655.50","664.36","49.64","47.54","47.51","643.63","311789.00","635.76"
"Thu Nov 28 2024 00:00:00 GMT+0530 (India Standard Time)","661.60","705.10","661.60","693.20","664.18","56.61","50.43","51.93","643.23","641956.00","639.50"
"Fri Nov 29 2024 00:00:00 GMT+0530 (India Standard Time)","699.70","703.00","685.25","699.25","664.05","57.59","50.87","52.59","643.53","201738.00","643.69"
"Mon Dec 02 2024 00:00:00 GMT+0530 (India Standard Time)","697.95","735.00","686.40","731.95","664.52","62.45","53.16","55.95","644.00","545983.00","648.17"
"Tue Dec 03 2024 00:00:00 GMT+0530 (India Standard Time)","738.00","744.25","708.00","710.30","665.04","57.84","51.54","53.37","645.78","298598.00","651.76"
"Wed Dec 04 2024 00:00:00 GMT+0530 (India Standard Time)","712.80","718.60","691.50","693.10","665.22","54.49","50.30","51.44","647.72","528217.00","653.63"
"Thu Dec 05 2024 00:00:00 GMT+0530 (India Standard Time)","699.40","702.70","671.05","676.45","665.04","51.46","49.13","49.65","649.32","628882.00","655.59"
"Fri Dec 06 2024 00:00:00 GMT+0530 (India Standard Time)","676.45","682.95","671.10","673.65","664.85","50.96","48.94","49.35","651.27","269233.00","657.64"
"Mon Dec 09 2024 00:00:00 GMT+0530 (India Standard Time)","677.00","678.85","662.15","663.65","664.73","49.17","48.24","48.29","653.30","236002.00","658.66"
"Tue Dec 10 2024 00:00:00 GMT+0530 (India Standard Time)","664.60","673.20","661.45","664.75","664.57","49.38","48.32","48.41","655.38","292118.00","659.11"
"Wed Dec 11 2024 00:00:00 GMT+0530 (India Standard Time)","667.00","680.30","666.25","668.95","664.52","50.19","48.64","48.90","657.05","231732.00","659.61"
"Thu Dec 12 2024 00:00:00 GMT+0530 (India Standard Time)","674.80","674.80","659.55","660.90","664.40","48.62","48.07","48.01","657.86","270956.00","660.15"
"Fri Dec 13 2024 00:00:00 GMT+0530 (India Standard Time)","660.90","663.35","647.35","657.50","663.48","47.96","47.82","47.63","657.74","220083.00","661.02"
"Mon Dec 16 2024 00:00:00 GMT+0530 (India Standard Time)","658.10","677.45","658.10","670.70","662.96","50.70","48.85","49.23","658.66","222958.00","663.44"
"Tue Dec 17 2024 00:00:00 GMT+0530 (India Standard Time)","673.00","674.60","664.50","667.40","662.61","50.01","48.60","48.84","659.97","146200.00","665.42"
"Wed Dec 18 2024 00:00:00 GMT+0530 (India Standard Time)","667.50","675.95","657.95","665.55","662.35","49.61","48.47","48.62","660.69","161109.00","667.34"
"Thu Dec 19 2024 00:00:00 GMT+0530 (India Standard Time)","662.95","669.90","648.90","666.55","662.00","49.84","48.55","48.75","660.91","185251.00","668.67"
"Fri Dec 20 2024 00:00:00 GMT+0530 (India Standard Time)","670.00","688.70","666.55","677.85","661.61","52.37","49.45","50.19","661.53","446391.00","671.16"
"Mon Dec 23 2024 00:00:00 GMT+0530 (India Standard Time)","678.60","683.85","663.00","667.85","660.97","50.02","48.68","48.94","662.17","156375.00","673.24"
"Tue Dec 24 2024 00:00:00 GMT+0530 (India Standard Time)","667.85","674.00","662.75","671.95","660.45","50.97","49.01","49.47","663.24","96424.00","674.90"
"Thu Dec 26 2024 00:00:00 GMT+0530 (India Standard Time)","672.00","696.55","671.90","677.25","659.97","52.20","49.44","50.16","665.45","306798.00","677.24"
"Fri Dec 27 2024 00:00:00 GMT+0530 (India Standard Time)","679.75","684.20","672.95","676.90","659.30","52.11","49.41","50.11","667.32","132107.00","678.53"
"Mon Dec 30 2024 00:00:00 GMT+0530 (India Standard Time)","671.15","683.00","660.80","678.35","658.70","52.47","49.53","50.31","669.00","168032.00","677.91"
"Tue Dec 31 2024 00:00:00 GMT+0530 (India Standard Time)","674.00","674.00","663.90","669.60","658.15","50.09","48.82","49.11","670.23","98243.00","676.60"
"Wed Jan 01 2025 00:00:00 GMT+0530 (India Standard Time)","669.60","679.65","668.95","672.75","657.85","50.93","49.09","49.56","671.93","86458.00","674.33"
"Thu Jan 02 2025 00:00:00 GMT+0530 (India Standard Time)","674.95","679.50","668.75","670.55","657.23","50.31","48.90","49.25","673.60","93359.00","672.14"
"Fri Jan 03 2025 00:00:00 GMT+0530 (India Standard Time)","672.80","689.95","665.55","667.50","657.32","49.43","48.65","48.81","674.95","149110.00","670.88"
"Mon Jan 06 2025 00:00:00 GMT+0530 (India Standard Time)","671.75","671.75","645.00","649.10","657.49","44.51","47.13","46.29","675.79","153393.00","669.55"
"Tue Jan 07 2025 00:00:00 GMT+0530 (India Standard Time)","649.00","653.80","635.20","639.70","657.57","42.25","46.38","45.06","675.58","179986.00","667.97"
"Wed Jan 08 2025 00:00:00 GMT+0530 (India Standard Time)","641.75","650.25","635.80","645.20","658.06","43.99","46.89","45.92","674.05","144646.00","666.88"
"Thu Jan 09 2025 00:00:00 GMT+0530 (India Standard Time)","638.00","642.00","625.00","626.70","658.47","39.75","45.42","43.56","671.74","154580.00","665.16"
"Fri Jan 10 2025 00:00:00 GMT+0530 (India Standard Time)","625.90","625.90","611.00","618.50","658.66","38.04","44.79","42.56","668.19","155428.00","662.66"
"Mon Jan 13 2025 00:00:00 GMT+0530 (India Standard Time)","618.50","618.55","587.60","591.95","658.07","33.20","42.83","39.54","663.85","224983.00","659.49"
"Tue Jan 14 2025 00:00:00 GMT+0530 (India Standard Time)","600.00","602.40","584.00","586.00","657.00","32.23","42.41","38.90","659.92","205067.00","656.31"
"Wed Jan 15 2025 00:00:00 GMT+0530 (India Standard Time)","588.05","598.50","584.00","590.70","655.63","33.83","42.86","39.69","656.62","120393.00","652.58"
"Thu Jan 16 2025 00:00:00 GMT+0530 (India Standard Time)","598.00","602.95","594.00","601.20","654.82","37.29","43.87","41.43","653.89","76111.00","649.31"
"Fri Jan 17 2025 00:00:00 GMT+0530 (India Standard Time)","600.00","604.20","593.00","598.75","654.14","36.82","43.69","41.15","651.40","75096.00","646.10"
"Mon Jan 20 2025 00:00:00 GMT+0530 (India Standard Time)","599.95","614.00","598.25","600.30","653.29","37.35","43.84","41.41","649.18","179222.00","643.25"
"Tue Jan 21 2025 00:00:00 GMT+0530 (India Standard Time)","605.05","619.95","592.55","596.10","652.19","36.48","43.51","40.90","646.71","377940.00","639.60"
"Wed Jan 22 2025 00:00:00 GMT+0530 (India Standard Time)","561.00","570.00","505.65","515.00","649.50","24.81","38.03","32.90","641.90","3064082.00","632.74"
"Thu Jan 23 2025 00:00:00 GMT+0530 (India Standard Time)","520.00","526.95","505.65","512.15","646.73","24.52","37.85","32.67","636.86","518378.00","625.31"
"Fri Jan 24 2025 00:00:00 GMT+0530 (India Standard Time)","515.00","516.60","495.00","498.70","644.02","23.18","37.05","31.59","630.95","486088.00","616.81"
"Mon Jan 27 2025 00:00:00 GMT+0530 (India Standard Time)","496.85","496.85","470.55","484.30","641.33","21.84","36.22","30.49","624.35","447916.00","607.59"
"Tue Jan 28 2025 00:00:00 GMT+0530 (India Standard Time)","485.00","509.50","453.30","498.15","638.58","26.15","37.60","32.81","617.94","887773.00","598.76"
"Wed Jan 29 2025 00:00:00 GMT+0530 (India Standard Time)","497.00","542.40","497.00","520.00","636.46","32.34","39.69","36.28","612.86","496384.00","591.64"
"Thu Jan 30 2025 00:00:00 GMT+0530 (India Standard Time)","525.00","526.45","491.00","494.40","633.79","29.32","38.16","34.16","606.66","273707.00","583.45"
"Fri Jan 31 2025 00:00:00 GMT+0530 (India Standard Time)","497.95","503.80","486.40","488.15","631.11","28.63","37.80","33.66","600.27","247813.00","574.85"
"Sat Feb 01 2025 00:00:00 GMT+0530 (India Standard Time)","491.90","504.05","487.25","494.15","628.47","30.28","38.37","34.60","594.05","146479.00","566.39"
"Mon Feb 03 2025 00:00:00 GMT+0530 (India Standard Time)","489.00","498.00","477.00","481.05","625.45","28.76","37.60","33.53","587.03","158856.00","558.32"
"Tue Feb 04 2025 00:00:00 GMT+0530 (India Standard Time)","485.90","488.00","473.50","475.25","622.38","28.10","37.27","33.07","579.91","124507.00","550.50"
"Wed Feb 05 2025 00:00:00 GMT+0530 (India Standard Time)","478.00","488.10","468.00","469.25","618.84","27.43","36.92","32.60","572.81","328525.00","542.39"
"Thu Feb 06 2025 00:00:00 GMT+0530 (India Standard Time)","471.95","473.60","455.15","457.65","614.30","26.14","36.26","31.69","565.42","329783.00","534.33"
"Fri Feb 07 2025 00:00:00 GMT+0530 (India Standard Time)","457.65","460.05","440.00","451.25","609.38","25.45","35.90","31.19","557.44","534662.00","526.34"
"Mon Feb 10 2025 00:00:00 GMT+0530 (India Standard Time)","451.20","455.00","436.00","439.85","603.80","24.26","35.26","30.32","549.25","319450.00","518.97"
"Tue Feb 11 2025 00:00:00 GMT+0530 (India Standard Time)","441.60","442.95","413.85","421.95","597.94","22.51","34.28","29.02","540.39","619204.00","511.14"
"Wed Feb 12 2025 00:00:00 GMT+0530 (India Standard Time)","430.00","442.80","421.00","438.70","592.67","27.63","35.97","31.84","532.49","506953.00","503.72"
"Thu Feb 13 2025 00:00:00 GMT+0530 (India Standard Time)","452.70","452.70","429.10","430.70","587.75","26.74","35.52","31.23","525.16","771583.00","495.91"
"Fri Feb 14 2025 00:00:00 GMT+0530 (India Standard Time)","437.20","439.65","416.80","434.30","582.87","27.83","35.89","31.83","517.53","172884.00","487.94"
"Mon Feb 17 2025 00:00:00 GMT+0530 (India Standard Time)","434.00","434.30","416.60","421.15","577.99","26.33","35.15","30.82","510.13","1043357.00","479.37"
"Tue Feb 18 2025 00:00:00 GMT+0530 (India Standard Time)","421.15","428.05","402.50","404.95","572.87","24.61","34.27","29.62","502.75","404406.00","470.28"
"Wed Feb 19 2025 00:00:00 GMT+0530 (India Standard Time)","405.35","414.10","403.25","412.85","567.67","27.05","35.08","30.97","495.99","284358.00","464.77"
"Thu Feb 20 2025 00:00:00 GMT+0530 (India Standard Time)","413.95","429.00","410.65","423.85","562.82","30.35","36.19","32.81","489.93","220397.00","460.37"
"Fri Feb 21 2025 00:00:00 GMT+0530 (India Standard Time)","436.65","444.90","426.10","430.60","558.36","32.32","36.87","33.92","484.32","316605.00","457.07"
"Mon Feb 24 2025 00:00:00 GMT+0530 (India Standard Time)","430.80","431.00","415.10","418.25","553.38","30.65","36.15","32.89","477.96","196278.00","454.06"
"Tue Feb 25 2025 00:00:00 GMT+0530 (India Standard Time)","418.35","424.00","409.00","412.00","548.30","29.84","35.80","32.38","471.40","174058.00","450.46"
"Thu Feb 27 2025 00:00:00 GMT+0530 (India Standard Time)","413.15","415.25","399.70","408.40","543.13","29.36","35.59","32.09","464.39","231570.00","445.13"
"Fri Feb 28 2025 00:00:00 GMT+0530 (India Standard Time)","407.85","407.85","391.20","402.85","537.90","28.63","35.27","31.63","457.17","300353.00","440.35"
"Mon Mar 03 2025 00:00:00 GMT+0530 (India Standard Time)","402.80","405.00","381.00","392.80","532.20","27.32","34.70","30.82","452.26","341867.00","435.65"
"Tue Mar 04 2025 00:00:00 GMT+0530 (India Standard Time)","385.05","402.90","385.05","401.00","526.74","30.05","35.57","32.28","448.03","243055.00","431.01"
"Wed Mar 05 2025 00:00:00 GMT+0530 (India Standard Time)","405.00","412.15","400.05","407.40","521.47","32.14","36.24","33.42","444.57","170995.00","427.32"
"Thu Mar 06 2025 00:00:00 GMT+0530 (India Standard Time)","411.80","420.50","408.25","414.70","516.15","34.48","37.01","34.70","442.09","214955.00","424.30"
"Fri Mar 07 2025 00:00:00 GMT+0530 (India Standard Time)","416.95","433.35","413.15","428.90","511.11","38.79","38.47","37.12","439.88","261324.00","422.03"
"Mon Mar 10 2025 00:00:00 GMT+0530 (India Standard Time)","429.00","433.95","408.55","412.00","505.94","35.84","37.42","35.51","436.25","175091.00","419.92"
"Tue Mar 11 2025 00:00:00 GMT+0530 (India Standard Time)","403.30","414.20","400.60","407.20","500.70","35.05","37.12","35.06","432.80","191792.00","417.86"
"Wed Mar 12 2025 00:00:00 GMT+0530 (India Standard Time)","409.90","419.80","405.95","408.55","495.45","35.47","37.27","35.30","429.89","182931.00","416.33"
"Thu Mar 13 2025 00:00:00 GMT+0530 (India Standard Time)","413.80","414.00","400.00","400.85","490.08","34.14","36.79","34.56","426.67","164798.00","415.32"
"Mon Mar 17 2025 00:00:00 GMT+0530 (India Standard Time)","403.75","403.75","389.00","392.40","484.51","32.73","36.26","33.77","423.45","290747.00","413.37"
"Tue Mar 18 2025 00:00:00 GMT+0530 (India Standard Time)","395.85","404.20","392.75","402.80","479.45","36.14","37.38","35.64","420.63","170094.00","411.70"
"Wed Mar 19 2025 00:00:00 GMT+0530 (India Standard Time)","404.80","414.25","404.50","412.90","474.83","39.29","38.44","37.40","418.32","182777.00","410.74"
"Thu Mar 20 2025 00:00:00 GMT+0530 (India Standard Time)","414.85","423.00","408.65","410.40","470.21","38.79","38.28","37.14","416.60","208377.00","410.26"
"Fri Mar 21 2025 00:00:00 GMT+0530 (India Standard Time)","410.35","422.40","409.10","417.65","465.94","41.06","39.04","38.41","415.39","202073.00","410.57"
"Mon Mar 24 2025 00:00:00 GMT+0530 (India Standard Time)","423.50","441.00","418.00","426.40","462.13","43.70","39.96","39.91","414.84","520695.00","411.39"
"Tue Mar 25 2025 00:00:00 GMT+0530 (India Standard Time)","430.50","432.90","401.50","403.35","458.39","38.88","38.41","37.43","414.36","430979.00","410.84"
"Wed Mar 26 2025 00:00:00 GMT+0530 (India Standard Time)","405.95","409.20","383.45","387.50","454.44","36.01","37.40","35.86","412.90","565112.00","408.88"
"Thu Mar 27 2025 00:00:00 GMT+0530 (India Standard Time)","387.00","465.00","381.95","445.95","451.31","50.23","43.04","44.69","412.67","1899424.00","409.55"
"Fri Mar 28 2025 00:00:00 GMT+0530 (India Standard Time)","446.00","483.70","433.00","457.65","448.47","52.45","44.07","46.21","413.66","1672783.00","411.63"
"Tue Apr 01 2025 00:00:00 GMT+0530 (India Standard Time)","457.70","483.00","455.50","461.45","445.81","53.16","44.40","46.70","415.18","419635.00","414.37"
"Wed Apr 02 2025 00:00:00 GMT+0530 (India Standard Time)","461.45","462.55","448.55","451.90","442.82","51.14","43.74","45.63","416.70","196694.00","416.87"
"Thu Apr 03 2025 00:00:00 GMT+0530 (India Standard Time)","447.00","461.60","447.00","455.05","439.89","51.78","44.02","46.05","418.29","253039.00","419.81"
"Fri Apr 04 2025 00:00:00 GMT+0530 (India Standard Time)","452.70","452.80","427.05","431.95","438.08","47.06","42.44","43.50","418.87","236789.00","421.64"
"Mon Apr 07 2025 00:00:00 GMT+0530 (India Standard Time)","386.10","417.80","378.60","414.30","435.92","43.86","41.28","41.69","417.78","265302.00","421.62"
"Tue Apr 08 2025 00:00:00 GMT+0530 (India Standard Time)","429.00","438.00","417.00","430.30","434.45","47.28","42.72","43.87","418.03","140414.00","422.30"
"Wed Apr 09 2025 00:00:00 GMT+0530 (India Standard Time)","427.00","434.20","418.80","426.35","433.30","46.54","42.46","43.46","418.44","99658.00","422.32"
"Fri Apr 11 2025 00:00:00 GMT+0530 (India Standard Time)","447.00","449.90","435.60","445.30","432.38","50.42","44.13","45.97","419.72","188024.00","423.62"
"Tue Apr 15 2025 00:00:00 GMT+0530 (India Standard Time)","455.00","461.00","450.45","456.20","431.11","52.50","45.07","47.35","421.69","157958.00","425.94"
"Wed Apr 16 2025 00:00:00 GMT+0530 (India Standard Time)","456.20","463.45","455.30","461.55","430.29","53.51","45.52","48.02","424.09","147362.00","428.31"
"Thu Apr 17 2025 00:00:00 GMT+0530 (India Standard Time)","461.00","473.15","455.30","465.30","429.75","54.22","45.84","48.49","426.53","230810.00","431.20"
"Mon Apr 21 2025 00:00:00 GMT+0530 (India Standard Time)","469.85","475.20","461.30","472.00","429.25","55.50","46.42","49.34","428.78","188546.00","434.81"
"Tue Apr 22 2025 00:00:00 GMT+0530 (India Standard Time)","474.00","492.00","466.75","480.95","429.17","57.18","47.18","50.46","431.12","524747.00","438.60"
"Wed Apr 23 2025 00:00:00 GMT+0530 (India Standard Time)","540.00","540.00","490.35","494.10","429.70","59.54","48.28","52.06","434.08","3957107.00","443.05"
"Thu Apr 24 2025 00:00:00 GMT+0530 (India Standard Time)","494.80","498.25","480.45","482.50","429.95","56.65","47.39","50.58","436.54","472431.00","446.52"
"Fri Apr 25 2025 00:00:00 GMT+0530 (India Standard Time)","482.95","484.00","454.40","461.70","430.04","51.91","45.85","48.05","438.66","522659.00","448.84"
"Mon Apr 28 2025 00:00:00 GMT+0530 (India Standard Time)","458.70","470.60","456.40","462.15","430.28","52.00","45.89","48.11","440.51","297812.00","450.50"
"Tue Apr 29 2025 00:00:00 GMT+0530 (India Standard Time)","465.00","469.60","459.00","467.45","430.74","53.10","46.35","48.80","442.66","234886.00","453.15"
"Wed Apr 30 2025 00:00:00 GMT+0530 (India Standard Time)","465.00","465.00","444.00","447.25","431.26","48.64","44.88","46.39","444.70","305511.00","455.96"
"Fri May 02 2025 00:00:00 GMT+0530 (India Standard Time)","449.10","453.00","438.05","440.55","431.41","47.25","44.40","45.62","446.27","234334.00","456.35"
"Mon May 05 2025 00:00:00 GMT+0530 (India Standard Time)","445.60","447.00","437.85","442.85","431.55","47.79","44.60","45.93","447.41","168755.00","455.62"
"Tue May 06 2025 00:00:00 GMT+0530 (India Standard Time)","442.85","446.35","423.30","425.10","431.52","44.16","43.34","43.90","448.04","205092.00","453.94"
"Wed May 07 2025 00:00:00 GMT+0530 (India Standard Time)","416.00","432.75","415.00","428.20","431.58","44.93","43.63","44.35","448.36","368719.00","452.62"
"Thu May 08 2025 00:00:00 GMT+0530 (India Standard Time)","433.00","444.75","425.60","427.65","432.01","44.81","43.59","44.28","448.51","181616.00","451.51"
"Fri May 09 2025 00:00:00 GMT+0530 (India Standard Time)","417.05","430.00","415.50","426.10","432.28","44.47","43.47","44.10","448.91","222706.00","450.96"
"Mon May 12 2025 00:00:00 GMT+0530 (India Standard Time)","454.95","455.00","443.45","450.90","432.84","50.69","45.76","47.66","450.93","391258.00","453.05"
"Tue May 13 2025 00:00:00 GMT+0530 (India Standard Time)","450.15","467.90","446.25","465.35","433.41","53.85","47.03","49.59","451.96","656979.00","454.59"
"Wed May 14 2025 00:00:00 GMT+0530 (India Standard Time)","469.00","469.35","458.15","464.05","434.27","53.52","46.93","49.42","452.16","260737.00","456.37"
"Thu May 15 2025 00:00:00 GMT+0530 (India Standard Time)","464.20","472.35","458.45","464.65","435.29","53.66","46.98","49.51","452.11","318063.00","457.37"
"Fri May 16 2025 00:00:00 GMT+0530 (India Standard Time)","462.15","492.00","462.15","484.75","436.75","57.96","48.74","52.16","453.01","801278.00","458.56"
"Mon May 19 2025 00:00:00 GMT+0530 (India Standard Time)","492.00","496.60","487.00","490.50","438.55","59.10","49.23","52.89","454.33","332132.00","460.02"
"Tue May 20 2025 00:00:00 GMT+0530 (India Standard Time)","494.00","495.40","473.55","478.40","440.32","55.76","48.24","51.20","455.94","190904.00","460.81"
"Wed May 21 2025 00:00:00 GMT+0530 (India Standard Time)","484.50","484.50","475.50","479.80","441.96","56.06","48.36","51.38","458.67","176818.00","461.28"
"Thu May 22 2025 00:00:00 GMT+0530 (India Standard Time)","482.00","486.00","473.00","478.35","443.41","55.65","48.24","51.18","460.48","191147.00","461.22"
"Fri May 23 2025 00:00:00 GMT+0530 (India Standard Time)","481.20","482.20","473.75","477.45","444.67","55.38","48.17","51.05","462.31","168260.00","459.94"
"Mon May 26 2025 00:00:00 GMT+0530 (India Standard Time)","479.00","481.50","470.20","471.95","445.63","53.73","47.70","50.24","463.42","227379.00","459.37"
"Tue May 27 2025 00:00:00 GMT+0530 (India Standard Time)","473.90","489.00","470.90","486.35","446.96","57.23","49.01","52.27","464.35","285457.00","460.21"
"Wed May 28 2025 00:00:00 GMT+0530 (India Standard Time)","489.00","490.00","478.80","482.50","448.48","56.04","48.68","51.69","465.20","218822.00","461.19"
"Thu May 29 2025 00:00:00 GMT+0530 (India Standard Time)","483.65","485.00","478.50","480.50","449.89","55.41","48.51","51.39","465.80","115733.00","461.92"
"Fri May 30 2025 00:00:00 GMT+0530 (India Standard Time)","480.50","490.65","479.00","483.90","451.50","56.29","48.82","51.88","466.33","210762.00","463.51"
"Mon Jun 02 2025 00:00:00 GMT+0530 (India Standard Time)","484.90","492.35","479.00","487.55","453.34","57.23","49.17","52.42","466.56","213131.00","465.59"
"Tue Jun 03 2025 00:00:00 GMT+0530 (India Standard Time)","490.00","491.00","482.80","484.50","455.04","56.17","48.89","51.92","465.77","125245.00","467.64"
"Wed Jun 04 2025 00:00:00 GMT+0530 (India Standard Time)","489.00","489.00","475.10","479.60","456.44","54.46","48.44","51.12","465.57","142834.00","470.06"
"Thu Jun 05 2025 00:00:00 GMT+0530 (India Standard Time)","480.00","487.95","479.85","483.20","457.85","55.50","48.79","51.68","466.17","107951.00","472.80"
"Fri Jun 06 2025 00:00:00 GMT+0530 (India Standard Time)","483.00","501.50","481.80","484.85","459.28","55.99","48.95","51.95","467.11","396827.00","475.50"
"Mon Jun 09 2025 00:00:00 GMT+0530 (India Standard Time)","482.40","489.50","473.30","477.10","460.30","53.13","48.22","50.62","467.63","388537.00","478.11"
"Tue Jun 10 2025 00:00:00 GMT+0530 (India Standard Time)","482.80","487.00","466.30","468.95","461.55","50.29","47.47","49.27","468.42","618463.00","479.20"
"Wed Jun 11 2025 00:00:00 GMT+0530 (India Standard Time)","469.10","490.45","469.10","484.15","463.36","55.00","48.99","51.75","469.75","354544.00","480.19"
"Thu Jun 12 2025 00:00:00 GMT+0530 (India Standard Time)","485.00","486.00","467.00","468.15","464.11","49.78","47.51","49.14","470.87","210654.00","480.59"
"Fri Jun 13 2025 00:00:00 GMT+0530 (India Standard Time)","460.00","468.00","450.95","458.10","464.12","46.86","46.62","47.60","471.85","308310.00","480.29"
"Mon Jun 16 2025 00:00:00 GMT+0530 (India Standard Time)","455.80","464.85","448.65","461.55","464.00","47.96","46.97","48.17","473.03","208698.00","479.25"
"Tue Jun 17 2025 00:00:00 GMT+0530 (India Standard Time)","459.25","467.40","456.05","457.50","464.12","46.76","46.60","47.54","474.01","157162.00","477.75"
"Wed Jun 18 2025 00:00:00 GMT+0530 (India Standard Time)","457.50","463.00","453.90","458.25","464.19","47.02","46.68","47.67","475.25","114211.00","476.65"
"Thu Jun 19 2025 00:00:00 GMT+0530 (India Standard Time)","456.00","463.20","444.65","446.50","464.48","43.56","45.61","45.84","475.31","156876.00","475.24"
"Fri Jun 20 2025 00:00:00 GMT+0530 (India Standard Time)","444.30","456.70","443.25","454.30","465.39","46.31","46.44","47.23","475.01","95782.00","473.96"
"Mon Jun 23 2025 00:00:00 GMT+0530 (India Standard Time)","446.30","463.00","446.30","461.40","465.98","48.71","47.18","48.46","474.76","166573.00","473.03"
"Tue Jun 24 2025 00:00:00 GMT+0530 (India Standard Time)","465.00","471.15","462.10","464.05","466.75","49.59","47.46","48.92","474.78","141176.00","472.62"
"Wed Jun 25 2025 00:00:00 GMT+0530 (India Standard Time)","464.05","476.40","464.05","473.70","467.31","52.69","48.46","50.57","474.49","127611.00","472.09"
"Thu Jun 26 2025 00:00:00 GMT+0530 (India Standard Time)","473.70","477.20","468.00","470.10","467.62","51.45","48.11","49.95","473.79","76570.00","471.51"
"Fri Jun 27 2025 00:00:00 GMT+0530 (India Standard Time)","475.60","479.00","463.70","466.00","467.79","50.04","47.72","49.25","473.33","241490.00","470.92"
"Mon Jun 30 2025 00:00:00 GMT+0530 (India Standard Time)","467.40","477.00","467.40","474.70","467.96","52.91","48.64","50.77","473.08","150158.00","470.40"
"Tue Jul 01 2025 00:00:00 GMT+0530 (India Standard Time)","476.25","478.80","469.55","475.40","468.05","53.14","48.71","50.89","472.92","94756.00","469.83"
"Wed Jul 02 2025 00:00:00 GMT+0530 (India Standard Time)","473.25","477.30","469.15","475.45","467.94","53.16","48.71","50.90","472.78","130249.00","469.29"
"Thu Jul 03 2025 00:00:00 GMT+0530 (India Standard Time)","480.00","483.45","473.20","480.10","467.43","54.76","49.22","51.74","472.94","163786.00","469.22"
"Fri Jul 04 2025 00:00:00 GMT+0530 (India Standard Time)","481.10","489.30","476.75","484.70","467.39","56.31","49.71","52.56","472.99","192144.00","469.23"
"Mon Jul 07 2025 00:00:00 GMT+0530 (India Standard Time)","482.25","494.10","480.60","491.90","467.87","58.64","50.49","53.83","473.17","307070.00","469.30"
"Tue Jul 08 2025 00:00:00 GMT+0530 (India Standard Time)","491.95","505.50","486.90","493.20","468.51","59.06","50.63","54.06","473.67","501770.00","470.03"
"Wed Jul 09 2025 00:00:00 GMT+0530 (India Standard Time)","493.95","500.00","482.65","485.55","468.96","55.62","49.79","52.49","473.84","258726.00","470.78"
"Thu Jul 10 2025 00:00:00 GMT+0530 (India Standard Time)","495.00","499.70","481.95","486.90","469.72","56.09","49.93","52.74","473.96","323168.00","471.10"
"Fri Jul 11 2025 00:00:00 GMT+0530 (India Standard Time)","484.45","491.00","480.50","482.70","470.54","54.20","49.47","51.87","473.91","125348.00","471.67"
"Mon Jul 14 2025 00:00:00 GMT+0530 (India Standard Time)","483.00","485.10","470.95","474.30","471.21","50.61","48.55","50.16","473.75","164609.00","472.50"
"Tue Jul 15 2025 00:00:00 GMT+0530 (India Standard Time)","475.90","488.20","473.10","484.25","472.26","54.37","49.68","52.08","473.68","167969.00","473.61"
"Wed Jul 16 2025 00:00:00 GMT+0530 (India Standard Time)","484.10","487.55","481.55","483.85","473.43","54.19","49.63","52.00","473.50","74387.00","474.78"
"Thu Jul 17 2025 00:00:00 GMT+0530 (India Standard Time)","487.15","487.95","483.40","485.50","474.51","54.82","49.82","52.32","473.70","74091.00","476.08"
"Fri Jul 18 2025 00:00:00 GMT+0530 (India Standard Time)","487.95","492.30","475.10","478.55","475.64","51.70","49.03","50.84","473.99","178240.00","477.55"
"Mon Jul 21 2025 00:00:00 GMT+0530 (India Standard Time)","479.00","480.95","471.80","474.50","476.15","49.95","48.58","50.00","473.79","150415.00","478.66"
"Tue Jul 22 2025 00:00:00 GMT+0530 (India Standard Time)","476.95","483.70","472.50","480.90","476.52","52.60","49.34","51.31","473.98","229306.00","479.68"
"Wed Jul 23 2025 00:00:00 GMT+0530 (India Standard Time)","461.95","476.30","441.00","470.25","476.53","48.15","48.13","49.10","474.11","1036468.00","479.64"
"Thu Jul 24 2025 00:00:00 GMT+0530 (India Standard Time)","470.10","473.00","466.45","468.25","476.61","47.36","47.91","48.70","474.49","181321.00","479.50"
"Fri Jul 25 2025 00:00:00 GMT+0530 (India Standard Time)","468.25","468.25","455.10","459.40","476.20","44.00","46.92","46.93","474.52","118511.00","478.98"
"Mon Jul 28 2025 00:00:00 GMT+0530 (India Standard Time)","459.25","459.25","438.35","444.00","475.30","38.96","45.28","44.08","474.12","229381.00","477.92"
"Tue Jul 29 2025 00:00:00 GMT+0530 (India Standard Time)","446.00","452.70","446.00","450.20","474.67","41.78","46.05","45.45","474.05","85804.00","476.79"
"Wed Jul 30 2025 00:00:00 GMT+0530 (India Standard Time)","452.20","457.15","447.75","449.90","474.10","41.68","46.02","45.40","474.06","47947.00","475.67"
"Thu Jul 31 2025 00:00:00 GMT+0530 (India Standard Time)","440.55","453.95","436.65","450.20","473.47","41.82","46.06","45.47","473.70","78374.00","474.40"
"Fri Aug 01 2025 00:00:00 GMT+0530 (India Standard Time)","450.50","460.00","442.15","445.70","472.89","40.27","45.57","44.60","473.11","206126.00","472.94"
"Mon Aug 04 2025 00:00:00 GMT+0530 (India Standard Time)","446.00","447.05","438.05","441.15","472.24","38.74","45.07","43.74","472.07","79754.00","470.93"
"Tue Aug 05 2025 00:00:00 GMT+0530 (India Standard Time)","441.85","443.40","426.00","430.90","471.24","35.54","43.97","41.86","470.70","258008.00","468.23"
"Wed Aug 06 2025 00:00:00 GMT+0530 (India Standard Time)","432.00","435.00","427.55","433.05","470.21","36.69","44.26","42.39","469.35","68133.00","465.25"
"Thu Aug 07 2025 00:00:00 GMT+0530 (India Standard Time)","433.05","435.15","426.00","433.20","469.23","36.77","44.28","42.43","467.87","121841.00","462.56"
"Fri Aug 08 2025 00:00:00 GMT+0530 (India Standard Time)","434.05","439.20","421.20","425.45","468.10","34.34","43.43","40.99","466.22","222907.00","459.65"
"Mon Aug 11 2025 00:00:00 GMT+0530 (India Standard Time)","427.60","434.80","414.75","422.45","466.84","33.44","43.11","40.45","464.44","111616.00","456.76"
"Tue Aug 12 2025 00:00:00 GMT+0530 (India Standard Time)","423.50","431.15","423.50","429.80","465.69","37.64","44.15","42.38","462.63","82891.00","454.50"
"Wed Aug 13 2025 00:00:00 GMT+0530 (India Standard Time)","430.80","433.95","422.10","423.85","464.60","35.73","43.49","41.27","460.59","85689.00","451.81"
"Thu Aug 14 2025 00:00:00 GMT+0530 (India Standard Time)","424.50","427.40","417.85","419.35","463.34","34.34","43.00","40.44","458.19","59687.00","448.80"
"Mon Aug 18 2025 00:00:00 GMT+0530 (India Standard Time)","428.00","430.10","422.20","427.55","462.12","38.88","44.17","42.59","455.74","76798.00","446.00"
"Tue Aug 19 2025 00:00:00 GMT+0530 (India Standard Time)","427.10","443.70","427.10","442.60","461.31","46.07","46.23","46.26","453.90","111746.00","443.99"
"Wed Aug 20 2025 00:00:00 GMT+0530 (India Standard Time)","438.20","447.25","438.05","442.55","460.71","46.05","46.22","46.25","452.22","64168.00","442.43"
"Thu Aug 21 2025 00:00:00 GMT+0530 (India Standard Time)","442.15","448.80","440.20","442.20","459.94","45.92","46.18","46.18","450.76","48642.00","440.71"
"Fri Aug 22 2025 00:00:00 GMT+0530 (India Standard Time)","440.25","446.70","438.40","445.45","459.37","47.46","46.63","46.98","449.57","54153.00","439.74"
"Mon Aug 25 2025 00:00:00 GMT+0530 (India Standard Time)","453.85","453.85","438.50","440.80","459.06","45.51","46.07","45.98","448.23","58749.00","438.52"
"Tue Aug 26 2025 00:00:00 GMT+0530 (India Standard Time)","438.95","449.70","426.30","428.30","458.54","40.79","44.61","43.42","446.46","85811.00","437.22"
"Thu Aug 28 2025 00:00:00 GMT+0530 (India Standard Time)","429.00","429.70","416.15","418.55","457.77","37.59","43.51","41.57","444.17","212577.00","435.99"
"Fri Aug 29 2025 00:00:00 GMT+0530 (India Standard Time)","416.15","430.85","416.15","422.95","457.06","39.82","44.14","42.70","442.07","49037.00","434.73"
"Mon Sep 01 2025 00:00:00 GMT+0530 (India Standard Time)","424.75","429.40","421.50","425.75","456.57","41.23","44.55","43.42","440.28","112511.00","433.51"
"Tue Sep 02 2025 00:00:00 GMT+0530 (India Standard Time)","429.05","443.80","425.75","434.55","456.22","45.44","45.79","45.63","438.70","198979.00","432.89"
"Wed Sep 03 2025 00:00:00 GMT+0530 (India Standard Time)","435.75","446.30","434.90","439.85","455.87","47.80","46.53","46.91","437.91","124229.00","432.50"
"Thu Sep 04 2025 00:00:00 GMT+0530 (India Standard Time)","443.90","443.90","428.10","430.15","455.22","44.13","45.38","44.92","436.65","137357.00","432.08"
"Fri Sep 05 2025 00:00:00 GMT+0530 (India Standard Time)","430.20","436.00","425.80","434.05","454.43","45.88","45.93","45.87","435.62","71819.00","432.07"
"Mon Sep 08 2025 00:00:00 GMT+0530 (India Standard Time)","434.05","481.00","434.05","466.35","454.24","57.49","50.14","52.82","436.09","893531.00","433.49"
"Tue Sep 09 2025 00:00:00 GMT+0530 (India Standard Time)","474.85","485.90","462.50","464.90","454.26","56.92","49.96","52.51","436.86","402581.00","435.28"
"Wed Sep 10 2025 00:00:00 GMT+0530 (India Standard Time)","465.05","465.05","456.10","460.45","454.00","55.14","49.41","51.55","437.18","186479.00","436.84"
"Thu Sep 11 2025 00:00:00 GMT+0530 (India Standard Time)","460.45","469.20","455.00","456.15","453.69","53.44","48.89","50.63","437.65","120304.00","438.53"
"Fri Sep 12 2025 00:00:00 GMT+0530 (India Standard Time)","459.00","459.80","452.95","456.25","453.33","53.48","48.90","50.65","437.90","190330.00","439.85"
"Mon Sep 15 2025 00:00:00 GMT+0530 (India Standard Time)","459.90","468.90","458.45","462.85","453.01","55.78","49.75","52.04","438.66","115921.00","441.62"
"Tue Sep 16 2025 00:00:00 GMT+0530 (India Standard Time)","462.85","472.40","460.95","467.50","452.67","57.34","50.35","52.99","439.86","118535.00","443.82"
"Wed Sep 17 2025 00:00:00 GMT+0530 (India Standard Time)","467.50","485.50","466.80","478.00","452.42","60.63","51.66","55.08","441.46","400249.00","446.21"
"Thu Sep 18 2025 00:00:00 GMT+0530 (India Standard Time)","479.90","488.00","476.50","479.05","452.14","60.94","51.79","55.28","443.24","181664.00","448.20"
"Fri Sep 19 2025 00:00:00 GMT+0530 (India Standard Time)","479.00","483.20","478.00","479.00","451.97","60.92","51.79","55.27","445.07","112506.00","449.97"
"Mon Sep 22 2025 00:00:00 GMT+0530 (India Standard Time)","475.05","485.35","475.05","478.55","451.78","60.69","51.73","55.16","447.06","131093.00","451.68"
"Tue Sep 23 2025 00:00:00 GMT+0530 (India Standard Time)","478.50","482.80","455.55","463.20","451.42","53.45","49.67","51.45","448.45","158213.00","452.74"
"Wed Sep 24 2025 00:00:00 GMT+0530 (India Standard Time)","465.00","465.05","455.00","455.90","451.05","50.45","48.73","49.81","449.60","197292.00","453.43"
"Thu Sep 25 2025 00:00:00 GMT+0530 (India Standard Time)","456.95","457.85","446.10","447.90","450.40","47.38","47.72","48.09","450.64","76568.00","454.23"
"Fri Sep 26 2025 00:00:00 GMT+0530 (India Standard Time)","449.70","452.80","431.15","434.00","449.48","42.65","46.04","45.29","451.09","118011.00","455.05"
"Mon Sep 29 2025 00:00:00 GMT+0530 (India Standard Time)","434.00","436.35","413.05","416.05","448.17","37.57","44.00","42.03","450.52","257268.00","454.91"
"Tue Sep 30 2025 00:00:00 GMT+0530 (India Standard Time)","425.00","431.60","417.00","421.65","447.01","39.92","44.77","43.34","449.83","131742.00","454.79"
"Wed Oct 01 2025 00:00:00 GMT+0530 (India Standard Time)","419.00","434.80","419.00","431.40","446.09","43.78","46.10","45.54","449.29","84325.00","454.53"
"Fri Oct 03 2025 00:00:00 GMT+0530 (India Standard Time)","431.45","438.00","426.55","436.65","445.19","45.75","46.80","46.68","448.94","77061.00","454.25"
"Mon Oct 06 2025 00:00:00 GMT+0530 (India Standard Time)","439.00","439.00","426.00","428.75","444.51","43.35","45.89","45.21","448.47","104970.00","454.13"
"Tue Oct 07 2025 00:00:00 GMT+0530 (India Standard Time)","428.75","467.45","427.95","448.10","444.09","50.09","48.40","49.24","448.93","2383695.00","454.87"
"Wed Oct 08 2025 00:00:00 GMT+0530 (India Standard Time)","446.05","455.20","443.15","451.95","443.89","51.30","48.88","49.99","449.96","155642.00","454.33"
"Thu Oct 09 2025 00:00:00 GMT+0530 (India Standard Time)","451.00","460.70","444.50","457.20","444.06","52.93","49.53","51.01","451.06","230874.00","453.63"
"Fri Oct 10 2025 00:00:00 GMT+0530 (India Standard Time)","464.50","478.00","454.60","471.35","444.44","57.01","51.24","53.63","452.57","427369.00","454.03"
"Mon Oct 13 2025 00:00:00 GMT+0530 (India Standard Time)","473.50","493.00","460.05","488.20","445.06","61.22","53.17","56.48","454.21","515792.00","455.13"
"Tue Oct 14 2025 00:00:00 GMT+0530 (India Standard Time)","491.95","496.00","463.80","468.15","445.59","54.55","50.74","52.53","455.48","447787.00","455.98"
"Wed Oct 15 2025 00:00:00 GMT+0530 (India Standard Time)","472.00","482.80","425.00","440.25","445.56","47.06","47.66","47.75","456.03","1649726.00","455.20"
"Thu Oct 16 2025 00:00:00 GMT+0530 (India Standard Time)","440.20","445.95","438.10","441.85","445.56","47.50","47.85","48.03","456.38","464127.00","454.01"
"Fri Oct 17 2025 00:00:00 GMT+0530 (India Standard Time)","446.00","447.35","437.75","443.70","445.77","48.01","48.06","48.36","455.76","531026.00","452.39"
"Mon Oct 20 2025 00:00:00 GMT+0530 (India Standard Time)","445.45","467.55","443.10","462.70","446.31","53.01","50.22","51.58","455.28","418491.00","451.36"
"Tue Oct 21 2025 00:00:00 GMT+0530 (India Standard Time)","463.90","467.85","460.10","464.05","446.95","53.34","50.37","51.80","455.40","74012.00","450.61"
"Thu Oct 23 2025 00:00:00 GMT+0530 (India Standard Time)","463.20","466.35","451.60","453.95","447.52","50.52","49.24","50.05","455.30","177186.00","449.52"
"Fri Oct 24 2025 00:00:00 GMT+0530 (India Standard Time)","454.80","457.80","448.50","450.85","448.09","49.67","48.90","49.52","455.16","116190.00","448.84"
"Mon Oct 27 2025 00:00:00 GMT+0530 (India Standard Time)","450.85","456.75","449.00","450.00","448.55","49.43","48.81","49.38","454.75","123898.00","448.53"
"Tue Oct 28 2025 00:00:00 GMT+0530 (India Standard Time)","451.50","458.75","445.20","456.70","449.12","51.37","49.59","50.57","454.27","206075.00","448.74"
"Wed Oct 29 2025 00:00:00 GMT+0530 (India Standard Time)","457.05","459.25","452.05","456.55","449.82","51.32","49.57","50.54","453.53","62149.00","449.60"
"Thu Oct 30 2025 00:00:00 GMT+0530 (India Standard Time)","457.30","465.00","454.10","461.20","450.49","52.70","50.12","51.38","452.78","95203.00","451.51"
"Fri Oct 31 2025 00:00:00 GMT+0530 (India Standard Time)","461.20","463.00","450.50","451.85","450.79","49.72","49.03","49.64","451.89","79030.00","453.00"
"Mon Nov 03 2025 00:00:00 GMT+0530 (India Standard Time)","451.90","463.40","451.90","459.45","451.11","52.04","49.93","51.03","451.12","108287.00","454.40"
"Tue Nov 04 2025 00:00:00 GMT+0530 (India Standard Time)","455.00","462.70","451.95","454.30","451.36","50.39","49.33","50.06","450.73","111141.00","455.42"
"Thu Nov 06 2025 00:00:00 GMT+0530 (India Standard Time)","453.70","458.00","442.00","444.90","451.43","47.50","48.25","48.35","450.36","84256.00","456.22"
"Fri Nov 07 2025 00:00:00 GMT+0530 (India Standard Time)","441.00","447.00","436.80","443.70","451.42","47.13","48.11","48.14","450.08","112529.00","455.97"
"Mon Nov 10 2025 00:00:00 GMT+0530 (India Standard Time)","446.95","448.90","440.35","443.50","451.64","47.07","48.09","48.10","450.25","76865.00","455.66"
"Tue Nov 11 2025 00:00:00 GMT+0530 (India Standard Time)","441.90","442.15","435.40","436.25","451.97","44.80","47.25","46.77","450.83","136665.00","454.84"
"Wed Nov 12 2025 00:00:00 GMT+0530 (India Standard Time)","439.55","452.80","434.35","447.40","452.42","48.79","48.65","49.00","451.59","234650.00","453.73"
"Thu Nov 13 2025 00:00:00 GMT+0530 (India Standard Time)","445.00","447.05","436.30","437.25","452.69","45.64","47.48","47.15","452.01","175691.00","451.68"
"Fri Nov 14 2025 00:00:00 GMT+0530 (India Standard Time)","436.75","441.60","426.25","428.85","452.63","43.21","46.54","45.68","451.96","219740.00","449.65"
"Mon Nov 17 2025 00:00:00 GMT+0530 (India Standard Time)","434.90","449.45","429.25","447.60","452.69","49.50","48.85","49.31","452.35","263695.00","449.48"
"Tue Nov 18 2025 00:00:00 GMT+0530 (India Standard Time)","453.00","461.90","440.65","454.85","453.09","51.68","49.70","50.62","452.51","415866.00","450.01"
"Wed Nov 19 2025 00:00:00 GMT+0530 (India Standard Time)","454.00","454.00","441.00","446.20","453.38","49.03","48.72","49.06","452.40","145223.00","450.19"
"Thu Nov 20 2025 00:00:00 GMT+0530 (India Standard Time)","441.30","451.10","441.30","444.60","453.05","48.55","48.53","48.78","452.10","96671.00","449.54"
"Fri Nov 21 2025 00:00:00 GMT+0530 (India Standard Time)","444.45","444.45","436.50","438.35","452.45","46.67","47.82","47.66","451.09","59547.00","448.37"
"Mon Nov 24 2025 00:00:00 GMT+0530 (India Standard Time)","436.15","436.70","406.75","420.05","451.65","41.69","45.82","44.59","448.98","770272.00","446.67"
"Tue Nov 25 2025 00:00:00 GMT+0530 (India Standard Time)","420.85","436.20","420.85","432.85","451.09","45.92","47.39","47.04","447.34","185253.00","445.66"
"Wed Nov 26 2025 00:00:00 GMT+0530 (India Standard Time)","432.00","435.45","425.45","431.95","450.58","45.68","47.29","46.89","446.68","186535.00","444.70"
"Thu Nov 27 2025 00:00:00 GMT+0530 (India Standard Time)","433.95","438.55","428.85","433.50","449.99","46.20","47.48","47.19","446.38","122600.00","443.71"
"Fri Nov 28 2025 00:00:00 GMT+0530 (India Standard Time)","433.50","439.00","424.10","429.15","449.26","44.93","47.00","46.44","445.95","150562.00","442.48"
"Mon Dec 01 2025 00:00:00 GMT+0530 (India Standard Time)","430.20","435.20","428.45","430.10","448.33","45.28","47.12","46.63","445.00","70598.00","441.08"
"Tue Dec 02 2025 00:00:00 GMT+0530 (India Standard Time)","429.00","435.60","425.40","433.15","447.36","46.40","47.51","47.25","443.83","93197.00","440.01"
"Wed Dec 03 2025 00:00:00 GMT+0530 (India Standard Time)","432.65","438.05","430.50","434.10","446.44","46.76","47.63","47.45","443.01","113951.00","438.85"
"Thu Dec 04 2025 00:00:00 GMT+0530 (India Standard Time)","434.15","440.40","429.05","430.00","445.50","45.39","47.15","46.68","442.32","107409.00","437.73"
"Fri Dec 05 2025 00:00:00 GMT+0530 (India Standard Time)","429.00","435.00","424.00","426.95","444.74","44.37","46.79","46.10","441.49","96439.00","436.82"
"Mon Dec 08 2025 00:00:00 GMT+0530 (India Standard Time)","426.95","430.65","415.50","417.65","443.99","41.39","45.71","44.39","440.34","139503.00","435.75"
"Tue Dec 09 2025 00:00:00 GMT+0530 (India Standard Time)","417.00","429.50","414.00","420.65","443.42","42.69","46.12","45.07","439.10","139056.00","434.66"
"Wed Dec 10 2025 00:00:00 GMT+0530 (India Standard Time)","420.65","430.10","413.20","417.75","443.05","41.75","45.78","44.53","437.68","97489.00","433.81"
"Thu Dec 11 2025 00:00:00 GMT+0530 (India Standard Time)","417.75","426.60","416.10","425.70","443.12","45.23","46.87","46.34","436.53","61885.00","432.77"
"Fri Dec 12 2025 00:00:00 GMT+0530 (India Standard Time)","425.70","430.05","423.00","428.35","443.20","46.35","47.23","46.93","435.42","72882.00","432.20"
"Mon Dec 15 2025 00:00:00 GMT+0530 (India Standard Time)","428.50","432.50","424.65","427.25","443.18","45.94","47.09","46.71","434.41","74489.00","432.03"
"Tue Dec 16 2025 00:00:00 GMT+0530 (India Standard Time)","425.10","425.65","419.15","419.80","442.91","43.22","46.18","45.23","433.46","72099.00","430.96"
"Wed Dec 17 2025 00:00:00 GMT+0530 (India Standard Time)","421.90","423.55","418.40","420.50","442.71","43.55","46.28","45.40","432.68","48188.00","429.42"
"Thu Dec 18 2025 00:00:00 GMT+0530 (India Standard Time)","420.50","423.60","416.00","422.60","442.18","44.56","46.58","45.91","431.84","52480.00","428.20"
"Fri Dec 19 2025 00:00:00 GMT+0530 (India Standard Time)","422.75","425.00","419.30","421.25","441.60","44.03","46.41","45.63","431.27","54392.00","427.07"
"Mon Dec 22 2025 00:00:00 GMT+0530 (India Standard Time)","424.00","432.50","422.00","424.85","441.03","45.85","46.94","46.53","430.61","97852.00","426.44"
"Tue Dec 23 2025 00:00:00 GMT+0530 (India Standard Time)","427.20","428.70","424.00","424.65","440.16","45.76","46.91","46.48","430.09","50469.00","426.66"
"Wed Dec 24 2025 00:00:00 GMT+0530 (India Standard Time)","424.65","442.40","424.05","425.85","439.10","46.40","47.09","46.79","430.04","224225.00","426.60"
"Fri Dec 26 2025 00:00:00 GMT+0530 (India Standard Time)","426.30","427.95","420.00","421.45","438.08","44.39","46.51","45.79","429.36","55389.00","426.20"
"Mon Dec 29 2025 00:00:00 GMT+0530 (India Standard Time)","423.00","425.00","411.75","414.00","437.46","41.21","45.53","44.14","428.10","100202.00","425.37"
"Tue Dec 30 2025 00:00:00 GMT+0530 (India Standard Time)","412.60","418.60","410.95","411.80","436.89","40.32","45.24","43.67","426.91","95899.00","424.56"
"Wed Dec 31 2025 00:00:00 GMT+0530 (India Standard Time)","412.00","418.15","412.00","415.75","436.33","42.67","45.86","44.77","425.82","66828.00","423.82"
"Thu Jan 01 2026 00:00:00 GMT+0530 (India Standard Time)","415.55","417.90","412.80","414.60","435.45","42.16","45.71","44.51","424.94","58809.00","423.01"
"Fri Jan 02 2026 00:00:00 GMT+0530 (India Standard Time)","414.75","417.70","413.90","415.85","434.49","42.93","45.91","44.87","424.75","54963.00","422.14"
"Mon Jan 05 2026 00:00:00 GMT+0530 (India Standard Time)","416.75","424.00","413.00","416.05","433.70","43.06","45.94","44.93","424.31","101621.00","421.42"
"Tue Jan 06 2026 00:00:00 GMT+0530 (India Standard Time)","416.20","417.35","410.00","411.45","432.92","40.85","45.31","43.82","423.67","73169.00","420.68"
"Wed Jan 07 2026 00:00:00 GMT+0530 (India Standard Time)","410.70","416.45","407.15","408.05","432.09","39.29","44.84","43.02","422.84","116305.00","420.18"
"Thu Jan 08 2026 00:00:00 GMT+0530 (India Standard Time)","408.55","416.50","402.00","413.10","431.22","42.71","45.69","44.57","422.12","323129.00","419.70"
"Fri Jan 09 2026 00:00:00 GMT+0530 (India Standard Time)","418.00","418.00","405.10","406.10","430.28","39.47","44.71","42.91","421.35","112081.00","419.18"
"Mon Jan 12 2026 00:00:00 GMT+0530 (India Standard Time)","405.00","411.80","401.40","406.75","429.20","39.91","44.82","43.11","420.47","225071.00","418.38"
"Tue Jan 13 2026 00:00:00 GMT+0530 (India Standard Time)","407.95","414.45","398.50","399.85","428.18","36.90","43.87","41.50","419.40","183217.00","417.23"
"Wed Jan 14 2026 00:00:00 GMT+0530 (India Standard Time)","398.10","402.50","393.40","397.30","426.96","35.84","43.52","40.92","418.14","96304.00","415.78"
"Fri Jan 16 2026 00:00:00 GMT+0530 (India Standard Time)","395.35","399.50","389.30","392.55","425.71","33.95","42.88","39.85","416.89","190457.00","414.47"
"Mon Jan 19 2026 00:00:00 GMT+0530 (India Standard Time)","390.00","390.75","382.00","384.35","424.47","30.99","41.79","38.08","415.62","220699.00","412.78"
"Tue Jan 20 2026 00:00:00 GMT+0530 (India Standard Time)","384.00","385.60","361.25","366.30","423.01","25.78","39.54","34.61","413.82","169926.00","410.34"
"Wed Jan 21 2026 00:00:00 GMT+0530 (India Standard Time)","352.55","367.05","345.80","362.65","421.32","24.89","39.11","33.96","411.61","471891.00","407.38"
"Thu Jan 22 2026 00:00:00 GMT+0530 (India Standard Time)","364.50","370.70","358.35","366.95","419.89","27.96","39.90","35.42","409.56","151844.00","404.51"
"Fri Jan 23 2026 00:00:00 GMT+0530 (India Standard Time)","368.00","369.00","355.25","359.75","418.20","26.09","39.03","34.12","407.21","199758.00","401.43"
"Tue Jan 27 2026 00:00:00 GMT+0530 (India Standard Time)","355.00","359.35","347.15","350.05","416.44","23.83","37.91","32.48","404.50","96006.00","397.72"
"Wed Jan 28 2026 00:00:00 GMT+0530 (India Standard Time)","351.35","356.80","348.50","352.75","414.87","25.71","38.41","33.40","402.04","107755.00","394.39"
"Thu Jan 29 2026 00:00:00 GMT+0530 (India Standard Time)","353.00","368.90","351.20","365.25","413.25","33.67","40.68","37.46","399.93","189819.00","391.84"
"Fri Jan 30 2026 00:00:00 GMT+0530 (India Standard Time)","362.95","382.00","360.70","374.55","411.65","38.79","42.29","40.25","398.21","191426.00","389.92"
"Sun Feb 01 2026 00:00:00 GMT+0530 (India Standard Time)","374.55","380.80","365.00","369.50","410.14","37.16","41.66","39.27","396.42","109958.00","387.81"
"Mon Feb 02 2026 00:00:00 GMT+0530 (India Standard Time)","367.00","367.00","357.00","361.00","408.46","34.58","40.63","37.68","394.10","115344.00","385.27"
"Tue Feb 03 2026 00:00:00 GMT+0530 (India Standard Time)","397.20","397.20","375.10","385.45","407.38","45.91","44.64","44.33","392.68","274313.00","383.84"
"Wed Feb 04 2026 00:00:00 GMT+0530 (India Standard Time)","383.45","387.95","369.00","370.20","406.45","41.23","42.80","41.49","390.71","154795.00","381.79"
"Thu Feb 05 2026 00:00:00 GMT+0530 (India Standard Time)","373.00","380.00","356.70","357.85","405.10","37.95","41.40","39.39","388.63","290011.00","379.44"
"Fri Feb 06 2026 00:00:00 GMT+0530 (India Standard Time)","360.05","360.05","344.55","345.80","403.46","35.08","40.10","37.48","386.25","500799.00","376.54"
"Mon Feb 09 2026 00:00:00 GMT+0530 (India Standard Time)","347.45","365.00","347.45","360.70","401.96","40.88","42.38","41.11","384.24","316379.00","374.03"
"Tue Feb 10 2026 00:00:00 GMT+0530 (India Standard Time)","360.65","375.95","357.05","365.80","400.67","42.71","43.14","42.29","382.49","321499.00","372.00"
"Wed Feb 11 2026 00:00:00 GMT+0530 (India Standard Time)","365.80","366.20","356.60","360.15","399.27","41.22","42.51","41.34","380.56","231208.00","369.81"
"Thu Feb 12 2026 00:00:00 GMT+0530 (India Standard Time)","358.75","367.20","353.85","364.45","397.88","42.82","43.15","42.35","378.63","203585.00","367.87"
"Fri Feb 13 2026 00:00:00 GMT+0530 (India Standard Time)","364.40","366.80","358.70","363.35","396.46","42.51","43.03","42.16","376.68","111824.00","366.23"
"Mon Feb 16 2026 00:00:00 GMT+0530 (India Standard Time)","358.05","363.00","354.60","355.90","394.96","40.43","42.18","40.88","374.71","88670.00","364.51"
"Tue Feb 17 2026 00:00:00 GMT+0530 (India Standard Time)","355.00","367.70","354.90","364.15","393.65","43.64","43.44","42.85","372.98","122630.00","363.43"
"Wed Feb 18 2026 00:00:00 GMT+0530 (India Standard Time)","364.15","368.40","352.85","358.25","392.43","41.94","42.76","41.83","371.17","135056.00","362.93"
"Thu Feb 19 2026 00:00:00 GMT+0530 (India Standard Time)","359.50","362.05","346.20","348.40","391.03","39.27","41.66","40.17","369.12","183693.00","362.54"
"Fri Feb 20 2026 00:00:00 GMT+0530 (India Standard Time)","348.00","348.70","334.75","336.60","389.42","36.35","40.39","38.31","366.74","274345.00","361.27"
"Mon Feb 23 2026 00:00:00 GMT+0530 (India Standard Time)","337.00","341.05","320.10","326.60","387.52","34.10","39.36","36.82","364.06","224766.00","359.73"
"Tue Feb 24 2026 00:00:00 GMT+0530 (India Standard Time)","322.15","325.35","316.05","319.00","385.37","32.49","38.60","35.73","361.29","177662.00","358.22"
"Wed Feb 25 2026 00:00:00 GMT+0530 (India Standard Time)","321.15","325.00","308.80","312.20","383.10","31.11","37.93","34.78","358.49","191361.00","356.40"
"Thu Feb 26 2026 00:00:00 GMT+0530 (India Standard Time)","311.00","322.55","311.00","312.55","380.97","31.27","37.98","34.88","355.98","169628.00","354.12"
"Fri Feb 27 2026 00:00:00 GMT+0530 (India Standard Time)","312.40","317.00","307.80","312.60","378.81","31.29","37.99","34.89","353.88","278138.00","351.24"
"Mon Mar 02 2026 00:00:00 GMT+0530 (India Standard Time)","300.00","311.15","300.00","303.20","376.47","29.31","37.05","33.56","351.96","224999.00","348.06"
"Wed Mar 04 2026 00:00:00 GMT+0530 (India Standard Time)","298.00","309.55","297.95","299.45","374.07","28.55","36.69","33.04","349.71","195253.00","345.20"
"Thu Mar 05 2026 00:00:00 GMT+0530 (India Standard Time)","303.00","306.40","294.10","299.60","371.55","28.63","36.71","33.08","347.53","171059.00","341.11"
"Fri Mar 06 2026 00:00:00 GMT+0530 (India Standard Time)","298.00","304.95","295.00","295.70","369.00","27.81","36.32","32.53","345.61","186985.00","337.47"
"Mon Mar 09 2026 00:00:00 GMT+0530 (India Standard Time)","291.65","292.70","282.60","288.05","366.16","26.25","35.57","31.47","343.29","205137.00","333.89"
"Tue Mar 10 2026 00:00:00 GMT+0530 (India Standard Time)","293.00","306.35","290.20","301.20","363.70","33.01","37.82","35.20","341.06","261274.00","331.54"
"Wed Mar 11 2026 00:00:00 GMT+0530 (India Standard Time)","303.00","326.95","299.00","312.45","361.63","38.11","39.66","38.16","338.93","516158.00","329.36"
"Thu Mar 12 2026 00:00:00 GMT+0530 (India Standard Time)","314.00","315.80","303.60","309.65","359.56","37.37","39.37","37.72","336.71","152024.00","326.67"
"Fri Mar 13 2026 00:00:00 GMT+0530 (India Standard Time)","307.20","312.40","300.60","305.30","357.37","36.22","38.91","37.04","334.73","159385.00","324.06"
"Mon Mar 16 2026 00:00:00 GMT+0530 (India Standard Time)","305.00","309.40","296.20","300.60","355.10","34.99","38.42","36.30","331.73","186112.00","321.16"
"Tue Mar 17 2026 00:00:00 GMT+0530 (India Standard Time)","309.00","348.00","286.15","296.55","352.92","33.95","38.00","35.68","329.39","31534417.00","318.49"
"Wed Mar 18 2026 00:00:00 GMT+0530 (India Standard Time)","298.00","328.60","295.00","313.70","350.83","41.65","40.80","40.17","327.52","18115782.00","316.36"
"Thu Mar 19 2026 00:00:00 GMT+0530 (India Standard Time)","310.25","315.70","295.80","298.60","348.63","37.60","39.21","37.78","325.85","2149687.00","313.48"
"Fri Mar 20 2026 00:00:00 GMT+0530 (India Standard Time)","303.10","310.00","300.35","303.80","346.52","39.72","40.03","39.06","323.96","996356.00","310.86"
"Mon Mar 23 2026 00:00:00 GMT+0530 (India Standard Time)","300.05","301.70","276.15","280.15","343.98","34.18","37.68","35.63","321.09","765989.00","307.69"
"Tue Mar 24 2026 00:00:00 GMT+0530 (India Standard Time)","290.10","290.10","276.50","284.10","341.48","35.75","38.30","36.59","318.33","775945.00","305.04"
"Wed Mar 25 2026 00:00:00 GMT+0530 (India Standard Time)","290.85","300.15","287.45","294.60","339.23","39.77","39.90","39.07","315.91","844648.00","303.41"
"Fri Mar 27 2026 00:00:00 GMT+0530 (India Standard Time)","290.00","298.70","271.50","278.90","336.81","36.21","38.38","36.85","313.05","2187659.00","301.60"
"Mon Mar 30 2026 00:00:00 GMT+0530 (India Standard Time)","276.00","281.00","265.20","272.30","334.31","34.84","37.76","35.97","310.02","862655.00","299.61"
"Wed Apr 01 2026 00:00:00 GMT+0530 (India Standard Time)","286.20","287.50","278.25","284.60","332.12","39.34","39.60","38.78","307.20","377163.00","298.14"
"Thu Apr 02 2026 00:00:00 GMT+0530 (India Standard Time)","280.60","281.15","269.00","280.10","329.96","38.32","39.17","38.15","304.24","327752.00","296.48"
"Mon Apr 06 2026 00:00:00 GMT+0530 (India Standard Time)","280.10","293.65","272.50","290.10","328.30","41.84","40.64","40.36","301.85","635348.00","295.63"
"Tue Apr 07 2026 00:00:00 GMT+0530 (India Standard Time)","289.00","289.00","282.10","284.10","326.80","40.39","40.05","39.49","299.89","298403.00","294.83"
"Wed Apr 08 2026 00:00:00 GMT+0530 (India Standard Time)","299.00","309.65","291.10","306.55","325.56","47.53","43.18","44.14","298.93","811456.00","295.00"
"Thu Apr 09 2026 00:00:00 GMT+0530 (India Standard Time)","307.70","322.15","303.00","310.25","324.57","48.59","43.67","44.86","298.63","707566.00","295.65"
"Fri Apr 10 2026 00:00:00 GMT+0530 (India Standard Time)","315.00","320.20","310.55","314.50","323.83","49.82","44.24","45.68","298.62","294086.00","296.94"
"Mon Apr 13 2026 00:00:00 GMT+0530 (India Standard Time)","307.00","319.95","301.20","317.20","323.05","50.61","44.60","46.21","298.53","485786.00","297.61"
"Wed Apr 15 2026 00:00:00 GMT+0530 (India Standard Time)","325.00","333.40","321.35","325.50","322.33","52.99","45.70","47.81","299.04","483233.00","298.26"
"Thu Apr 16 2026 00:00:00 GMT+0530 (India Standard Time)","329.80","340.00","321.90","336.10","321.54","55.84","47.07","49.77","300.04","563428.00","299.40"
"Fri Apr 17 2026 00:00:00 GMT+0530 (India Standard Time)","338.90","343.95","333.70","341.25","320.92","57.17","47.72","50.69","301.37","334102.00","301.02"
"Mon Apr 20 2026 00:00:00 GMT+0530 (India Standard Time)","345.00","349.95","334.10","345.80","320.57","58.33","48.29","51.50","302.91","488341.00","303.03"
"Tue Apr 21 2026 00:00:00 GMT+0530 (India Standard Time)","349.00","370.00","346.00","357.80","320.01","61.24","49.77","53.58","305.04","831912.00","305.47"
"Wed Apr 22 2026 00:00:00 GMT+0530 (India Standard Time)","345.00","384.60","340.00","375.25","319.90","64.98","51.80","56.37","307.85","4208427.00","308.13"
"Thu Apr 23 2026 00:00:00 GMT+0530 (India Standard Time)","375.00","384.90","364.35","381.55","320.20","66.21","52.51","57.32","310.63","944612.00","311.75"
"Fri Apr 24 2026 00:00:00 GMT+0530 (India Standard Time)","385.00","386.80","367.65","373.00","320.72","63.05","51.47","55.62","312.88","377861.00","315.11"
"Mon Apr 27 2026 00:00:00 GMT+0530 (India Standard Time)","383.50","403.00","383.50","400.10","321.48","68.12","54.39","59.53","315.94","1219610.00","320.45"
"Tue Apr 28 2026 00:00:00 GMT+0530 (India Standard Time)","403.00","406.00","390.00","392.55","322.07","65.49","53.48","58.06","319.16","449950.00","325.77"
"Wed Apr 29 2026 00:00:00 GMT+0530 (India Standard Time)","397.40","400.70","390.00","394.95","322.75","65.93","53.73","58.40","322.49","309580.00","330.57"
"Thu Apr 30 2026 00:00:00 GMT+0530 (India Standard Time)","393.85","395.50","382.05","393.10","323.32","65.26","53.50","58.03","325.34","233854.00","335.76"
"Mon May 04 2026 00:00:00 GMT+0530 (India Standard Time)","394.80","402.50","392.15","400.70","324.04","66.72","54.31","59.12","328.41","239204.00","341.77"
"Tue May 05 2026 00:00:00 GMT+0530 (India Standard Time)","400.60","415.00","396.20","411.55","325.07","68.70","55.44","60.61","332.14","372833.00","347.72"
"Wed May 06 2026 00:00:00 GMT+0530 (India Standard Time)","419.00","419.00","412.00","415.90","326.13","69.46","55.88","61.20","336.10","296573.00","354.30"
"Thu May 07 2026 00:00:00 GMT+0530 (India Standard Time)","419.00","428.00","414.80","424.80","327.40","70.98","56.78","62.37","340.97","265384.00","360.80"
"Fri May 08 2026 00:00:00 GMT+0530 (India Standard Time)","424.80","439.40","424.00","432.90","329.02","72.30","57.58","63.41","346.28","286356.00","367.82"
"Mon May 11 2026 00:00:00 GMT+0530 (India Standard Time)","423.05","430.00","416.05","424.40","330.71","68.85","56.46","61.58","350.90","267140.00","373.55"
"Tue May 12 2026 00:00:00 GMT+0530 (India Standard Time)","420.00","426.65","413.35","417.25","332.51","66.07","55.54","60.07","355.76","377184.00","378.65"
"Wed May 13 2026 00:00:00 GMT+0530 (India Standard Time)","415.00","425.75","411.00","420.45","334.50","66.70","55.87","60.52","360.98","196356.00","383.63"
"Thu May 14 2026 00:00:00 GMT+0530 (India Standard Time)","425.00","425.00","392.25","413.20","336.43","63.87","54.93","58.99","365.51","530608.00","388.25"
"Fri May 15 2026 00:00:00 GMT+0530 (India Standard Time)","414.95","419.50","403.55","416.25","338.41","64.54","55.25","59.43","370.38","227646.00","392.41"
"Mon May 18 2026 00:00:00 GMT+0530 (India Standard Time)","408.90","419.00","402.80","416.75","340.44","64.65","55.31","59.51","374.93","246750.00","396.23"
"Tue May 19 2026 00:00:00 GMT+0530 (India Standard Time)","423.00","427.15","415.05","421.00","342.77","65.62","55.76","60.14","379.79","142038.00","400.09"
"Wed May 20 2026 00:00:00 GMT+0530 (India Standard Time)","420.15","422.75","410.55","412.85","345.04","62.19","54.67","58.34","383.82","90996.00","403.47"
"Thu May 21 2026 00:00:00 GMT+0530 (India Standard Time)","417.00","421.50","412.00","413.60","347.34","62.38","54.76","58.46","387.53","71438.00","406.19"
"Fri May 22 2026 00:00:00 GMT+0530 (India Standard Time)","411.75","424.95","411.00","418.30","349.75","63.58","55.28","59.20","391.21","148528.00","408.54"
"Mon May 25 2026 00:00:00 GMT+0530 (India Standard Time)","424.00","441.85","418.00","437.85","352.67","68.05","57.35","62.10","395.49","392830.00","411.20"
"Tue May 26 2026 00:00:00 GMT+0530 (India Standard Time)","440.05","445.95","429.80","432.25","355.37","65.63","56.59","60.83","399.39","221892.00","414.06"
"Wed May 27 2026 00:00:00 GMT+0530 (India Standard Time)","436.00","439.00","427.80","429.05","357.75","64.26","56.15","60.10","402.93","94698.00","415.70"
"Fri May 29 2026 00:00:00 GMT+0530 (India Standard Time)","428.05","434.80","419.00","420.60","360.03","60.74","55.01","58.22","405.98","137745.00","417.06"
"Mon Jun 01 2026 00:00:00 GMT+0530 (India Standard Time)","425.10","437.65","419.10","433.00","362.52","63.79","56.33","60.11","409.07","149962.00","418.75"
"Tue Jun 02 2026 00:00:00 GMT+0530 (India Standard Time)","433.00","471.55","426.55","463.90","365.62","69.92","59.37","64.25","412.50","727905.00","421.87"
"Wed Jun 03 2026 00:00:00 GMT+0530 (India Standard Time)","462.00","462.40","445.50","449.45","368.52","64.56","57.47","61.19","415.57","245534.00","424.38"
"Thu Jun 04 2026 00:00:00 GMT+0530 (India Standard Time)","450.00","467.80","448.00","457.80","371.42","66.13","58.25","62.26","418.46","222999.00","426.72"
"Fri Jun 05 2026 00:00:00 GMT+0530 (India Standard Time)","464.60","465.30","450.00","453.40","374.48","64.54","57.68","61.35","421.33","117332.00","428.62"
"Mon Jun 08 2026 00:00:00 GMT+0530 (India Standard Time)","448.05","453.00","431.15","435.20","377.17","58.45","55.39","57.74","422.91","193054.00","429.36"
"Tue Jun 09 2026 00:00:00 GMT+0530 (India Standard Time)","439.85","447.35","436.75","443.65","380.33","60.28","56.21","58.89","424.57","199510.00","429.86"
"Wed Jun 10 2026 00:00:00 GMT+0530 (India Standard Time)","446.00","452.35","431.80","436.55","383.45","58.02","55.34","57.53","426.17","206316.00","430.61"
"Thu Jun 11 2026 00:00:00 GMT+0530 (India Standard Time)","439.60","440.00","426.50","431.85","386.21","56.55","54.77","56.65","427.69","158263.00","431.27"
"Fri Jun 12 2026 00:00:00 GMT+0530 (India Standard Time)","435.85","454.90","435.85","449.70","389.52","60.54","56.51","59.11","429.42","243804.00","432.61"
"Mon Jun 15 2026 00:00:00 GMT+0530 (India Standard Time)","456.00","490.15","453.00","468.55","393.47","64.18","58.24","61.50","431.67","644174.00","435.43"
"Tue Jun 16 2026 00:00:00 GMT+0530 (India Standard Time)","470.10","474.90","460.10","468.70","397.16","64.21","58.25","61.51","433.54","121982.00","438.01"
"Wed Jun 17 2026 00:00:00 GMT+0530 (India Standard Time)","469.00","482.40","462.20","464.90","400.98","62.92","57.77","60.76","435.23","336655.00","440.62"
"Thu Jun 18 2026 00:00:00 GMT+0530 (India Standard Time)","468.35","473.35","461.15","469.10","404.61","63.76","58.16","61.30","436.50","150103.00","442.86"
"Fri Jun 19 2026 00:00:00 GMT+0530 (India Standard Time)","467.55","475.00","463.05","473.65","408.34","64.68","58.58","61.88","438.19","195204.00","445.55"
"Mon Jun 22 2026 00:00:00 GMT+0530 (India Standard Time)","474.25","499.30","471.25","482.80","411.95","66.47","59.41","63.04","440.52","452118.00","448.83"
"Tue Jun 23 2026 00:00:00 GMT+0530 (India Standard Time)","487.90","487.90","467.10","469.70","415.20","61.77","57.72","60.35","442.51","196677.00","451.47"
"Wed Jun 24 2026 00:00:00 GMT+0530 (India Standard Time)","469.00","469.45","454.10","467.00","418.18","60.83","57.38","59.81","444.42","246502.00","452.93"
"Thu Jun 25 2026 00:00:00 GMT+0530 (India Standard Time)","465.00","467.70","456.10","465.00","421.18","60.13","57.12","59.40","446.20","151593.00","454.28"
"Mon Jun 29 2026 00:00:00 GMT+0530 (India Standard Time)","464.00","472.00","450.75","461.25","423.87","58.79","56.64","58.63","447.93","394956.00","455.71"
"Tue Jun 30 2026 00:00:00 GMT+0530 (India Standard Time)","459.10","472.00","454.65","460.30","426.44","58.44","56.51","58.44","449.40","155061.00","457.52"
"Wed Jul 01 2026 00:00:00 GMT+0530 (India Standard Time)","465.00","469.00","455.20","464.25","428.90","59.48","56.91","59.02","451.10","140133.00","459.07"
"Thu Jul 02 2026 00:00:00 GMT+0530 (India Standard Time)","462.15","483.45","459.90","471.85","431.46","61.44","57.67","60.14","453.10","195085.00","459.80"
"Fri Jul 03 2026 00:00:00 GMT+0530 (India Standard Time)","480.10","523.95","476.60","509.40","434.40","69.17","61.10","64.98","456.14","2531049.00","462.33"
"Mon Jul 06 2026 00:00:00 GMT+0530 (India Standard Time)","510.00","518.00","496.00","502.00","437.11","66.41","60.12","63.42","458.74","361199.00","464.55"
"Tue Jul 07 2026 00:00:00 GMT+0530 (India Standard Time)","505.25","546.80","505.25","536.80","440.18","71.93","62.97","67.23","462.09","2368760.00","468.16"
"Wed Jul 08 2026 00:00:00 GMT+0530 (India Standard Time)","530.00","552.00","513.00","521.10","443.21","66.74","60.97","64.13","465.54","1261030.00","472.36"
"Thu Jul 09 2026 00:00:00 GMT+0530 (India Standard Time)","525.95","548.00","525.95","538.30","446.03","69.29","62.30","65.90","469.56","339633.00","476.88"
"Fri Jul 10 2026 00:00:00 GMT+0530 (India Standard Time)","545.85","569.55","526.40","545.65","449.06","70.31","62.86","66.63","473.75","573927.00","482.00"
"Mon Jul 13 2026 00:00:00 GMT+0530 (India Standard Time)","540.55","554.30","512.15","525.65","451.75","64.21","60.41","62.89","476.49","702854.00","486.61"
"Tue Jul 14 2026 00:00:00 GMT+0530 (India Standard Time)","528.20","538.00","521.55","532.65","454.55","65.31","60.95","63.62","479.29","297321.00","490.59"
"Wed Jul 15 2026 00:00:00 GMT+0530 (India Standard Time)","535.00","542.85","529.50","538.50","457.32","66.23","61.40","64.23","482.11","195358.00","493.80"
"Thu Jul 16 2026 00:00:00 GMT+0530 (India Standard Time)","543.20","591.00","543.20","586.90","460.69","72.53","64.81","68.69","486.31","3075266.00","498.98"
"Fri Jul 17 2026 00:00:00 GMT+0530 (India Standard Time)","593.00","602.20","559.40","578.65","463.97","70.19","63.83","67.22","491.32","944732.00","504.27"
"Mon Jul 20 2026 00:00:00 GMT+0530 (India Standard Time)","572.00","602.95","570.20","596.05","467.33","72.18","64.97","68.68","496.57","684761.00","510.14"
"Tue Jul 21 2026 00:00:00 GMT+0530 (India Standard Time)","594.55","628.45","586.75","623.00","470.99","74.90","66.63","70.74","502.73","894767.00","516.99"
"Wed Jul 22 2026 00:00:00 GMT+0530 (India Standard Time)","623.00","734.95","621.10","698.15","476.28","80.50","70.58","75.40","511.73","12932202.00","526.71"
"Thu Jul 23 2026 00:00:00 GMT+0530 (India Standard Time)","695.15","701.25","661.80","665.10","481.37","72.98","67.03","70.34","519.92","1065308.00","536.22"
"Fri Jul 24 2026 00:00:00 GMT+0530 (India Standard Time)","655.15","680.85","654.05","670.45","486.37","73.41","67.30","70.67","526.99","740669.00","545.96"